date,store_id,state_id,dept_id,total_sales,predicted_sales,absolute_error
2016-02-01,CA_1,CA,FOODS_1,314,286.0700492295873,27.929950770412688
2016-02-01,CA_1,CA,FOODS_2,548,561.4468048491686,13.446804849168643
2016-02-01,CA_1,CA,FOODS_3,1744,1829.6335187177185,85.63351871771852
2016-02-01,CA_1,CA,HOBBIES_1,498,513.7447517229173,15.744751722917272
2016-02-01,CA_1,CA,HOBBIES_2,29,44.06326411604092,15.06326411604092
2016-02-01,CA_1,CA,HOUSEHOLD_1,781,789.3643488171847,8.364348817184691
2016-02-01,CA_1,CA,HOUSEHOLD_2,161,166.36254380805462,5.362543808054625
2016-02-01,CA_2,CA,FOODS_1,391,434.4504561931727,43.45045619317273
2016-02-01,CA_2,CA,FOODS_2,422,498.5849867645691,76.58498676456912
2016-02-01,CA_2,CA,FOODS_3,1356,1489.0300389278193,133.0300389278193
2016-02-01,CA_2,CA,HOBBIES_1,280,336.8441055749429,56.84410557494289
2016-02-01,CA_2,CA,HOBBIES_2,27,45.85209384083205,18.852093840832048
2016-02-01,CA_2,CA,HOUSEHOLD_1,741,788.6471819249908,47.64718192499083
2016-02-01,CA_2,CA,HOUSEHOLD_2,237,251.0619953817693,14.061995381769293
2016-02-01,CA_3,CA,FOODS_1,418,429.3687198487168,11.368719848716808
2016-02-01,CA_3,CA,FOODS_2,744,794.7072711560552,50.707271156055185
2016-02-01,CA_3,CA,FOODS_3,2817,2824.1726193033205,7.172619303320516
2016-02-01,CA_3,CA,HOBBIES_1,697,595.4545034267389,101.54549657326106
2016-02-01,CA_3,CA,HOBBIES_2,43,45.57160582794525,2.5716058279452483
2016-02-01,CA_3,CA,HOUSEHOLD_1,1497,1446.930295257722,50.06970474227796
2016-02-01,CA_3,CA,HOUSEHOLD_2,230,263.5190828790794,33.519082879079406
2016-02-01,CA_4,CA,FOODS_1,214,224.84931705683596,10.849317056835957
2016-02-01,CA_4,CA,FOODS_2,416,379.9687301255828,36.031269874417205
2016-02-01,CA_4,CA,FOODS_3,1117,1054.8530581899142,62.146941810085764
2016-02-01,CA_4,CA,HOBBIES_1,364,392.2918790347875,28.291879034787485
2016-02-01,CA_4,CA,HOBBIES_2,8,17.052898327721156,9.052898327721156
2016-02-01,CA_4,CA,HOUSEHOLD_1,405,387.82681273802876,17.173187261971236
2016-02-01,CA_4,CA,HOUSEHOLD_2,119,110.43941747438255,8.560582525617448
2016-02-01,TX_1,TX,FOODS_1,212,206.18925068015835,5.810749319841648
2016-02-01,TX_1,TX,FOODS_2,414,372.7458623545542,41.25413764544578
2016-02-01,TX_1,TX,FOODS_3,1395,1004.9114453303125,390.0885546696875
2016-02-01,TX_1,TX,HOBBIES_1,196,243.63084776347344,47.63084776347344
2016-02-01,TX_1,TX,HOBBIES_2,49,45.263161261309335,3.7368387386906647
2016-02-01,TX_1,TX,HOUSEHOLD_1,792,716.6098105816326,75.39018941836741
2016-02-01,TX_1,TX,HOUSEHOLD_2,155,152.9283784435979,2.071621556402107
2016-02-01,TX_2,TX,FOODS_1,223,240.35900232610066,17.359002326100665
2016-02-01,TX_2,TX,FOODS_2,615,486.8296271275074,128.17037287249258
2016-02-01,TX_2,TX,FOODS_3,1945,1641.8852719887739,303.11472801122613
2016-02-01,TX_2,TX,HOBBIES_1,334,302.6489716719398,31.35102832806018
2016-02-01,TX_2,TX,HOBBIES_2,76,61.692313135586026,14.307686864413974
2016-02-01,TX_2,TX,HOUSEHOLD_1,892,891.1748278430856,0.825172156914391
2016-02-01,TX_2,TX,HOUSEHOLD_2,140,163.1895897078697,23.189589707869686
2016-02-01,TX_3,TX,FOODS_1,276,306.68005624925803,30.68005624925803
2016-02-01,TX_3,TX,FOODS_2,702,498.02650616208535,203.97349383791465
2016-02-01,TX_3,TX,FOODS_3,1816,1530.023126049005,285.976873950995
2016-02-01,TX_3,TX,HOBBIES_1,313,331.1396846933526,18.139684693352592
2016-02-01,TX_3,TX,HOBBIES_2,98,63.6887949794317,34.3112050205683
2016-02-01,TX_3,TX,HOUSEHOLD_1,903,783.8234453650276,119.17655463497238
2016-02-01,TX_3,TX,HOUSEHOLD_2,154,132.30144379382492,21.698556206175084
2016-02-01,WI_1,WI,FOODS_1,281,327.480327285453,46.48032728545297
2016-02-01,WI_1,WI,FOODS_2,755,664.9516973307848,90.04830266921522
2016-02-01,WI_1,WI,FOODS_3,1583,1574.004523724225,8.99547627577499
2016-02-01,WI_1,WI,HOBBIES_1,403,409.3291113797378,6.32911137973781
2016-02-01,WI_1,WI,HOBBIES_2,23,24.17370142117021,1.173701421170211
2016-02-01,WI_1,WI,HOUSEHOLD_1,565,609.5077829525418,44.50778295254179
2016-02-01,WI_1,WI,HOUSEHOLD_2,130,147.25338518392203,17.253385183922035
2016-02-01,WI_2,WI,FOODS_1,291,352.4245849803415,61.42458498034148
2016-02-01,WI_2,WI,FOODS_2,998,1021.6039329338532,23.60393293385323
2016-02-01,WI_2,WI,FOODS_3,2109,1750.9735310919384,358.0264689080616
2016-02-01,WI_2,WI,HOBBIES_1,311,255.18878313852653,55.81121686147347
2016-02-01,WI_2,WI,HOBBIES_2,51,30.46605905891452,20.53394094108548
2016-02-01,WI_2,WI,HOUSEHOLD_1,1783,1144.6503904099088,638.3496095900912
2016-02-01,WI_2,WI,HOUSEHOLD_2,175,133.4928607818008,41.5071392181992
2016-02-01,WI_3,WI,FOODS_1,214,254.52144671793684,40.52144671793684
2016-02-01,WI_3,WI,FOODS_2,490,507.78508304974775,17.785083049747755
2016-02-01,WI_3,WI,FOODS_3,1870,1699.5954602228012,170.4045397771988
2016-02-01,WI_3,WI,HOBBIES_1,282,251.7774421201112,30.222557879888797
2016-02-01,WI_3,WI,HOBBIES_2,22,31.31559181200144,9.31559181200144
2016-02-01,WI_3,WI,HOUSEHOLD_1,902,726.0642708327582,175.9357291672418
2016-02-01,WI_3,WI,HOUSEHOLD_2,158,129.5509028413128,28.44909715868721
2016-02-02,CA_1,CA,FOODS_1,276,284.8954781256687,8.895478125668717
2016-02-02,CA_1,CA,FOODS_2,482,471.43887208727995,10.561127912720053
2016-02-02,CA_1,CA,FOODS_3,1709,1752.5185447139718,43.51854471397178
2016-02-02,CA_1,CA,HOBBIES_1,381,481.75972938014024,100.75972938014024
2016-02-02,CA_1,CA,HOBBIES_2,48,49.199130432773856,1.1991304327738561
2016-02-02,CA_1,CA,HOUSEHOLD_1,720,721.1360187632138,1.1360187632137695
2016-02-02,CA_1,CA,HOUSEHOLD_2,149,155.13748378835496,6.137483788354956
2016-02-02,CA_2,CA,FOODS_1,357,433.7890737426676,76.7890737426676
2016-02-02,CA_2,CA,FOODS_2,447,450.11724123821733,3.117241238217332
2016-02-02,CA_2,CA,FOODS_3,1434,1461.1785177342106,27.178517734210573
2016-02-02,CA_2,CA,HOBBIES_1,288,320.91510125137216,32.915101251372164
2016-02-02,CA_2,CA,HOBBIES_2,26,45.10286963235485,19.102869632354853
2016-02-02,CA_2,CA,HOUSEHOLD_1,601,715.4597241644776,114.45972416447762
2016-02-02,CA_2,CA,HOUSEHOLD_2,207,249.275006313363,42.27500631336301
2016-02-02,CA_3,CA,FOODS_1,415,430.62449470848054,15.62449470848054
2016-02-02,CA_3,CA,FOODS_2,739,737.4437830707315,1.556216929268544
2016-02-02,CA_3,CA,FOODS_3,2549,2767.8362727688127,218.8362727688127
2016-02-02,CA_3,CA,HOBBIES_1,525,639.4149834346024,114.41498343460239
2016-02-02,CA_3,CA,HOBBIES_2,45,46.71547667165227,1.7154766716522687
2016-02-02,CA_3,CA,HOUSEHOLD_1,1207,1431.6180963423062,224.61809634230622
2016-02-02,CA_3,CA,HOUSEHOLD_2,242,252.09774123392717,10.097741233927167
2016-02-02,CA_4,CA,FOODS_1,208,225.16814366272817,17.16814366272817
2016-02-02,CA_4,CA,FOODS_2,263,366.9636827192682,103.9636827192682
2016-02-02,CA_4,CA,FOODS_3,956,961.827525602739,5.827525602739001
2016-02-02,CA_4,CA,HOBBIES_1,395,449.17569598878697,54.17569598878697
2016-02-02,CA_4,CA,HOBBIES_2,26,22.002495815298683,3.9975041847013166
2016-02-02,CA_4,CA,HOUSEHOLD_1,360,375.2183659895282,15.218365989528195
2016-02-02,CA_4,CA,HOUSEHOLD_2,91,108.01059712963264,17.010597129632643
2016-02-02,TX_1,TX,FOODS_1,149,198.32785051156176,49.32785051156176
2016-02-02,TX_1,TX,FOODS_2,281,359.40047422184523,78.40047422184523
2016-02-02,TX_1,TX,FOODS_3,1155,1049.1176941803365,105.88230581966354
2016-02-02,TX_1,TX,HOBBIES_1,245,233.68497366834924,11.315026331650756
2016-02-02,TX_1,TX,HOBBIES_2,45,50.71897491588041,5.718974915880409
2016-02-02,TX_1,TX,HOUSEHOLD_1,665,692.438979052727,27.43897905272695
2016-02-02,TX_1,TX,HOUSEHOLD_2,141,148.6919082297891,7.691908229789107
2016-02-02,TX_2,TX,FOODS_1,204,235.99725718520133,31.997257185201335
2016-02-02,TX_2,TX,FOODS_2,390,473.4161609535417,83.41616095354169
2016-02-02,TX_2,TX,FOODS_3,1445,1574.1624313004986,129.1624313004986
2016-02-02,TX_2,TX,HOBBIES_1,267,304.9663149929678,37.966314992967796
2016-02-02,TX_2,TX,HOBBIES_2,39,62.46548177200245,23.46548177200245
2016-02-02,TX_2,TX,HOUSEHOLD_1,611,882.0308526840084,271.03085268400844
2016-02-02,TX_2,TX,HOUSEHOLD_2,165,157.04597505873377,7.954024941266226
2016-02-02,TX_3,TX,FOODS_1,236,293.7107681716299,57.71076817162992
2016-02-02,TX_3,TX,FOODS_2,391,497.71798959775083,106.71798959775083
2016-02-02,TX_3,TX,FOODS_3,1358,1487.6205108421595,129.62051084215955
2016-02-02,TX_3,TX,HOBBIES_1,270,328.7651575231305,58.76515752313048
2016-02-02,TX_3,TX,HOBBIES_2,40,60.681804269321376,20.681804269321376
2016-02-02,TX_3,TX,HOUSEHOLD_1,720,729.7706781720581,9.77067817205807
2016-02-02,TX_3,TX,HOUSEHOLD_2,126,130.02158566885046,4.021585668850463
2016-02-02,WI_1,WI,FOODS_1,253,325.20695607344084,72.20695607344084
2016-02-02,WI_1,WI,FOODS_2,420,689.6196582634213,269.61965826342134
2016-02-02,WI_1,WI,FOODS_3,1152,1472.600203112072,320.600203112072
2016-02-02,WI_1,WI,HOBBIES_1,199,394.42199201751725,195.42199201751725
2016-02-02,WI_1,WI,HOBBIES_2,9,23.268518341432873,14.268518341432873
2016-02-02,WI_1,WI,HOUSEHOLD_1,312,620.1880491750215,308.18804917502155
2016-02-02,WI_1,WI,HOUSEHOLD_2,115,142.95914510692538,27.959145106925376
2016-02-02,WI_2,WI,FOODS_1,297,346.5155643464688,49.51556434646881
2016-02-02,WI_2,WI,FOODS_2,1292,1081.3108036020928,210.68919639790715
2016-02-02,WI_2,WI,FOODS_3,2077,2316.60435570382,239.60435570382015
2016-02-02,WI_2,WI,HOBBIES_1,241,243.72763073951774,2.7276307395177355
2016-02-02,WI_2,WI,HOBBIES_2,40,36.18361847004624,3.816381529953759
2016-02-02,WI_2,WI,HOUSEHOLD_1,1112,1101.2148458416068,10.785154158393198
2016-02-02,WI_2,WI,HOUSEHOLD_2,110,130.74289261160905,20.74289261160905
2016-02-02,WI_3,WI,FOODS_1,205,249.28455281670233,44.28455281670233
2016-02-02,WI_3,WI,FOODS_2,458,548.7075683054969,90.70756830549692
2016-02-02,WI_3,WI,FOODS_3,1735,2276.423256493507,541.4232564935069
2016-02-02,WI_3,WI,HOBBIES_1,151,235.69901359964015,84.69901359964015
2016-02-02,WI_3,WI,HOBBIES_2,24,33.18377604868373,9.183776048683733
2016-02-02,WI_3,WI,HOUSEHOLD_1,541,724.1627038940143,183.16270389401427
2016-02-02,WI_3,WI,HOUSEHOLD_2,96,127.74368646283966,31.743686462839662
2016-02-03,CA_1,CA,FOODS_1,220,281.31340809159053,61.31340809159053
2016-02-03,CA_1,CA,FOODS_2,466,527.9580992522178,61.958099252217835
2016-02-03,CA_1,CA,FOODS_3,1851,1728.242748586082,122.75725141391808
2016-02-03,CA_1,CA,HOBBIES_1,589,456.01962739446645,132.98037260553355
2016-02-03,CA_1,CA,HOBBIES_2,49,46.70977311507718,2.2902268849228165
2016-02-03,CA_1,CA,HOUSEHOLD_1,670,678.0245394716851,8.024539471685102
2016-02-03,CA_1,CA,HOUSEHOLD_2,138,158.06923066655702,20.06923066655702
2016-02-03,CA_2,CA,FOODS_1,327,411.48669758702454,84.48669758702454
2016-02-03,CA_2,CA,FOODS_2,409,456.3807846629848,47.38078466298481
2016-02-03,CA_2,CA,FOODS_3,1334,1467.8650662445236,133.86506624452363
2016-02-03,CA_2,CA,HOBBIES_1,249,374.56736287987434,125.56736287987434
2016-02-03,CA_2,CA,HOBBIES_2,32,45.375552647233235,13.375552647233235
2016-02-03,CA_2,CA,HOUSEHOLD_1,736,687.4311461803135,48.568853819686524
2016-02-03,CA_2,CA,HOUSEHOLD_2,227,257.6148330284482,30.614833028448174
2016-02-03,CA_3,CA,FOODS_1,459,439.1648058134587,19.835194186541287
2016-02-03,CA_3,CA,FOODS_2,745,729.1245672506614,15.875432749338643
2016-02-03,CA_3,CA,FOODS_3,2505,2591.9590573406163,86.95905734061625
2016-02-03,CA_3,CA,HOBBIES_1,446,574.8123509614757,128.81235096147566
2016-02-03,CA_3,CA,HOBBIES_2,34,46.840889166964516,12.840889166964516
2016-02-03,CA_3,CA,HOUSEHOLD_1,1304,1411.7294417663222,107.72944176632222
2016-02-03,CA_3,CA,HOUSEHOLD_2,247,248.8436281317171,1.8436281317171108
2016-02-03,CA_4,CA,FOODS_1,248,234.60244649853394,13.397553501466064
2016-02-03,CA_4,CA,FOODS_2,305,331.8730587982029,26.87305879820292
2016-02-03,CA_4,CA,FOODS_3,967,947.4455556889895,19.554444311010457
2016-02-03,CA_4,CA,HOBBIES_1,350,428.18720069470737,78.18720069470737
2016-02-03,CA_4,CA,HOBBIES_2,21,16.635256603744136,4.364743396255864
2016-02-03,CA_4,CA,HOUSEHOLD_1,351,335.16421169235275,15.835788307647249
2016-02-03,CA_4,CA,HOUSEHOLD_2,93,106.76086008815153,13.760860088151531
2016-02-03,TX_1,TX,FOODS_1,267,197.42978127110618,69.57021872889382
2016-02-03,TX_1,TX,FOODS_2,346,366.0699986496735,20.069998649673494
2016-02-03,TX_1,TX,FOODS_3,1257,1064.0136575216682,192.98634247833184
2016-02-03,TX_1,TX,HOBBIES_1,267,240.17772066762566,26.822279332374336
2016-02-03,TX_1,TX,HOBBIES_2,59,56.63486613704461,2.365133862955389
2016-02-03,TX_1,TX,HOUSEHOLD_1,739,671.5537839982734,67.44621600172661
2016-02-03,TX_1,TX,HOUSEHOLD_2,146,147.8159490684135,1.815949068413488
2016-02-03,TX_2,TX,FOODS_1,232,253.45249363331993,21.452493633319932
2016-02-03,TX_2,TX,FOODS_2,457,425.19034988449056,31.80965011550944
2016-02-03,TX_2,TX,FOODS_3,1828,1563.9385985082151,264.06140149178486
2016-02-03,TX_2,TX,HOBBIES_1,263,279.18547916089244,16.18547916089244
2016-02-03,TX_2,TX,HOBBIES_2,49,64.95941098864748,15.959410988647477
2016-02-03,TX_2,TX,HOUSEHOLD_1,729,704.2887840198779,24.71121598012212
2016-02-03,TX_2,TX,HOUSEHOLD_2,164,160.94812229668653,3.0518777033134654
2016-02-03,TX_3,TX,FOODS_1,361,273.23764625955243,87.76235374044757
2016-02-03,TX_3,TX,FOODS_2,598,487.4742228298752,110.5257771701248
2016-02-03,TX_3,TX,FOODS_3,1717,1527.7692000130812,189.23079998691878
2016-02-03,TX_3,TX,HOBBIES_1,348,340.91473779975456,7.085262200245438
2016-02-03,TX_3,TX,HOBBIES_2,70,59.40350157764693,10.596498422353072
2016-02-03,TX_3,TX,HOUSEHOLD_1,841,768.6877981783259,72.31220182167408
2016-02-03,TX_3,TX,HOUSEHOLD_2,156,140.550771407865,15.449228592135
2016-02-03,WI_1,WI,FOODS_1,272,307.6179516582136,35.6179516582136
2016-02-03,WI_1,WI,FOODS_2,577,592.308415489352,15.308415489352
2016-02-03,WI_1,WI,FOODS_3,1363,1446.863986885142,83.86398688514191
2016-02-03,WI_1,WI,HOBBIES_1,277,339.15729294154085,62.157292941540845
2016-02-03,WI_1,WI,HOBBIES_2,54,26.885298865762937,27.114701134237063
2016-02-03,WI_1,WI,HOUSEHOLD_1,462,586.1079220611558,124.10792206115582
2016-02-03,WI_1,WI,HOUSEHOLD_2,130,143.9136784466703,13.913678446670303
2016-02-03,WI_2,WI,FOODS_1,335,365.0442691007037,30.044269100703673
2016-02-03,WI_2,WI,FOODS_2,1443,1156.854855774417,286.14514422558295
2016-02-03,WI_2,WI,FOODS_3,2318,2323.053685839604,5.053685839603986
2016-02-03,WI_2,WI,HOBBIES_1,267,254.49722373054027,12.50277626945973
2016-02-03,WI_2,WI,HOBBIES_2,35,37.97804055716086,2.9780405571608597
2016-02-03,WI_2,WI,HOUSEHOLD_1,1244,1124.3633768456725,119.63662315432748
2016-02-03,WI_2,WI,HOUSEHOLD_2,144,127.42975629412918,16.570243705870823
2016-02-03,WI_3,WI,FOODS_1,202,247.6907262044173,45.6907262044173
2016-02-03,WI_3,WI,FOODS_2,689,599.901965172532,89.09803482746804
2016-02-03,WI_3,WI,FOODS_3,2200,2191.2392773695515,8.760722630448527
2016-02-03,WI_3,WI,HOBBIES_1,241,240.54059280777463,0.4594071922253704
2016-02-03,WI_3,WI,HOBBIES_2,33,32.159424851351254,0.840575148648746
2016-02-03,WI_3,WI,HOUSEHOLD_1,633,675.5627274047691,42.562727404769134
2016-02-03,WI_3,WI,HOUSEHOLD_2,155,126.91199507925596,28.08800492074404
2016-02-04,CA_1,CA,FOODS_1,313,275.3235304491928,37.67646955080721
2016-02-04,CA_1,CA,FOODS_2,452,464.40576556334497,12.405765563344971
2016-02-04,CA_1,CA,FOODS_3,1851,1756.675946415908,94.3240535840921
2016-02-04,CA_1,CA,HOBBIES_1,464,461.1746296131677,2.825370386832276
2016-02-04,CA_1,CA,HOBBIES_2,27,45.678479957368154,18.678479957368154
2016-02-04,CA_1,CA,HOUSEHOLD_1,646,708.3930732585615,62.39307325856146
2016-02-04,CA_1,CA,HOUSEHOLD_2,175,162.2534089284631,12.746591071536898
2016-02-04,CA_2,CA,FOODS_1,386,393.6312198884182,7.631219888418173
2016-02-04,CA_2,CA,FOODS_2,376,407.2580145708286,31.258014570828607
2016-02-04,CA_2,CA,FOODS_3,1540,1458.4840812117548,81.51591878824524
2016-02-04,CA_2,CA,HOBBIES_1,282,294.58316771905123,12.583167719051232
2016-02-04,CA_2,CA,HOBBIES_2,45,44.5653237637359,0.434676236264103
2016-02-04,CA_2,CA,HOUSEHOLD_1,518,693.6001171288049,175.60011712880487
2016-02-04,CA_2,CA,HOUSEHOLD_2,186,243.77073112020688,57.770731120206875
2016-02-04,CA_3,CA,FOODS_1,421,405.171515686042,15.828484313957972
2016-02-04,CA_3,CA,FOODS_2,642,755.6693767685924,113.66937676859243
2016-02-04,CA_3,CA,FOODS_3,2745,2584.8537047377004,160.14629526229965
2016-02-04,CA_3,CA,HOBBIES_1,508,508.1279721490631,0.12797214906311183
2016-02-04,CA_3,CA,HOBBIES_2,34,46.12783542114655,12.12783542114655
2016-02-04,CA_3,CA,HOUSEHOLD_1,1305,1374.2519537302608,69.25195373026077
2016-02-04,CA_3,CA,HOUSEHOLD_2,296,238.13576438920177,57.86423561079823
2016-02-04,CA_4,CA,FOODS_1,210,223.82187356801649,13.821873568016485
2016-02-04,CA_4,CA,FOODS_2,291,308.0059461465107,17.005946146510723
2016-02-04,CA_4,CA,FOODS_3,857,957.7644282453175,100.7644282453175
2016-02-04,CA_4,CA,HOBBIES_1,382,389.6528441317137,7.652844131713721
2016-02-04,CA_4,CA,HOBBIES_2,18,18.797292725170543,0.7972927251705428
2016-02-04,CA_4,CA,HOUSEHOLD_1,384,356.53071550438176,27.46928449561824
2016-02-04,CA_4,CA,HOUSEHOLD_2,102,97.2301686076501,4.7698313923499
2016-02-04,TX_1,TX,FOODS_1,203,192.78174597598314,10.218254024016858
2016-02-04,TX_1,TX,FOODS_2,358,321.9833778761633,36.016622123836726
2016-02-04,TX_1,TX,FOODS_3,1114,1148.318439621375,34.31843962137509
2016-02-04,TX_1,TX,HOBBIES_1,218,212.29768301938017,5.702316980619827
2016-02-04,TX_1,TX,HOBBIES_2,36,49.60972810629229,13.609728106292287
2016-02-04,TX_1,TX,HOUSEHOLD_1,587,657.9529296833882,70.95292968338822
2016-02-04,TX_1,TX,HOUSEHOLD_2,129,140.8346021540472,11.83460215404719
2016-02-04,TX_2,TX,FOODS_1,158,208.21839671541287,50.218396715412865
2016-02-04,TX_2,TX,FOODS_2,373,427.2194207993044,54.21942079930437
2016-02-04,TX_2,TX,FOODS_3,1548,1659.1299089163222,111.12990891632217
2016-02-04,TX_2,TX,HOBBIES_1,287,285.8387547326358,1.1612452673642224
2016-02-04,TX_2,TX,HOBBIES_2,63,59.99966391890909,3.000336081090907
2016-02-04,TX_2,TX,HOUSEHOLD_1,658,740.597043156167,82.59704315616705
2016-02-04,TX_2,TX,HOUSEHOLD_2,158,156.61256427306904,1.3874357269309598
2016-02-04,TX_3,TX,FOODS_1,245,255.80629890715653,10.806298907156531
2016-02-04,TX_3,TX,FOODS_2,451,594.5298031251248,143.52980312512477
2016-02-04,TX_3,TX,FOODS_3,1422,1530.2827610070774,108.2827610070774
2016-02-04,TX_3,TX,HOBBIES_1,413,345.25934583725217,67.74065416274783
2016-02-04,TX_3,TX,HOBBIES_2,38,60.44188038487441,22.44188038487441
2016-02-04,TX_3,TX,HOUSEHOLD_1,698,769.0150534622182,71.01505346221825
2016-02-04,TX_3,TX,HOUSEHOLD_2,154,139.97935877623274,14.020641223767257
2016-02-04,WI_1,WI,FOODS_1,217,281.4723489415031,64.47234894150313
2016-02-04,WI_1,WI,FOODS_2,459,558.2019601577455,99.20196015774548
2016-02-04,WI_1,WI,FOODS_3,1239,1448.2426884046592,209.24268840465925
2016-02-04,WI_1,WI,HOBBIES_1,299,332.2475813121915,33.24758131219153
2016-02-04,WI_1,WI,HOBBIES_2,14,22.80211778892549,8.80211778892549
2016-02-04,WI_1,WI,HOUSEHOLD_1,469,495.30469676504146,26.304696765041456
2016-02-04,WI_1,WI,HOUSEHOLD_2,134,135.16511393144455,1.1651139314445516
2016-02-04,WI_2,WI,FOODS_1,230,300.4020811328709,70.40208113287088
2016-02-04,WI_2,WI,FOODS_2,966,1009.6326904305809,43.63269043058085
2016-02-04,WI_2,WI,FOODS_3,1958,1834.5221707290666,123.4778292709334
2016-02-04,WI_2,WI,HOBBIES_1,210,215.4042239767918,5.404223976791798
2016-02-04,WI_2,WI,HOBBIES_2,33,36.38688108578531,3.386881085785312
2016-02-04,WI_2,WI,HOUSEHOLD_1,1068,1192.4679683926015,124.4679683926015
2016-02-04,WI_2,WI,HOUSEHOLD_2,142,127.03234069089027,14.967659309109735
2016-02-04,WI_3,WI,FOODS_1,154,205.02977678128235,51.02977678128235
2016-02-04,WI_3,WI,FOODS_2,420,498.32823073948697,78.32823073948697
2016-02-04,WI_3,WI,FOODS_3,1701,1788.9664040086689,87.96640400866886
2016-02-04,WI_3,WI,HOBBIES_1,207,213.10543984578598,6.10543984578598
2016-02-04,WI_3,WI,HOBBIES_2,19,30.689276314601944,11.689276314601944
2016-02-04,WI_3,WI,HOUSEHOLD_1,593,629.3605794137093,36.360579413709274
2016-02-04,WI_3,WI,HOUSEHOLD_2,125,131.82509867551298,6.825098675512976
2016-02-05,CA_1,CA,FOODS_1,339,322.3536839447324,16.64631605526762
2016-02-05,CA_1,CA,FOODS_2,483,546.3478938768177,63.34789387681769
2016-02-05,CA_1,CA,FOODS_3,2055,2006.2498716558966,48.75012834410336
2016-02-05,CA_1,CA,HOBBIES_1,466,501.9283097100628,35.92830971006282
2016-02-05,CA_1,CA,HOBBIES_2,37,45.46843701514703,8.468437015147032
2016-02-05,CA_1,CA,HOUSEHOLD_1,779,780.2161791413586,1.216179141358566
2016-02-05,CA_1,CA,HOUSEHOLD_2,168,185.69741056274637,17.69741056274637
2016-02-05,CA_2,CA,FOODS_1,455,459.07788456920025,4.0778845692002506
2016-02-05,CA_2,CA,FOODS_2,480,474.08842969956606,5.911570300433937
2016-02-05,CA_2,CA,FOODS_3,1811,1761.3885851241412,49.61141487585883
2016-02-05,CA_2,CA,HOBBIES_1,457,350.297260788483,106.70273921151698
2016-02-05,CA_2,CA,HOBBIES_2,77,51.258148030074935,25.741851969925065
2016-02-05,CA_2,CA,HOUSEHOLD_1,754,695.7428910343049,58.257108965695124
2016-02-05,CA_2,CA,HOUSEHOLD_2,242,272.2619802307643,30.261980230764323
2016-02-05,CA_3,CA,FOODS_1,323,458.1076458333492,135.10764583334918
2016-02-05,CA_3,CA,FOODS_2,702,701.4108420079227,0.5891579920772756
2016-02-05,CA_3,CA,FOODS_3,2873,2756.8891126101544,116.11088738984563
2016-02-05,CA_3,CA,HOBBIES_1,456,562.6937065541451,106.69370655414514
2016-02-05,CA_3,CA,HOBBIES_2,31,43.65724572810122,12.657245728101223
2016-02-05,CA_3,CA,HOUSEHOLD_1,1325,1404.612314741362,79.61231474136207
2016-02-05,CA_3,CA,HOUSEHOLD_2,276,273.7219350547929,2.27806494520712
2016-02-05,CA_4,CA,FOODS_1,234,257.2905073661413,23.2905073661413
2016-02-05,CA_4,CA,FOODS_2,294,323.4935004460707,29.493500446070698
2016-02-05,CA_4,CA,FOODS_3,945,978.6952522551168,33.69525225511677
2016-02-05,CA_4,CA,HOBBIES_1,384,408.0155081973192,24.015508197319207
2016-02-05,CA_4,CA,HOBBIES_2,14,17.972630412511705,3.9726304125117053
2016-02-05,CA_4,CA,HOUSEHOLD_1,337,354.7646581043519,17.764658104351895
2016-02-05,CA_4,CA,HOUSEHOLD_2,108,108.67302884768736,0.6730288476873625
2016-02-05,TX_1,TX,FOODS_1,230,217.4314313683357,12.568568631664306
2016-02-05,TX_1,TX,FOODS_2,307,353.72879380864777,46.728793808647765
2016-02-05,TX_1,TX,FOODS_3,1342,1333.4506713965059,8.549328603494132
2016-02-05,TX_1,TX,HOBBIES_1,273,252.10970444576714,20.890295554232864
2016-02-05,TX_1,TX,HOBBIES_2,22,47.487689421538825,25.487689421538825
2016-02-05,TX_1,TX,HOUSEHOLD_1,618,714.4092425570909,96.40924255709092
2016-02-05,TX_1,TX,HOUSEHOLD_2,157,161.55316335792932,4.553163357929321
2016-02-05,TX_2,TX,FOODS_1,227,250.77970883396839,23.779708833968385
2016-02-05,TX_2,TX,FOODS_2,420,455.96818485293994,35.96818485293994
2016-02-05,TX_2,TX,FOODS_3,1766,1862.6887794376753,96.6887794376753
2016-02-05,TX_2,TX,HOBBIES_1,332,309.09728821112276,22.90271178887724
2016-02-05,TX_2,TX,HOBBIES_2,55,67.28910586006128,12.289105860061284
2016-02-05,TX_2,TX,HOUSEHOLD_1,769,763.2586825695124,5.741317430487584
2016-02-05,TX_2,TX,HOUSEHOLD_2,168,178.21569851302135,10.215698513021351
2016-02-05,TX_3,TX,FOODS_1,277,289.2225070912979,12.222507091297928
2016-02-05,TX_3,TX,FOODS_2,459,501.6068943152789,42.60689431527891
2016-02-05,TX_3,TX,FOODS_3,1576,1723.7093851898974,147.70938518989738
2016-02-05,TX_3,TX,HOBBIES_1,396,377.0660857894568,18.933914210543207
2016-02-05,TX_3,TX,HOBBIES_2,38,64.21651562441194,26.21651562441194
2016-02-05,TX_3,TX,HOUSEHOLD_1,750,790.2919915527378,40.29199155273784
2016-02-05,TX_3,TX,HOUSEHOLD_2,168,161.26614816739112,6.733851832608877
2016-02-05,WI_1,WI,FOODS_1,217,316.6081056820734,99.60810568207341
2016-02-05,WI_1,WI,FOODS_2,596,674.1629772382153,78.16297723821526
2016-02-05,WI_1,WI,FOODS_3,1694,1598.2442029617662,95.75579703823382
2016-02-05,WI_1,WI,HOBBIES_1,381,416.43428879948436,35.434288799484364
2016-02-05,WI_1,WI,HOBBIES_2,37,32.30163822213944,4.698361777860562
2016-02-05,WI_1,WI,HOUSEHOLD_1,590,640.1662368373029,50.166236837302904
2016-02-05,WI_1,WI,HOUSEHOLD_2,161,156.4529174628621,4.5470825371378965
2016-02-05,WI_2,WI,FOODS_1,323,306.1323693169,16.867630683100003
2016-02-05,WI_2,WI,FOODS_2,1135,1127.121100388567,7.8788996114330985
2016-02-05,WI_2,WI,FOODS_3,2499,2178.3407900271263,320.65920997287367
2016-02-05,WI_2,WI,HOBBIES_1,274,276.9078833367211,2.907883336721113
2016-02-05,WI_2,WI,HOBBIES_2,27,40.009681352374606,13.009681352374606
2016-02-05,WI_2,WI,HOUSEHOLD_1,1118,1199.3634580761172,81.36345807611724
2016-02-05,WI_2,WI,HOUSEHOLD_2,130,142.94086584031348,12.940865840313478
2016-02-05,WI_3,WI,FOODS_1,180,243.71106546412705,63.711065464127046
2016-02-05,WI_3,WI,FOODS_2,641,550.6155484483902,90.3844515516098
2016-02-05,WI_3,WI,FOODS_3,1839,2057.53031079754,218.5303107975401
2016-02-05,WI_3,WI,HOBBIES_1,242,274.65665323486576,32.65665323486576
2016-02-05,WI_3,WI,HOBBIES_2,40,31.961175456540992,8.038824543459008
2016-02-05,WI_3,WI,HOUSEHOLD_1,673,675.0699927798437,2.0699927798436875
2016-02-05,WI_3,WI,HOUSEHOLD_2,141,145.83734787066288,4.837347870662882
2016-02-06,CA_1,CA,FOODS_1,481,395.59350208826936,85.40649791173064
2016-02-06,CA_1,CA,FOODS_2,805,704.8972217208714,100.10277827912864
2016-02-06,CA_1,CA,FOODS_3,3014,2624.2240147848934,389.77598521510663
2016-02-06,CA_1,CA,HOBBIES_1,658,632.8541693012653,25.1458306987347
2016-02-06,CA_1,CA,HOBBIES_2,57,65.90879097373144,8.908790973731442
2016-02-06,CA_1,CA,HOUSEHOLD_1,1133,1096.439996635111,36.5600033648891
2016-02-06,CA_1,CA,HOUSEHOLD_2,264,244.7881024248385,19.211897575161487
2016-02-06,CA_2,CA,FOODS_1,688,592.5433663055499,95.45663369445015
2016-02-06,CA_2,CA,FOODS_2,614,685.8833452029327,71.88334520293267
2016-02-06,CA_2,CA,FOODS_3,2741,2370.153997464396,370.84600253560393
2016-02-06,CA_2,CA,HOBBIES_1,530,477.4525001086258,52.54749989137417
2016-02-06,CA_2,CA,HOBBIES_2,43,61.48719834600999,18.48719834600999
2016-02-06,CA_2,CA,HOUSEHOLD_1,1099,1111.31359484542,12.313594845420084
2016-02-06,CA_2,CA,HOUSEHOLD_2,435,404.2390480230928,30.760951976907222
2016-02-06,CA_3,CA,FOODS_1,405,481.61768923382,76.61768923381999
2016-02-06,CA_3,CA,FOODS_2,839,880.5080722323827,41.50807223238269
2016-02-06,CA_3,CA,FOODS_3,3533,3564.486786254183,31.48678625418279
2016-02-06,CA_3,CA,HOBBIES_1,695,653.1116261346782,41.888373865321796
2016-02-06,CA_3,CA,HOBBIES_2,40,51.43925730270166,11.439257302701662
2016-02-06,CA_3,CA,HOUSEHOLD_1,1552,1745.4010770593784,193.4010770593784
2016-02-06,CA_3,CA,HOUSEHOLD_2,283,325.3641546271968,42.3641546271968
2016-02-06,CA_4,CA,FOODS_1,268,277.9706554025212,9.970655402521174
2016-02-06,CA_4,CA,FOODS_2,434,402.1641750229175,31.835824977082495
2016-02-06,CA_4,CA,FOODS_3,1529,1225.0253362192764,303.97466378072363
2016-02-06,CA_4,CA,HOBBIES_1,454,519.1700434127441,65.17004341274412
2016-02-06,CA_4,CA,HOBBIES_2,24,20.007403473972666,3.9925965260273344
2016-02-06,CA_4,CA,HOUSEHOLD_1,470,457.17096484593674,12.829035154063263
2016-02-06,CA_4,CA,HOUSEHOLD_2,122,139.74602099813558,17.746020998135577
2016-02-06,TX_1,TX,FOODS_1,260,258.0424249618664,1.957575038133598
2016-02-06,TX_1,TX,FOODS_2,455,463.8630053641143,8.863005364114315
2016-02-06,TX_1,TX,FOODS_3,1743,1661.608922589489,81.39107741051089
2016-02-06,TX_1,TX,HOBBIES_1,242,310.875207514375,68.875207514375
2016-02-06,TX_1,TX,HOBBIES_2,48,57.03638273178015,9.03638273178015
2016-02-06,TX_1,TX,HOUSEHOLD_1,965,897.3298884220878,67.67011157791217
2016-02-06,TX_1,TX,HOUSEHOLD_2,226,211.91323111603324,14.086768883966755
2016-02-06,TX_2,TX,FOODS_1,298,272.3496325331113,25.650367466888724
2016-02-06,TX_2,TX,FOODS_2,663,588.77811878517,74.22188121482998
2016-02-06,TX_2,TX,FOODS_3,2547,2250.640139572721,296.3598604272788
2016-02-06,TX_2,TX,HOBBIES_1,350,367.94561755357137,17.945617553571367
2016-02-06,TX_2,TX,HOBBIES_2,78,71.53798469352454,6.462015306475465
2016-02-06,TX_2,TX,HOUSEHOLD_1,1059,1004.0915703496094,54.908429650390644
2016-02-06,TX_2,TX,HOUSEHOLD_2,245,235.73331859312296,9.26668140687704
2016-02-06,TX_3,TX,FOODS_1,216,309.7631303525695,93.76313035256948
2016-02-06,TX_3,TX,FOODS_2,593,648.1554539942111,55.15545399421114
2016-02-06,TX_3,TX,FOODS_3,2039,2049.48445441099,10.48445441099011
2016-02-06,TX_3,TX,HOBBIES_1,432,444.1507184926467,12.150718492646718
2016-02-06,TX_3,TX,HOBBIES_2,41,63.1555997006531,22.1555997006531
2016-02-06,TX_3,TX,HOUSEHOLD_1,922,977.3851829120907,55.38518291209073
2016-02-06,TX_3,TX,HOUSEHOLD_2,189,206.86298140028455,17.862981400284554
2016-02-06,WI_1,WI,FOODS_1,326,343.51757783925245,17.517577839252453
2016-02-06,WI_1,WI,FOODS_2,969,841.4465437977003,127.55345620229969
2016-02-06,WI_1,WI,FOODS_3,2404,2136.1799297021175,267.82007029788247
2016-02-06,WI_1,WI,HOBBIES_1,642,549.5823184891748,92.41768151082522
2016-02-06,WI_1,WI,HOBBIES_2,48,37.07597110203155,10.924028897968448
2016-02-06,WI_1,WI,HOUSEHOLD_1,898,792.8997770434103,105.10022295658973
2016-02-06,WI_1,WI,HOUSEHOLD_2,229,192.14939538115968,36.85060461884032
2016-02-06,WI_2,WI,FOODS_1,398,411.46022099557246,13.460220995572456
2016-02-06,WI_2,WI,FOODS_2,1716,1438.5630126816063,277.4369873183937
2016-02-06,WI_2,WI,FOODS_3,3170,2740.3440179351164,429.6559820648836
2016-02-06,WI_2,WI,HOBBIES_1,323,297.7284786662591,25.271521333740907
2016-02-06,WI_2,WI,HOBBIES_2,33,39.98876541523343,6.988765415233431
2016-02-06,WI_2,WI,HOUSEHOLD_1,1226,1275.5189774586468,49.51897745864676
2016-02-06,WI_2,WI,HOUSEHOLD_2,180,180.93831328653633,0.938313286536328
2016-02-06,WI_3,WI,FOODS_1,466,304.08202128454894,161.91797871545106
2016-02-06,WI_3,WI,FOODS_2,912,764.5797367999141,147.42026320008586
2016-02-06,WI_3,WI,FOODS_3,2886,2545.4744699055027,340.5255300944973
2016-02-06,WI_3,WI,HOBBIES_1,316,320.6166571219053,4.616657121905291
2016-02-06,WI_3,WI,HOBBIES_2,43,38.14525849664116,4.854741503358838
2016-02-06,WI_3,WI,HOUSEHOLD_1,840,902.5019254562691,62.50192545626908
2016-02-06,WI_3,WI,HOUSEHOLD_2,194,189.99297754140477,4.00702245859523
2016-02-07,CA_1,CA,FOODS_1,249,345.27753752472665,96.27753752472665
2016-02-07,CA_1,CA,FOODS_2,620,759.6745814490097,139.67458144900968
2016-02-07,CA_1,CA,FOODS_3,2595,2831.6911246738946,236.6911246738946
2016-02-07,CA_1,CA,HOBBIES_1,455,584.0570968288451,129.05709682884515
2016-02-07,CA_1,CA,HOBBIES_2,26,49.82013215640239,23.820132156402387
2016-02-07,CA_1,CA,HOUSEHOLD_1,854,1094.324970385573,240.3249703855729
2016-02-07,CA_1,CA,HOUSEHOLD_2,187,229.57815149239576,42.57815149239576
2016-02-07,CA_2,CA,FOODS_1,402,529.4080086103785,127.40800861037849
2016-02-07,CA_2,CA,FOODS_2,515,651.0767910172218,136.0767910172218
2016-02-07,CA_2,CA,FOODS_3,2095,2421.776940725648,326.7769407256478
2016-02-07,CA_2,CA,HOBBIES_1,244,410.3663772576144,166.36637725761437
2016-02-07,CA_2,CA,HOBBIES_2,26,54.96093303629283,28.96093303629283
2016-02-07,CA_2,CA,HOUSEHOLD_1,722,1092.4325536400552,370.4325536400552
2016-02-07,CA_2,CA,HOUSEHOLD_2,247,340.903610842035,93.903610842035
2016-02-07,CA_3,CA,FOODS_1,297,486.4996474983945,189.4996474983945
2016-02-07,CA_3,CA,FOODS_2,641,927.7928402210663,286.7928402210663
2016-02-07,CA_3,CA,FOODS_3,3481,3637.0985522063957,156.09855220639565
2016-02-07,CA_3,CA,HOBBIES_1,547,731.9617267941862,184.96172679418623
2016-02-07,CA_3,CA,HOBBIES_2,31,44.02043420161093,13.020434201610932
2016-02-07,CA_3,CA,HOUSEHOLD_1,1395,1701.229164627688,306.2291646276881
2016-02-07,CA_3,CA,HOUSEHOLD_2,304,330.3870029370039,26.3870029370039
2016-02-07,CA_4,CA,FOODS_1,203,247.37750752487267,44.37750752487267
2016-02-07,CA_4,CA,FOODS_2,369,406.48660977018915,37.48660977018915
2016-02-07,CA_4,CA,FOODS_3,1261,1323.962772318983,62.96277231898307
2016-02-07,CA_4,CA,HOBBIES_1,418,428.62945026092314,10.629450260923136
2016-02-07,CA_4,CA,HOBBIES_2,13,18.87015336171548,5.870153361715481
2016-02-07,CA_4,CA,HOUSEHOLD_1,372,465.96101051036766,93.96101051036766
2016-02-07,CA_4,CA,HOUSEHOLD_2,91,127.46306855020694,36.46306855020694
2016-02-07,TX_1,TX,FOODS_1,232,246.13745279336706,14.13745279336706
2016-02-07,TX_1,TX,FOODS_2,445,471.3183482102608,26.318348210260808
2016-02-07,TX_1,TX,FOODS_3,1925,1832.4743518365262,92.52564816347376
2016-02-07,TX_1,TX,HOBBIES_1,415,312.1113720871707,102.88862791282929
2016-02-07,TX_1,TX,HOBBIES_2,44,54.318381617456716,10.318381617456716
2016-02-07,TX_1,TX,HOUSEHOLD_1,794,916.7618170822741,122.76181708227409
2016-02-07,TX_1,TX,HOUSEHOLD_2,179,201.4265268266059,22.426526826605908
2016-02-07,TX_2,TX,FOODS_1,181,234.45599460000773,53.45599460000773
2016-02-07,TX_2,TX,FOODS_2,646,592.1236139478254,53.87638605217455
2016-02-07,TX_2,TX,FOODS_3,2673,2511.0169633250584,161.98303667494156
2016-02-07,TX_2,TX,HOBBIES_1,355,367.5881277782735,12.588127778273474
2016-02-07,TX_2,TX,HOBBIES_2,98,67.2976985992728,30.702301400727194
2016-02-07,TX_2,TX,HOUSEHOLD_1,1035,995.5814017766969,39.41859822330309
2016-02-07,TX_2,TX,HOUSEHOLD_2,222,223.62570423865563,1.6257042386556293
2016-02-07,TX_3,TX,FOODS_1,192,254.267945497844,62.26794549784401
2016-02-07,TX_3,TX,FOODS_2,641,638.2399176853293,2.76008231467074
2016-02-07,TX_3,TX,FOODS_3,2487,2082.697081570599,404.30291842940096
2016-02-07,TX_3,TX,HOBBIES_1,416,426.29580500816263,10.295805008162631
2016-02-07,TX_3,TX,HOBBIES_2,37,61.425353560029905,24.425353560029905
2016-02-07,TX_3,TX,HOUSEHOLD_1,912,954.7726897974898,42.77268979748976
2016-02-07,TX_3,TX,HOUSEHOLD_2,220,207.83589760669693,12.164102393303068
2016-02-07,WI_1,WI,FOODS_1,258,277.51614868852704,19.51614868852704
2016-02-07,WI_1,WI,FOODS_2,865,828.7938056213623,36.20619437863775
2016-02-07,WI_1,WI,FOODS_3,2091,1993.3756300464902,97.62436995350981
2016-02-07,WI_1,WI,HOBBIES_1,394,422.9920234680802,28.99202346808022
2016-02-07,WI_1,WI,HOBBIES_2,33,35.96035032283062,2.960350322830621
2016-02-07,WI_1,WI,HOUSEHOLD_1,650,792.4137897534862,142.41378975348618
2016-02-07,WI_1,WI,HOUSEHOLD_2,170,176.65160145014096,6.651601450140959
2016-02-07,WI_2,WI,FOODS_1,315,354.30332761862365,39.303327618623655
2016-02-07,WI_2,WI,FOODS_2,965,1274.394325590879,309.3943255908789
2016-02-07,WI_2,WI,FOODS_3,2380,2330.640722741148,49.35927725885222
2016-02-07,WI_2,WI,HOBBIES_1,194,266.1864599688943,72.18645996889433
2016-02-07,WI_2,WI,HOBBIES_2,33,39.66928347136863,6.6692834713686295
2016-02-07,WI_2,WI,HOUSEHOLD_1,1017,1102.2082694583141,85.20826945831413
2016-02-07,WI_2,WI,HOUSEHOLD_2,142,170.65716716998023,28.657167169980227
2016-02-07,WI_3,WI,FOODS_1,349,272.67817971340236,76.32182028659764
2016-02-07,WI_3,WI,FOODS_2,579,714.9684870009677,135.96848700096768
2016-02-07,WI_3,WI,FOODS_3,2469,2663.351928901776,194.35192890177586
2016-02-07,WI_3,WI,HOBBIES_1,268,261.7379723171342,6.262027682865778
2016-02-07,WI_3,WI,HOBBIES_2,39,38.713777052743346,0.286222947256654
2016-02-07,WI_3,WI,HOUSEHOLD_1,732,768.9479169978546,36.94791699785458
2016-02-07,WI_3,WI,HOUSEHOLD_2,141,173.76326515679997,32.763265156799974
2016-02-08,CA_1,CA,FOODS_1,266,263.9840896575378,2.0159103424621776
2016-02-08,CA_1,CA,FOODS_2,462,522.1907263417437,60.1907263417437
2016-02-08,CA_1,CA,FOODS_3,1864,1970.3646855868033,106.36468558680326
2016-02-08,CA_1,CA,HOBBIES_1,354,457.22745105446097,103.22745105446097
2016-02-08,CA_1,CA,HOBBIES_2,38,35.80387004352881,2.1961299564711894
2016-02-08,CA_1,CA,HOUSEHOLD_1,809,737.7326049404624,71.26739505953765
2016-02-08,CA_1,CA,HOUSEHOLD_2,140,158.2045125988733,18.204512598873293
2016-02-08,CA_2,CA,FOODS_1,393,388.9676561389995,4.032343861000527
2016-02-08,CA_2,CA,FOODS_2,431,444.01004433250216,13.010044332502162
2016-02-08,CA_2,CA,FOODS_3,1506,1641.8805100106508,135.88051001065082
2016-02-08,CA_2,CA,HOBBIES_1,231,274.0251238144651,43.025123814465076
2016-02-08,CA_2,CA,HOBBIES_2,40,38.06000753572126,1.9399924642787383
2016-02-08,CA_2,CA,HOUSEHOLD_1,668,581.9032086227696,86.09679137723037
2016-02-08,CA_2,CA,HOUSEHOLD_2,268,228.00444558178904,39.99555441821096
2016-02-08,CA_3,CA,FOODS_1,268,348.9840129945258,80.98401299452581
2016-02-08,CA_3,CA,FOODS_2,739,728.7090371940333,10.290962805966728
2016-02-08,CA_3,CA,FOODS_3,2746,2901.8886784222814,155.88867842228137
2016-02-08,CA_3,CA,HOBBIES_1,568,510.4578613385336,57.542138661466424
2016-02-08,CA_3,CA,HOBBIES_2,33,33.58807606513569,0.588076065135688
2016-02-08,CA_3,CA,HOUSEHOLD_1,1272,1307.7870702430462,35.78707024304617
2016-02-08,CA_3,CA,HOUSEHOLD_2,304,255.6799906878583,48.32000931214171
2016-02-08,CA_4,CA,FOODS_1,145,196.21379094124222,51.21379094124222
2016-02-08,CA_4,CA,FOODS_2,339,328.42690245398234,10.573097546017664
2016-02-08,CA_4,CA,FOODS_3,954,1038.97541145587,84.97541145587002
2016-02-08,CA_4,CA,HOBBIES_1,293,337.72533124508993,44.72533124508993
2016-02-08,CA_4,CA,HOBBIES_2,21,19.49992649638016,1.5000735036198414
2016-02-08,CA_4,CA,HOUSEHOLD_1,308,358.5370065496129,50.5370065496129
2016-02-08,CA_4,CA,HOUSEHOLD_2,106,97.52308788889535,8.476912111104653
2016-02-08,TX_1,TX,FOODS_1,146,192.57894894055156,46.578948940551555
2016-02-08,TX_1,TX,FOODS_2,374,370.38867554176477,3.611324458235231
2016-02-08,TX_1,TX,FOODS_3,1275,1365.437253902899,90.4372539028991
2016-02-08,TX_1,TX,HOBBIES_1,192,234.6109226510173,42.61092265101729
2016-02-08,TX_1,TX,HOBBIES_2,34,36.44183871349673,2.441838713496729
2016-02-08,TX_1,TX,HOUSEHOLD_1,667,642.0680004826559,24.93199951734414
2016-02-08,TX_1,TX,HOUSEHOLD_2,157,143.3054069682033,13.6945930317967
2016-02-08,TX_2,TX,FOODS_1,226,201.758948328566,24.241051671434008
2016-02-08,TX_2,TX,FOODS_2,516,509.0991767438938,6.900823256106207
2016-02-08,TX_2,TX,FOODS_3,1776,1850.1125077433808,74.11250774338077
2016-02-08,TX_2,TX,HOBBIES_1,266,307.2720338672089,41.272033867208904
2016-02-08,TX_2,TX,HOBBIES_2,35,53.0453982613797,18.045398261379702
2016-02-08,TX_2,TX,HOUSEHOLD_1,709,752.6170585911274,43.617058591127375
2016-02-08,TX_2,TX,HOUSEHOLD_2,186,170.88757056334288,15.112429436657123
2016-02-08,TX_3,TX,FOODS_1,269,234.19799684993063,34.80200315006937
2016-02-08,TX_3,TX,FOODS_2,490,510.99255823346016,20.99255823346016
2016-02-08,TX_3,TX,FOODS_3,1653,1680.3135654488196,27.313565448819645
2016-02-08,TX_3,TX,HOBBIES_1,325,348.2498682066866,23.249868206686585
2016-02-08,TX_3,TX,HOBBIES_2,47,42.38095701984078,4.619042980159222
2016-02-08,TX_3,TX,HOUSEHOLD_1,767,756.6109720072747,10.389027992725346
2016-02-08,TX_3,TX,HOUSEHOLD_2,156,144.99997933702267,11.000020662977334
2016-02-08,WI_1,WI,FOODS_1,168,225.1831957704779,57.18319577047791
2016-02-08,WI_1,WI,FOODS_2,564,608.9265856468868,44.92658564688679
2016-02-08,WI_1,WI,FOODS_3,1205,1408.6713611019527,203.6713611019527
2016-02-08,WI_1,WI,HOBBIES_1,220,294.5666778238046,74.56667782380458
2016-02-08,WI_1,WI,HOBBIES_2,22,30.095763371716842,8.095763371716842
2016-02-08,WI_1,WI,HOUSEHOLD_1,310,452.35442951094257,142.35442951094257
2016-02-08,WI_1,WI,HOUSEHOLD_2,108,132.46212128196908,24.462121281969075
2016-02-08,WI_2,WI,FOODS_1,292,279.02414637361676,12.975853626383241
2016-02-08,WI_2,WI,FOODS_2,1282,1210.564854007,71.4351459930001
2016-02-08,WI_2,WI,FOODS_3,2150,2350.3191847767657,200.31918477676572
2016-02-08,WI_2,WI,HOBBIES_1,206,214.21853624757597,8.218536247575969
2016-02-08,WI_2,WI,HOBBIES_2,31,31.89605951787005,0.8960595178700501
2016-02-08,WI_2,WI,HOUSEHOLD_1,815,1011.0193399336426,196.01933993364264
2016-02-08,WI_2,WI,HOUSEHOLD_2,131,119.99761847351517,11.002381526484825
2016-02-08,WI_3,WI,FOODS_1,251,238.26192913698387,12.738070863016134
2016-02-08,WI_3,WI,FOODS_2,543,540.3711275544051,2.6288724455948795
2016-02-08,WI_3,WI,FOODS_3,1851,1920.6754317834827,69.67543178348274
2016-02-08,WI_3,WI,HOBBIES_1,200,206.88355644320433,6.883556443204327
2016-02-08,WI_3,WI,HOBBIES_2,15,26.2523921197977,11.252392119797701
2016-02-08,WI_3,WI,HOUSEHOLD_1,494,576.2142077185089,82.21420771850887
2016-02-08,WI_3,WI,HOUSEHOLD_2,114,119.83580861216073,5.835808612160733
2016-02-09,CA_1,CA,FOODS_1,281,266.3035623629248,14.696437637075178
2016-02-09,CA_1,CA,FOODS_2,496,444.0988755558244,51.90112444417559
2016-02-09,CA_1,CA,FOODS_3,1862,1808.6226550097667,53.37734499023327
2016-02-09,CA_1,CA,HOBBIES_1,409,423.4932636143618,14.493263614361808
2016-02-09,CA_1,CA,HOBBIES_2,51,34.072012251154035,16.927987748845965
2016-02-09,CA_1,CA,HOUSEHOLD_1,681,568.4965352067736,112.50346479322639
2016-02-09,CA_1,CA,HOUSEHOLD_2,156,148.12028817326288,7.879711826737122
2016-02-09,CA_2,CA,FOODS_1,405,395.75300387968304,9.246996120316965
2016-02-09,CA_2,CA,FOODS_2,409,398.2641289879747,10.735871012025314
2016-02-09,CA_2,CA,FOODS_3,1592,1508.4292595468803,83.5707404531197
2016-02-09,CA_2,CA,HOBBIES_1,294,285.05997404511413,8.940025954885868
2016-02-09,CA_2,CA,HOBBIES_2,63,41.924923525391634,21.075076474608366
2016-02-09,CA_2,CA,HOUSEHOLD_1,560,570.647553564896,10.647553564896043
2016-02-09,CA_2,CA,HOUSEHOLD_2,226,222.2364630297982,3.7635369702018124
2016-02-09,CA_3,CA,FOODS_1,382,331.0757587882265,50.924241211773506
2016-02-09,CA_3,CA,FOODS_2,752,677.6540617827145,74.3459382172855
2016-02-09,CA_3,CA,FOODS_3,2573,2585.3177308511217,12.317730851121723
2016-02-09,CA_3,CA,HOBBIES_1,566,463.88117046279336,102.11882953720664
2016-02-09,CA_3,CA,HOBBIES_2,45,33.31570374586494,11.684296254135063
2016-02-09,CA_3,CA,HOUSEHOLD_1,1276,1186.083697325408,89.91630267459209
2016-02-09,CA_3,CA,HOUSEHOLD_2,288,244.84478989931205,43.15521010068795
2016-02-09,CA_4,CA,FOODS_1,227,200.71061823440346,26.289381765596545
2016-02-09,CA_4,CA,FOODS_2,293,305.50175513514665,12.501755135146652
2016-02-09,CA_4,CA,FOODS_3,912,942.6365334734328,30.63653347343279
2016-02-09,CA_4,CA,HOBBIES_1,293,332.7768975886019,39.77689758860191
2016-02-09,CA_4,CA,HOBBIES_2,25,18.60571903328444,6.394280966715559
2016-02-09,CA_4,CA,HOUSEHOLD_1,328,322.61384944829587,5.386150551704134
2016-02-09,CA_4,CA,HOUSEHOLD_2,129,96.90483048058434,32.09516951941566
2016-02-09,TX_1,TX,FOODS_1,164,188.24639709060813,24.246397090608127
2016-02-09,TX_1,TX,FOODS_2,375,365.655109687769,9.344890312230973
2016-02-09,TX_1,TX,FOODS_3,1408,1290.6154076656667,117.38459233433332
2016-02-09,TX_1,TX,HOBBIES_1,191,217.5975375797487,26.59753757974869
2016-02-09,TX_1,TX,HOBBIES_2,30,36.05598698649796,6.055986986497963
2016-02-09,TX_1,TX,HOUSEHOLD_1,667,649.9990680859037,17.000931914096327
2016-02-09,TX_1,TX,HOUSEHOLD_2,143,139.51963485767044,3.4803651423295605
2016-02-09,TX_2,TX,FOODS_1,291,209.6208940838973,81.3791059161027
2016-02-09,TX_2,TX,FOODS_2,431,446.62919068128133,15.62919068128133
2016-02-09,TX_2,TX,FOODS_3,1714,1772.1817338726082,58.18173387260822
2016-02-09,TX_2,TX,HOBBIES_1,351,266.006543028999,84.99345697100102
2016-02-09,TX_2,TX,HOBBIES_2,63,66.20198528096462,3.201985280964621
2016-02-09,TX_2,TX,HOUSEHOLD_1,696,689.6455415474182,6.354458452581753
2016-02-09,TX_2,TX,HOUSEHOLD_2,191,163.98416772711624,27.015832272883756
2016-02-09,TX_3,TX,FOODS_1,387,250.8031226131117,136.1968773868883
2016-02-09,TX_3,TX,FOODS_2,576,485.14795832789184,90.85204167210816
2016-02-09,TX_3,TX,FOODS_3,1612,1668.7201262778744,56.72012627787444
2016-02-09,TX_3,TX,HOBBIES_1,289,324.8562258448766,35.856225844876576
2016-02-09,TX_3,TX,HOBBIES_2,48,45.430028147167896,2.5699718528321043
2016-02-09,TX_3,TX,HOUSEHOLD_1,739,692.5923914712846,46.4076085287154
2016-02-09,TX_3,TX,HOUSEHOLD_2,174,149.59052268403232,24.409477315967678
2016-02-09,WI_1,WI,FOODS_1,264,221.11139488551464,42.88860511448536
2016-02-09,WI_1,WI,FOODS_2,612,568.3350333620366,43.6649666379634
2016-02-09,WI_1,WI,FOODS_3,1474,1396.7357750956205,77.26422490437949
2016-02-09,WI_1,WI,HOBBIES_1,347,310.81783238170084,36.18216761829916
2016-02-09,WI_1,WI,HOBBIES_2,22,36.465519865777225,14.465519865777225
2016-02-09,WI_1,WI,HOUSEHOLD_1,441,437.40727842644156,3.5927215735584355
2016-02-09,WI_1,WI,HOUSEHOLD_2,153,135.0969937927414,17.903006207258613
2016-02-09,WI_2,WI,FOODS_1,342,295.0891383711995,46.91086162880049
2016-02-09,WI_2,WI,FOODS_2,1385,1237.7926101638157,147.20738983618435
2016-02-09,WI_2,WI,FOODS_3,2267,2164.2383353880864,102.7616646119136
2016-02-09,WI_2,WI,HOBBIES_1,241,218.0845534013422,22.91544659865781
2016-02-09,WI_2,WI,HOBBIES_2,35,30.491946358962636,4.508053641037364
2016-02-09,WI_2,WI,HOUSEHOLD_1,972,906.1602311222927,65.83976887770734
2016-02-09,WI_2,WI,HOUSEHOLD_2,116,120.63321409228158,4.633214092281577
2016-02-09,WI_3,WI,FOODS_1,347,249.34606483173138,97.65393516826862
2016-02-09,WI_3,WI,FOODS_2,613,612.002731851237,0.9972681487630553
2016-02-09,WI_3,WI,FOODS_3,1926,1914.8579013053625,11.142098694637525
2016-02-09,WI_3,WI,HOBBIES_1,196,208.23137485300228,12.23137485300228
2016-02-09,WI_3,WI,HOBBIES_2,34,31.935564206552023,2.064435793447977
2016-02-09,WI_3,WI,HOUSEHOLD_1,505,502.0878373798855,2.9121626201144863
2016-02-09,WI_3,WI,HOUSEHOLD_2,107,117.66926489398779,10.669264893987787
2016-02-10,CA_1,CA,FOODS_1,280,276.3921042108617,3.607895789138297
2016-02-10,CA_1,CA,FOODS_2,499,454.75512848972255,44.24487151027745
2016-02-10,CA_1,CA,FOODS_3,1895,1799.3803717205687,95.61962827943125
2016-02-10,CA_1,CA,HOBBIES_1,511,383.2145708066939,127.78542919330607
2016-02-10,CA_1,CA,HOBBIES_2,27,33.47078301476315,6.47078301476315
2016-02-10,CA_1,CA,HOUSEHOLD_1,571,525.1781641353164,45.821835864683635
2016-02-10,CA_1,CA,HOUSEHOLD_2,212,161.93555291719903,50.06444708280097
2016-02-10,CA_2,CA,FOODS_1,392,390.137047026553,1.8629529734470225
2016-02-10,CA_2,CA,FOODS_2,390,383.4537373081366,6.546262691863376
2016-02-10,CA_2,CA,FOODS_3,1638,1554.137883678186,83.86211632181403
2016-02-10,CA_2,CA,HOBBIES_1,276,298.85286869222926,22.852868692229265
2016-02-10,CA_2,CA,HOBBIES_2,33,44.07865952724312,11.078659527243119
2016-02-10,CA_2,CA,HOUSEHOLD_1,631,588.8301001000435,42.16989989995648
2016-02-10,CA_2,CA,HOUSEHOLD_2,226,214.2364376645929,11.763562335407102
2016-02-10,CA_3,CA,FOODS_1,461,325.8419507298459,135.1580492701541
2016-02-10,CA_3,CA,FOODS_2,806,647.8675643717744,158.1324356282256
2016-02-10,CA_3,CA,FOODS_3,3130,2532.063530604323,597.9364693956768
2016-02-10,CA_3,CA,HOBBIES_1,393,476.61225124633506,83.61225124633506
2016-02-10,CA_3,CA,HOBBIES_2,59,35.845463600045576,23.154536399954424
2016-02-10,CA_3,CA,HOUSEHOLD_1,1277,1176.9317788427277,100.06822115727232
2016-02-10,CA_3,CA,HOUSEHOLD_2,295,256.3036811098156,38.696318890184386
2016-02-10,CA_4,CA,FOODS_1,196,191.5826056109005,4.417394389099513
2016-02-10,CA_4,CA,FOODS_2,287,298.15460778390883,11.15460778390883
2016-02-10,CA_4,CA,FOODS_3,1034,927.8988764088627,106.10112359113725
2016-02-10,CA_4,CA,HOBBIES_1,340,318.43668207291927,21.563317927080732
2016-02-10,CA_4,CA,HOBBIES_2,25,19.07420575116273,5.925794248837271
2016-02-10,CA_4,CA,HOUSEHOLD_1,333,317.74620507955734,15.253794920442658
2016-02-10,CA_4,CA,HOUSEHOLD_2,108,96.71913842586808,11.280861574131919
2016-02-10,TX_1,TX,FOODS_1,157,186.3595227484558,29.359522748455788
2016-02-10,TX_1,TX,FOODS_2,339,361.316673574021,22.316673574021024
2016-02-10,TX_1,TX,FOODS_3,1205,1302.3717295190354,97.3717295190354
2016-02-10,TX_1,TX,HOBBIES_1,178,216.41116943649672,38.41116943649672
2016-02-10,TX_1,TX,HOBBIES_2,35,33.10982352793104,1.8901764720689584
2016-02-10,TX_1,TX,HOUSEHOLD_1,651,620.6096204790217,30.390379520978286
2016-02-10,TX_1,TX,HOUSEHOLD_2,180,142.97392023755552,37.02607976244448
2016-02-10,TX_2,TX,FOODS_1,369,224.95505567659032,144.04494432340968
2016-02-10,TX_2,TX,FOODS_2,385,448.39581561828766,63.395815618287656
2016-02-10,TX_2,TX,FOODS_3,1937,1728.5835167218395,208.4164832781605
2016-02-10,TX_2,TX,HOBBIES_1,350,292.3877926463639,57.61220735363611
2016-02-10,TX_2,TX,HOBBIES_2,75,66.99437081539124,8.005629184608765
2016-02-10,TX_2,TX,HOUSEHOLD_1,891,697.6055653132677,193.39443468673232
2016-02-10,TX_2,TX,HOUSEHOLD_2,252,178.4696419265852,73.53035807341479
2016-02-10,TX_3,TX,FOODS_1,384,258.2500698650268,125.74993013497323
2016-02-10,TX_3,TX,FOODS_2,438,482.9115314708012,44.91153147080121
2016-02-10,TX_3,TX,FOODS_3,1618,1556.0653777027048,61.934622297295164
2016-02-10,TX_3,TX,HOBBIES_1,327,328.41741001457524,1.417410014575239
2016-02-10,TX_3,TX,HOBBIES_2,56,43.21745875533214,12.782541244667861
2016-02-10,TX_3,TX,HOUSEHOLD_1,813,692.3154623333203,120.68453766667972
2016-02-10,TX_3,TX,HOUSEHOLD_2,195,152.78992575887517,42.21007424112483
2016-02-10,WI_1,WI,FOODS_1,251,225.8766417148944,25.12335828510561
2016-02-10,WI_1,WI,FOODS_2,571,559.3820285384015,11.617971461598472
2016-02-10,WI_1,WI,FOODS_3,1339,1395.9772220311058,56.97722203110584
2016-02-10,WI_1,WI,HOBBIES_1,322,317.2786961188223,4.7213038811776755
2016-02-10,WI_1,WI,HOBBIES_2,28,28.10590261595959,0.1059026159595895
2016-02-10,WI_1,WI,HOUSEHOLD_1,509,445.5057131001156,63.4942868998844
2016-02-10,WI_1,WI,HOUSEHOLD_2,160,138.31546035818238,21.684539641817622
2016-02-10,WI_2,WI,FOODS_1,313,291.7983576696137,21.201642330386278
2016-02-10,WI_2,WI,FOODS_2,1005,1108.3530396817105,103.35303968171047
2016-02-10,WI_2,WI,FOODS_3,2054,2198.139813131494,144.13981313149407
2016-02-10,WI_2,WI,HOBBIES_1,275,219.61939029033277,55.380609709667226
2016-02-10,WI_2,WI,HOBBIES_2,22,30.20452133617154,8.204521336171538
2016-02-10,WI_2,WI,HOUSEHOLD_1,1376,933.0450288942337,442.9549711057663
2016-02-10,WI_2,WI,HOUSEHOLD_2,135,117.63286553600723,17.36713446399277
2016-02-10,WI_3,WI,FOODS_1,363,272.5756851588923,90.42431484110767
2016-02-10,WI_3,WI,FOODS_2,473,510.47012035375224,37.470120353752236
2016-02-10,WI_3,WI,FOODS_3,1903,1842.4029054863556,60.59709451364438
2016-02-10,WI_3,WI,HOBBIES_1,244,209.70446057179822,34.29553942820178
2016-02-10,WI_3,WI,HOBBIES_2,49,32.42893904843567,16.571060951564327
2016-02-10,WI_3,WI,HOUSEHOLD_1,647,514.2987141363889,132.70128586361113
2016-02-10,WI_3,WI,HOUSEHOLD_2,154,118.23440611488128,35.76559388511872
2016-02-11,CA_1,CA,FOODS_1,440,293.267974169283,146.73202583071702
2016-02-11,CA_1,CA,FOODS_2,365,451.1375648841915,86.13756488419148
2016-02-11,CA_1,CA,FOODS_3,1839,1805.1037760708077,33.896223929192274
2016-02-11,CA_1,CA,HOBBIES_1,476,428.90825968239153,47.09174031760847
2016-02-11,CA_1,CA,HOBBIES_2,49,37.86741368202624,11.132586317973761
2016-02-11,CA_1,CA,HOUSEHOLD_1,643,633.0523838194164,9.947616180583623
2016-02-11,CA_1,CA,HOUSEHOLD_2,195,163.673905770032,31.326094229967993
2016-02-11,CA_2,CA,FOODS_1,451,392.4567731223574,58.54322687764261
2016-02-11,CA_2,CA,FOODS_2,422,378.26659466504884,43.73340533495116
2016-02-11,CA_2,CA,FOODS_3,1870,1629.9589252702274,240.04107472977262
2016-02-11,CA_2,CA,HOBBIES_1,322,289.3644398163928,32.6355601836072
2016-02-11,CA_2,CA,HOBBIES_2,48,45.825580555965146,2.1744194440348537
2016-02-11,CA_2,CA,HOUSEHOLD_1,663,598.3167288483019,64.68327115169814
2016-02-11,CA_2,CA,HOUSEHOLD_2,250,232.33220736232033,17.667792637679668
2016-02-11,CA_3,CA,FOODS_1,757,392.116100988581,364.883899011419
2016-02-11,CA_3,CA,FOODS_2,639,640.1714198402038,1.1714198402038392
2016-02-11,CA_3,CA,FOODS_3,2933,2735.0815902146546,197.91840978534537
2016-02-11,CA_3,CA,HOBBIES_1,501,481.5234377496763,19.476562250323695
2016-02-11,CA_3,CA,HOBBIES_2,61,40.636162810283054,20.363837189716946
2016-02-11,CA_3,CA,HOUSEHOLD_1,1342,1183.4334337801267,158.56656621987327
2016-02-11,CA_3,CA,HOUSEHOLD_2,314,262.6248023496239,51.375197650376094
2016-02-11,CA_4,CA,FOODS_1,201,191.9149866576146,9.085013342385395
2016-02-11,CA_4,CA,FOODS_2,308,296.74879245369607,11.251207546303931
2016-02-11,CA_4,CA,FOODS_3,996,950.3674008936841,45.632599106315865
2016-02-11,CA_4,CA,HOBBIES_1,403,326.43147672465204,76.56852327534796
2016-02-11,CA_4,CA,HOBBIES_2,24,20.1828883532872,3.8171116467127995
2016-02-11,CA_4,CA,HOUSEHOLD_1,352,309.98547205851435,42.01452794148565
2016-02-11,CA_4,CA,HOUSEHOLD_2,99,95.56039866407058,3.4396013359294244
2016-02-11,TX_1,TX,FOODS_1,300,193.76472317379415,106.23527682620585
2016-02-11,TX_1,TX,FOODS_2,331,338.09391711975286,7.093917119752859
2016-02-11,TX_1,TX,FOODS_3,1483,1311.0634083081789,171.93659169182115
2016-02-11,TX_1,TX,HOBBIES_1,290,226.42272457442255,63.577275425577454
2016-02-11,TX_1,TX,HOBBIES_2,54,34.499288436169174,19.500711563830826
2016-02-11,TX_1,TX,HOUSEHOLD_1,787,632.1832970762309,154.81670292376907
2016-02-11,TX_1,TX,HOUSEHOLD_2,186,152.57471831121416,33.425281688785844
2016-02-11,TX_2,TX,FOODS_1,551,277.3646598754347,273.6353401245653
2016-02-11,TX_2,TX,FOODS_2,448,396.4879456392398,51.5120543607602
2016-02-11,TX_2,TX,FOODS_3,2297,1878.5385789028778,418.4614210971222
2016-02-11,TX_2,TX,HOBBIES_1,286,292.59971171799583,6.599711717995831
2016-02-11,TX_2,TX,HOBBIES_2,97,75.8785088051829,21.121491194817096
2016-02-11,TX_2,TX,HOUSEHOLD_1,889,755.478066037499,133.52193396250095
2016-02-11,TX_2,TX,HOUSEHOLD_2,231,184.97743780596335,46.02256219403665
2016-02-11,TX_3,TX,FOODS_1,491,289.01159464715084,201.98840535284916
2016-02-11,TX_3,TX,FOODS_2,498,474.5024491231987,23.497550876801313
2016-02-11,TX_3,TX,FOODS_3,2033,1601.0650127422768,431.93498725772315
2016-02-11,TX_3,TX,HOBBIES_1,324,310.7432087212026,13.25679127879738
2016-02-11,TX_3,TX,HOBBIES_2,57,46.26951353884716,10.730486461152843
2016-02-11,TX_3,TX,HOUSEHOLD_1,845,730.4087873881252,114.59121261187477
2016-02-11,TX_3,TX,HOUSEHOLD_2,190,160.3236179965882,29.67638200341179
2016-02-11,WI_1,WI,FOODS_1,307,235.8631158843847,71.13688411561529
2016-02-11,WI_1,WI,FOODS_2,677,598.1965786480545,78.80342135194553
2016-02-11,WI_1,WI,FOODS_3,1809,1497.628219257607,311.37178074239296
2016-02-11,WI_1,WI,HOBBIES_1,325,321.42700156257234,3.572998437427657
2016-02-11,WI_1,WI,HOBBIES_2,26,30.79763029861785,4.79763029861785
2016-02-11,WI_1,WI,HOUSEHOLD_1,594,484.3396840763885,109.6603159236115
2016-02-11,WI_1,WI,HOUSEHOLD_2,161,140.75324924842025,20.246750751579754
2016-02-11,WI_2,WI,FOODS_1,474,317.2050154446093,156.79498455539073
2016-02-11,WI_2,WI,FOODS_2,1372,1205.9711127870453,166.02888721295471
2016-02-11,WI_2,WI,FOODS_3,2570,2358.3019640020716,211.6980359979284
2016-02-11,WI_2,WI,HOBBIES_1,262,223.72142432632106,38.278575673678944
2016-02-11,WI_2,WI,HOBBIES_2,37,30.148117182880913,6.851882817119087
2016-02-11,WI_2,WI,HOUSEHOLD_1,1422,1065.9883690641789,356.01163093582113
2016-02-11,WI_2,WI,HOUSEHOLD_2,196,128.6888805609933,67.31111943900669
2016-02-11,WI_3,WI,FOODS_1,539,341.18694698462656,197.81305301537344
2016-02-11,WI_3,WI,FOODS_2,688,602.884233752162,85.115766247838
2016-02-11,WI_3,WI,FOODS_3,2363,1968.8534169216407,394.1465830783593
2016-02-11,WI_3,WI,HOBBIES_1,207,211.7093075225916,4.709307522591587
2016-02-11,WI_3,WI,HOBBIES_2,47,35.762568514874864,11.237431485125136
2016-02-11,WI_3,WI,HOUSEHOLD_1,703,558.3047262948259,144.69527370517415
2016-02-11,WI_3,WI,HOUSEHOLD_2,174,128.25229500760383,45.747704992396166
2016-02-12,CA_1,CA,FOODS_1,455,361.23763216080806,93.76236783919194
2016-02-12,CA_1,CA,FOODS_2,478,472.6609803377879,5.339019662212081
2016-02-12,CA_1,CA,FOODS_3,1938,2065.202998760397,127.2029987603969
2016-02-12,CA_1,CA,HOBBIES_1,381,478.0812666245765,97.08126662457647
2016-02-12,CA_1,CA,HOBBIES_2,35,36.59410431332806,1.5941043133280601
2016-02-12,CA_1,CA,HOUSEHOLD_1,611,738.3022376580088,127.30223765800883
2016-02-12,CA_1,CA,HOUSEHOLD_2,213,187.55750891981398,25.442491080186016
2016-02-12,CA_2,CA,FOODS_1,557,471.2629671954161,85.73703280458392
2016-02-12,CA_2,CA,FOODS_2,445,458.2069480385986,13.206948038598625
2016-02-12,CA_2,CA,FOODS_3,1753,1764.3176572316727,11.317657231672683
2016-02-12,CA_2,CA,HOBBIES_1,300,303.23031833794573,3.2303183379457323
2016-02-12,CA_2,CA,HOBBIES_2,28,36.35709933795973,8.357099337959731
2016-02-12,CA_2,CA,HOUSEHOLD_1,756,710.0263262775551,45.973673722444914
2016-02-12,CA_2,CA,HOUSEHOLD_2,301,272.95904693972994,28.040953060270056
2016-02-12,CA_3,CA,FOODS_1,531,459.6717500956192,71.32824990438081
2016-02-12,CA_3,CA,FOODS_2,605,659.7860487846949,54.78604878469491
2016-02-12,CA_3,CA,FOODS_3,2791,2818.30903192617,27.309031926170064
2016-02-12,CA_3,CA,HOBBIES_1,403,505.0629873451235,102.06298734512347
2016-02-12,CA_3,CA,HOBBIES_2,60,42.842784980622,17.157215019378
2016-02-12,CA_3,CA,HOUSEHOLD_1,1204,1215.0319034389963,11.031903438996324
2016-02-12,CA_3,CA,HOUSEHOLD_2,334,288.4266797292678,45.57332027073221
2016-02-12,CA_4,CA,FOODS_1,243,219.44445982119825,23.55554017880175
2016-02-12,CA_4,CA,FOODS_2,336,310.74758454225395,25.252415457746054
2016-02-12,CA_4,CA,FOODS_3,1113,1008.3082464116161,104.6917535883839
2016-02-12,CA_4,CA,HOBBIES_1,476,363.3513700887602,112.64862991123982
2016-02-12,CA_4,CA,HOBBIES_2,36,27.94822574857595,8.05177425142405
2016-02-12,CA_4,CA,HOUSEHOLD_1,339,343.04741027255113,4.047410272551133
2016-02-12,CA_4,CA,HOUSEHOLD_2,134,109.57253766156778,24.42746233843222
2016-02-12,TX_1,TX,FOODS_1,248,228.31615641461457,19.683843585385432
2016-02-12,TX_1,TX,FOODS_2,376,367.36389993446494,8.63610006553506
2016-02-12,TX_1,TX,FOODS_3,1450,1350.0129922338547,99.98700776614533
2016-02-12,TX_1,TX,HOBBIES_1,210,240.9899523306966,30.98995233069661
2016-02-12,TX_1,TX,HOBBIES_2,43,39.95506892045102,3.044931079548981
2016-02-12,TX_1,TX,HOUSEHOLD_1,833,764.7943955078249,68.2056044921751
2016-02-12,TX_1,TX,HOUSEHOLD_2,183,181.97013264005815,1.0298673599418464
2016-02-12,TX_2,TX,FOODS_1,392,339.04266029897263,52.957339701027365
2016-02-12,TX_2,TX,FOODS_2,423,460.419570000637,37.41957000063701
2016-02-12,TX_2,TX,FOODS_3,2070,2183.329793403582,113.32979340358179
2016-02-12,TX_2,TX,HOBBIES_1,284,318.5140088838317,34.51400888383171
2016-02-12,TX_2,TX,HOBBIES_2,46,71.806018778354,25.806018778354
2016-02-12,TX_2,TX,HOUSEHOLD_1,854,815.7649668623258,38.235033137674236
2016-02-12,TX_2,TX,HOUSEHOLD_2,226,230.88164994950932,4.881649949509324
2016-02-12,TX_3,TX,FOODS_1,381,340.50326841361243,40.49673158638757
2016-02-12,TX_3,TX,FOODS_2,476,509.1149080600425,33.114908060042524
2016-02-12,TX_3,TX,FOODS_3,1936,1857.9202329863242,78.07976701367579
2016-02-12,TX_3,TX,HOBBIES_1,368,360.10324716169356,7.8967528383064405
2016-02-12,TX_3,TX,HOBBIES_2,45,45.105411684655685,0.10541168465568518
2016-02-12,TX_3,TX,HOUSEHOLD_1,816,787.2505026411282,28.74949735887185
2016-02-12,TX_3,TX,HOUSEHOLD_2,176,192.125205463573,16.125205463572996
2016-02-12,WI_1,WI,FOODS_1,392,309.4023550257953,82.59764497420468
2016-02-12,WI_1,WI,FOODS_2,820,747.5433404751415,72.45665952485854
2016-02-12,WI_1,WI,FOODS_3,1847,1733.3512094620994,113.6487905379006
2016-02-12,WI_1,WI,HOBBIES_1,439,426.94771723982757,12.052282760172432
2016-02-12,WI_1,WI,HOBBIES_2,21,29.866770923871876,8.866770923871876
2016-02-12,WI_1,WI,HOUSEHOLD_1,648,679.7057560928781,31.70575609287812
2016-02-12,WI_1,WI,HOUSEHOLD_2,141,161.28410593025012,20.28410593025012
2016-02-12,WI_2,WI,FOODS_1,417,368.2940341469184,48.70596585308158
2016-02-12,WI_2,WI,FOODS_2,1453,1353.0530842083963,99.94691579160371
2016-02-12,WI_2,WI,FOODS_3,2776,2390.5228758018675,385.4771241981325
2016-02-12,WI_2,WI,HOBBIES_1,294,272.49522301961844,21.504776980381564
2016-02-12,WI_2,WI,HOBBIES_2,39,31.94150519014894,7.058494809851059
2016-02-12,WI_2,WI,HOUSEHOLD_1,1288,1094.6017753613817,193.39822463861833
2016-02-12,WI_2,WI,HOUSEHOLD_2,196,167.95001901036565,28.04998098963435
2016-02-12,WI_3,WI,FOODS_1,392,392.8683349744704,0.8683349744703719
2016-02-12,WI_3,WI,FOODS_2,698,676.1798161297147,21.82018387028529
2016-02-12,WI_3,WI,FOODS_3,2456,2259.4650956662717,196.53490433372826
2016-02-12,WI_3,WI,HOBBIES_1,288,271.1049784243457,16.89502157565431
2016-02-12,WI_3,WI,HOBBIES_2,39,36.5912616264162,2.4087383735838017
2016-02-12,WI_3,WI,HOUSEHOLD_1,711,742.4530982271593,31.45309822715933
2016-02-12,WI_3,WI,HOUSEHOLD_2,175,162.32803755359797,12.671962446402034
2016-02-13,CA_1,CA,FOODS_1,520,458.9116556189798,61.08834438102019
2016-02-13,CA_1,CA,FOODS_2,588,642.9059074645119,54.90590746451187
2016-02-13,CA_1,CA,FOODS_3,2491,2482.322505478131,8.677494521868994
2016-02-13,CA_1,CA,HOBBIES_1,551,556.1895961086772,5.189596108677165
2016-02-13,CA_1,CA,HOBBIES_2,47,50.52773760785999,3.52773760785999
2016-02-13,CA_1,CA,HOUSEHOLD_1,1011,1065.4123533116287,54.41235331162875
2016-02-13,CA_1,CA,HOUSEHOLD_2,275,254.5205842905166,20.47941570948339
2016-02-13,CA_2,CA,FOODS_1,614,574.1564049795635,39.84359502043651
2016-02-13,CA_2,CA,FOODS_2,603,590.4669165540513,12.533083445948705
2016-02-13,CA_2,CA,FOODS_3,2475,2410.260725011703,64.73927498829698
2016-02-13,CA_2,CA,HOBBIES_1,532,400.377359647641,131.62264035235899
2016-02-13,CA_2,CA,HOBBIES_2,34,50.3394310237853,16.339431023785302
2016-02-13,CA_2,CA,HOUSEHOLD_1,1023,1038.4354009123986,15.435400912398563
2016-02-13,CA_2,CA,HOUSEHOLD_2,364,381.0232840584003,17.023284058400293
2016-02-13,CA_3,CA,FOODS_1,913,650.8562117942683,262.14378820573165
2016-02-13,CA_3,CA,FOODS_2,735,850.7557740350354,115.75577403503542
2016-02-13,CA_3,CA,FOODS_3,3487,3480.7600418056854,6.239958194314568
2016-02-13,CA_3,CA,HOBBIES_1,689,633.7578680010877,55.24213199891233
2016-02-13,CA_3,CA,HOBBIES_2,40,54.77052984564076,14.770529845640759
2016-02-13,CA_3,CA,HOUSEHOLD_1,1718,1568.076905113285,149.92309488671503
2016-02-13,CA_3,CA,HOUSEHOLD_2,339,374.3370110635395,35.33701106353948
2016-02-13,CA_4,CA,FOODS_1,318,262.83002015585055,55.16997984414945
2016-02-13,CA_4,CA,FOODS_2,409,394.81057745254043,14.189422547459571
2016-02-13,CA_4,CA,FOODS_3,1166,1258.1986036473934,92.19860364739338
2016-02-13,CA_4,CA,HOBBIES_1,357,419.542081687652,62.542081687652
2016-02-13,CA_4,CA,HOBBIES_2,18,26.316566666255284,8.316566666255284
2016-02-13,CA_4,CA,HOUSEHOLD_1,387,400.2432014434388,13.243201443438807
2016-02-13,CA_4,CA,HOUSEHOLD_2,144,136.60792884032307,7.392071159676931
2016-02-13,TX_1,TX,FOODS_1,291,260.53778907302535,30.46221092697465
2016-02-13,TX_1,TX,FOODS_2,471,457.60786078913026,13.392139210869743
2016-02-13,TX_1,TX,FOODS_3,1821,1788.28016015485,32.71983984515009
2016-02-13,TX_1,TX,HOBBIES_1,329,297.4490693800829,31.550930619917096
2016-02-13,TX_1,TX,HOBBIES_2,43,50.543791393663234,7.543791393663234
2016-02-13,TX_1,TX,HOUSEHOLD_1,907,944.4536029096179,37.45360290961787
2016-02-13,TX_1,TX,HOUSEHOLD_2,245,225.28010157371202,19.719898426287983
2016-02-13,TX_2,TX,FOODS_1,490,375.23226661425025,114.76773338574975
2016-02-13,TX_2,TX,FOODS_2,543,561.0810321705171,18.08103217051712
2016-02-13,TX_2,TX,FOODS_3,2528,2439.8384697445417,88.16153025545827
2016-02-13,TX_2,TX,HOBBIES_1,290,353.49131065823576,63.49131065823576
2016-02-13,TX_2,TX,HOBBIES_2,106,70.64277757420358,35.35722242579642
2016-02-13,TX_2,TX,HOUSEHOLD_1,1091,1031.6302646779473,59.36973532205275
2016-02-13,TX_2,TX,HOUSEHOLD_2,279,282.48733373600794,3.4873337360079404
2016-02-13,TX_3,TX,FOODS_1,441,404.74249105060096,36.25750894939904
2016-02-13,TX_3,TX,FOODS_2,646,633.5995554452447,12.400444554755268
2016-02-13,TX_3,TX,FOODS_3,2028,2291.0965521400108,263.0965521400108
2016-02-13,TX_3,TX,HOBBIES_1,490,442.2339507814714,47.76604921852862
2016-02-13,TX_3,TX,HOBBIES_2,73,61.53368051979354,11.466319480206458
2016-02-13,TX_3,TX,HOUSEHOLD_1,1041,1011.723288636568,29.276711363432014
2016-02-13,TX_3,TX,HOUSEHOLD_2,210,237.46749659277336,27.467496592773358
2016-02-13,WI_1,WI,FOODS_1,501,384.4047152379897,116.5952847620103
2016-02-13,WI_1,WI,FOODS_2,912,889.3707367049601,22.62926329503989
2016-02-13,WI_1,WI,FOODS_3,2285,2204.414310028895,80.58568997110478
2016-02-13,WI_1,WI,HOBBIES_1,601,604.7635521157479,3.7635521157478706
2016-02-13,WI_1,WI,HOBBIES_2,41,30.3907387443889,10.609261255611099
2016-02-13,WI_1,WI,HOUSEHOLD_1,938,836.8727686073967,101.12723139260333
2016-02-13,WI_1,WI,HOUSEHOLD_2,212,201.12748981203262,10.872510187967379
2016-02-13,WI_2,WI,FOODS_1,395,422.3260297382627,27.32602973826272
2016-02-13,WI_2,WI,FOODS_2,1261,1471.728226637661,210.728226637661
2016-02-13,WI_2,WI,FOODS_3,2701,3006.560285154291,305.5602851542908
2016-02-13,WI_2,WI,HOBBIES_1,315,298.32469288416536,16.67530711583464
2016-02-13,WI_2,WI,HOBBIES_2,37,38.60678937112439,1.6067893711243926
2016-02-13,WI_2,WI,HOUSEHOLD_1,1395,1331.0240738479376,63.97592615206236
2016-02-13,WI_2,WI,HOUSEHOLD_2,244,206.8951223738533,37.1048776261467
2016-02-13,WI_3,WI,FOODS_1,520,498.6683043254206,21.331695674579407
2016-02-13,WI_3,WI,FOODS_2,764,793.1993857870042,29.19938578700419
2016-02-13,WI_3,WI,FOODS_3,2769,2826.375041977053,57.375041977053115
2016-02-13,WI_3,WI,HOBBIES_1,319,316.67675119111124,2.3232488088887635
2016-02-13,WI_3,WI,HOBBIES_2,53,50.51799440030096,2.4820055996990433
2016-02-13,WI_3,WI,HOUSEHOLD_1,1017,904.7929443314163,112.20705566858373
2016-02-13,WI_3,WI,HOUSEHOLD_2,224,199.8061637222044,24.19383627779561
2016-02-14,CA_1,CA,FOODS_1,401,419.98394476973357,18.98394476973357
2016-02-14,CA_1,CA,FOODS_2,506,604.0247010210838,98.02470102108384
2016-02-14,CA_1,CA,FOODS_3,2262,2608.5316792859435,346.5316792859435
2016-02-14,CA_1,CA,HOBBIES_1,503,526.9874660362593,23.98746603625932
2016-02-14,CA_1,CA,HOBBIES_2,55,56.141881070733646,1.1418810707336462
2016-02-14,CA_1,CA,HOUSEHOLD_1,882,1018.734574502323,136.73457450232297
2016-02-14,CA_1,CA,HOUSEHOLD_2,225,248.19190064032912,23.191900640329123
2016-02-14,CA_2,CA,FOODS_1,556,587.1359946238045,31.13599462380455
2016-02-14,CA_2,CA,FOODS_2,540,588.6940326433819,48.69403264338189
2016-02-14,CA_2,CA,FOODS_3,2116,2542.2304121461034,426.2304121461034
2016-02-14,CA_2,CA,HOBBIES_1,410,371.4994635763763,38.500536423623714
2016-02-14,CA_2,CA,HOBBIES_2,48,57.400163675516794,9.400163675516794
2016-02-14,CA_2,CA,HOUSEHOLD_1,997,944.4491803463129,52.550819653687086
2016-02-14,CA_2,CA,HOUSEHOLD_2,349,360.44910714145425,11.449107141454249
2016-02-14,CA_3,CA,FOODS_1,573,671.3008783538115,98.30087835381153
2016-02-14,CA_3,CA,FOODS_2,673,830.5782513249776,157.5782513249776
2016-02-14,CA_3,CA,FOODS_3,3136,3545.902575906121,409.902575906121
2016-02-14,CA_3,CA,HOBBIES_1,582,638.1320895841781,56.13208958417806
2016-02-14,CA_3,CA,HOBBIES_2,24,53.534668306809415,29.534668306809415
2016-02-14,CA_3,CA,HOUSEHOLD_1,1520,1636.8759052198764,116.87590521987636
2016-02-14,CA_3,CA,HOUSEHOLD_2,344,378.23148085922804,34.23148085922804
2016-02-14,CA_4,CA,FOODS_1,250,237.35604990281598,12.643950097184018
2016-02-14,CA_4,CA,FOODS_2,337,394.28524885515026,57.28524885515026
2016-02-14,CA_4,CA,FOODS_3,984,1203.6058650955656,219.6058650955656
2016-02-14,CA_4,CA,HOBBIES_1,445,444.6066153357964,0.39338466420360874
2016-02-14,CA_4,CA,HOBBIES_2,14,30.989311071480316,16.989311071480316
2016-02-14,CA_4,CA,HOUSEHOLD_1,385,397.79118345823235,12.791183458232354
2016-02-14,CA_4,CA,HOUSEHOLD_2,121,127.99010231254117,6.990102312541168
2016-02-14,TX_1,TX,FOODS_1,174,231.1003247805158,57.10032478051579
2016-02-14,TX_1,TX,FOODS_2,473,474.4608207620729,1.460820762072899
2016-02-14,TX_1,TX,FOODS_3,1794,1850.8853059366209,56.88530593662085
2016-02-14,TX_1,TX,HOBBIES_1,302,292.0869842589452,9.913015741054778
2016-02-14,TX_1,TX,HOBBIES_2,49,51.35722771640433,2.3572277164043314
2016-02-14,TX_1,TX,HOUSEHOLD_1,866,910.6295972642855,44.62959726428551
2016-02-14,TX_1,TX,HOUSEHOLD_2,251,238.0355769786862,12.964423021313792
2016-02-14,TX_2,TX,FOODS_1,388,456.0334616199349,68.03346161993488
2016-02-14,TX_2,TX,FOODS_2,579,612.7436672358833,33.74366723588332
2016-02-14,TX_2,TX,FOODS_3,2349,2640.038575367122,291.0385753671221
2016-02-14,TX_2,TX,HOBBIES_1,360,360.31446373534374,0.31446373534373606
2016-02-14,TX_2,TX,HOBBIES_2,37,69.2301561177951,32.230156117795104
2016-02-14,TX_2,TX,HOUSEHOLD_1,947,1029.1481276365566,82.14812763655664
2016-02-14,TX_2,TX,HOUSEHOLD_2,275,283.32987849220154,8.329878492201544
2016-02-14,TX_3,TX,FOODS_1,305,405.4693718623493,100.4693718623493
2016-02-14,TX_3,TX,FOODS_2,590,624.2935872226714,34.29358722267136
2016-02-14,TX_3,TX,FOODS_3,2129,2194.3743228058424,65.37432280584244
2016-02-14,TX_3,TX,HOBBIES_1,449,417.0572689287861,31.942731071213927
2016-02-14,TX_3,TX,HOBBIES_2,33,56.162691046935194,23.162691046935194
2016-02-14,TX_3,TX,HOUSEHOLD_1,846,975.3515759337381,129.3515759337381
2016-02-14,TX_3,TX,HOUSEHOLD_2,196,229.76638099859048,33.76638099859048
2016-02-14,WI_1,WI,FOODS_1,383,343.09570236090497,39.904297639095034
2016-02-14,WI_1,WI,FOODS_2,977,872.0643582831665,104.93564171683352
2016-02-14,WI_1,WI,FOODS_3,1900,2043.5905088078084,143.59050880780842
2016-02-14,WI_1,WI,HOBBIES_1,336,401.1459492656584,65.14594926565837
2016-02-14,WI_1,WI,HOBBIES_2,22,25.332644658650374,3.3326446586503735
2016-02-14,WI_1,WI,HOUSEHOLD_1,663,701.0397749556537,38.039774955653684
2016-02-14,WI_1,WI,HOUSEHOLD_2,186,203.82038369991017,17.820383699910167
2016-02-14,WI_2,WI,FOODS_1,331,392.9670147241434,61.96701472414338
2016-02-14,WI_2,WI,FOODS_2,1483,1616.787246031746,133.787246031746
2016-02-14,WI_2,WI,FOODS_3,2968,2693.031247619047,274.968752380953
2016-02-14,WI_2,WI,HOBBIES_1,206,271.706491127283,65.70649112728302
2016-02-14,WI_2,WI,HOBBIES_2,34,38.16087378475937,4.160873784759367
2016-02-14,WI_2,WI,HOUSEHOLD_1,1033,1122.1541483350736,89.15414833507361
2016-02-14,WI_2,WI,HOUSEHOLD_2,153,209.5557146411441,56.55571464114411
2016-02-14,WI_3,WI,FOODS_1,489,452.0276695802604,36.97233041973959
2016-02-14,WI_3,WI,FOODS_2,722,676.5560702058132,45.44392979418683
2016-02-14,WI_3,WI,FOODS_3,2630,2445.2444865178395,184.7555134821605
2016-02-14,WI_3,WI,HOBBIES_1,187,257.41207465650155,70.41207465650155
2016-02-14,WI_3,WI,HOBBIES_2,7,38.862636451564455,31.862636451564455
2016-02-14,WI_3,WI,HOUSEHOLD_1,786,761.6992516849298,24.300748315070223
2016-02-14,WI_3,WI,HOUSEHOLD_2,211,212.9069724032656,1.9069724032655984
2016-02-15,CA_1,CA,FOODS_1,246,350.0700115846423,104.07001158464232
2016-02-15,CA_1,CA,FOODS_2,536,474.8747511156161,61.12524888438389
2016-02-15,CA_1,CA,FOODS_3,2227,1988.4548251027538,238.54517489724617
2016-02-15,CA_1,CA,HOBBIES_1,443,448.4179031222601,5.4179031222601
2016-02-15,CA_1,CA,HOBBIES_2,33,38.594343398343476,5.594343398343476
2016-02-15,CA_1,CA,HOUSEHOLD_1,905,738.341900474039,166.658099525961
2016-02-15,CA_1,CA,HOUSEHOLD_2,198,181.87397988658688,16.12602011341312
2016-02-15,CA_2,CA,FOODS_1,418,472.55112255879794,54.55112255879794
2016-02-15,CA_2,CA,FOODS_2,527,459.1812209164418,67.81877908355818
2016-02-15,CA_2,CA,FOODS_3,1993,1724.1249503202614,268.8750496797386
2016-02-15,CA_2,CA,HOBBIES_1,318,317.1090582119119,0.8909417880881279
2016-02-15,CA_2,CA,HOBBIES_2,21,34.927430753732764,13.927430753732764
2016-02-15,CA_2,CA,HOUSEHOLD_1,936,766.0916698863035,169.90833011369648
2016-02-15,CA_2,CA,HOUSEHOLD_2,349,286.44588704482135,62.55411295517865
2016-02-15,CA_3,CA,FOODS_1,592,564.8967609276084,27.103239072391602
2016-02-15,CA_3,CA,FOODS_2,772,662.355220773887,109.64477922611297
2016-02-15,CA_3,CA,FOODS_3,3481,2826.9709119375534,654.0290880624466
2016-02-15,CA_3,CA,HOBBIES_1,593,470.4071249262903,122.5928750737097
2016-02-15,CA_3,CA,HOBBIES_2,43,45.397769941046,2.3977699410460005
2016-02-15,CA_3,CA,HOUSEHOLD_1,1681,1347.7228716889513,333.2771283110487
2016-02-15,CA_3,CA,HOUSEHOLD_2,302,300.671817466187,1.328182533812992
2016-02-15,CA_4,CA,FOODS_1,167,210.76662154471964,43.76662154471964
2016-02-15,CA_4,CA,FOODS_2,376,331.970893027263,44.029106972737
2016-02-15,CA_4,CA,FOODS_3,1209,1045.8269653595676,163.17303464043243
2016-02-15,CA_4,CA,HOBBIES_1,296,336.69378252943113,40.69378252943113
2016-02-15,CA_4,CA,HOBBIES_2,7,19.538356481622255,12.538356481622255
2016-02-15,CA_4,CA,HOUSEHOLD_1,437,348.9660743213863,88.03392567861368
2016-02-15,CA_4,CA,HOUSEHOLD_2,125,111.14647365264527,13.85352634735473
2016-02-15,TX_1,TX,FOODS_1,189,196.87536262726866,7.875362627268657
2016-02-15,TX_1,TX,FOODS_2,461,401.83641289976663,59.16358710023337
2016-02-15,TX_1,TX,FOODS_3,1572,1461.1014798015776,110.89852019842237
2016-02-15,TX_1,TX,HOBBIES_1,269,221.92696272049804,47.07303727950196
2016-02-15,TX_1,TX,HOBBIES_2,26,36.14079741618893,10.140797416188931
2016-02-15,TX_1,TX,HOUSEHOLD_1,921,736.6226576620238,184.3773423379762
2016-02-15,TX_1,TX,HOUSEHOLD_2,211,180.2696852557898,30.730314744210204
2016-02-15,TX_2,TX,FOODS_1,217,413.46427157954383,196.46427157954383
2016-02-15,TX_2,TX,FOODS_2,588,480.30076714332586,107.69923285667414
2016-02-15,TX_2,TX,FOODS_3,2035,2149.268690895643,114.26869089564298
2016-02-15,TX_2,TX,HOBBIES_1,334,306.23413811738226,27.76586188261774
2016-02-15,TX_2,TX,HOBBIES_2,24,64.63864726645853,40.638647266458534
2016-02-15,TX_2,TX,HOUSEHOLD_1,921,837.8453305164202,83.15466948357982
2016-02-15,TX_2,TX,HOUSEHOLD_2,182,212.75092160475708,30.75092160475708
2016-02-15,TX_3,TX,FOODS_1,266,353.13665374943105,87.13665374943105
2016-02-15,TX_3,TX,FOODS_2,678,515.0681685653793,162.93183143462068
2016-02-15,TX_3,TX,FOODS_3,1813,1739.589955970063,73.4100440299369
2016-02-15,TX_3,TX,HOBBIES_1,337,344.45824664796123,7.458246647961232
2016-02-15,TX_3,TX,HOBBIES_2,30,47.976636991027256,17.976636991027256
2016-02-15,TX_3,TX,HOUSEHOLD_1,849,761.7275687068937,87.27243129310625
2016-02-15,TX_3,TX,HOUSEHOLD_2,192,171.08218757382238,20.91781242617762
2016-02-15,WI_1,WI,FOODS_1,328,320.49855866768206,7.501441332317938
2016-02-15,WI_1,WI,FOODS_2,699,659.1308183789924,39.869181621007556
2016-02-15,WI_1,WI,FOODS_3,1495,1628.5925342775079,133.59253427750787
2016-02-15,WI_1,WI,HOBBIES_1,307,326.18416085496324,19.18416085496324
2016-02-15,WI_1,WI,HOBBIES_2,22,24.07248735852141,2.0724873585214105
2016-02-15,WI_1,WI,HOUSEHOLD_1,544,531.5036285224745,12.496371477525486
2016-02-15,WI_1,WI,HOUSEHOLD_2,129,142.28930972608714,13.28930972608714
2016-02-15,WI_2,WI,FOODS_1,269,324.3924408710825,55.3924408710825
2016-02-15,WI_2,WI,FOODS_2,1645,1248.2791710098109,396.72082899018915
2016-02-15,WI_2,WI,FOODS_3,3431,2437.0168252466115,993.9831747533885
2016-02-15,WI_2,WI,HOBBIES_1,241,232.18671913116515,8.813280868834852
2016-02-15,WI_2,WI,HOBBIES_2,20,30.38706828742714,10.387068287427141
2016-02-15,WI_2,WI,HOUSEHOLD_1,1020,1043.6819756356576,23.681975635657636
2016-02-15,WI_2,WI,HOUSEHOLD_2,157,153.05620472613,3.943795273869995
2016-02-15,WI_3,WI,FOODS_1,318,404.5759107079688,86.57591070796877
2016-02-15,WI_3,WI,FOODS_2,771,585.1787467726618,185.82125322733816
2016-02-15,WI_3,WI,FOODS_3,2363,2401.730051976165,38.730051976165214
2016-02-15,WI_3,WI,HOBBIES_1,214,206.35253256244522,7.647467437554781
2016-02-15,WI_3,WI,HOBBIES_2,15,38.41896869455745,23.41896869455745
2016-02-15,WI_3,WI,HOUSEHOLD_1,659,626.1522503603519,32.8477496396481
2016-02-15,WI_3,WI,HOUSEHOLD_2,159,153.13597891831552,5.864021081684484
2016-02-16,CA_1,CA,FOODS_1,238,302.41403424784164,64.41403424784164
2016-02-16,CA_1,CA,FOODS_2,432,426.2735481946764,5.72645180532362
2016-02-16,CA_1,CA,FOODS_3,1709,1745.1592753021184,36.15927530211843
2016-02-16,CA_1,CA,HOBBIES_1,478,411.4693426931819,66.53065730681811
2016-02-16,CA_1,CA,HOBBIES_2,17,33.211228401254395,16.211228401254395
2016-02-16,CA_1,CA,HOUSEHOLD_1,633,576.5679339549444,56.43206604505565
2016-02-16,CA_1,CA,HOUSEHOLD_2,143,169.47506169970623,26.47506169970623
2016-02-16,CA_2,CA,FOODS_1,334,398.032623874985,64.032623874985
2016-02-16,CA_2,CA,FOODS_2,369,406.95683365189984,37.95683365189984
2016-02-16,CA_2,CA,FOODS_3,1512,1592.5218644017884,80.52186440178843
2016-02-16,CA_2,CA,HOBBIES_1,398,323.3793739181232,74.62062608187682
2016-02-16,CA_2,CA,HOBBIES_2,29,30.790672454607325,1.790672454607325
2016-02-16,CA_2,CA,HOUSEHOLD_1,569,581.2904195575521,12.290419557552127
2016-02-16,CA_2,CA,HOUSEHOLD_2,229,254.03917223312405,25.03917223312405
2016-02-16,CA_3,CA,FOODS_1,339,534.4658216988811,195.4658216988811
2016-02-16,CA_3,CA,FOODS_2,760,662.524227714796,97.47577228520402
2016-02-16,CA_3,CA,FOODS_3,2676,2787.351738591758,111.35173859175802
2016-02-16,CA_3,CA,HOBBIES_1,607,469.0635956747999,137.9364043252001
2016-02-16,CA_3,CA,HOBBIES_2,39,44.72901748110252,5.729017481102517
2016-02-16,CA_3,CA,HOUSEHOLD_1,1313,1199.8485667004338,113.15143329956618
2016-02-16,CA_3,CA,HOUSEHOLD_2,253,262.3226330057159,9.322633005715886
2016-02-16,CA_4,CA,FOODS_1,145,195.6304879981734,50.63048799817341
2016-02-16,CA_4,CA,FOODS_2,314,308.1677364616111,5.832263538388872
2016-02-16,CA_4,CA,FOODS_3,924,935.0249786524759,11.024978652475852
2016-02-16,CA_4,CA,HOBBIES_1,360,338.92355844703576,21.07644155296424
2016-02-16,CA_4,CA,HOBBIES_2,9,21.594400716882824,12.594400716882824
2016-02-16,CA_4,CA,HOUSEHOLD_1,316,322.146500378541,6.14650037854102
2016-02-16,CA_4,CA,HOUSEHOLD_2,104,108.8617191603497,4.861719160349693
2016-02-16,TX_1,TX,FOODS_1,211,202.45787356843135,8.542126431568647
2016-02-16,TX_1,TX,FOODS_2,401,354.8487719705401,46.1512280294599
2016-02-16,TX_1,TX,FOODS_3,1376,1366.0686300078992,9.931369992100826
2016-02-16,TX_1,TX,HOBBIES_1,206,226.4114572917625,20.411457291762503
2016-02-16,TX_1,TX,HOBBIES_2,33,37.04993900388129,4.049939003881292
2016-02-16,TX_1,TX,HOUSEHOLD_1,727,733.3363810074205,6.336381007420528
2016-02-16,TX_1,TX,HOUSEHOLD_2,178,181.26002843184241,3.2600284318424144
2016-02-16,TX_2,TX,FOODS_1,156,315.66679621064986,159.66679621064986
2016-02-16,TX_2,TX,FOODS_2,405,427.07110179166614,22.071101791666138
2016-02-16,TX_2,TX,FOODS_3,1959,1860.161690562507,98.83830943749308
2016-02-16,TX_2,TX,HOBBIES_1,295,278.4005176253661,16.599482374633908
2016-02-16,TX_2,TX,HOBBIES_2,27,50.048562628531755,23.048562628531755
2016-02-16,TX_2,TX,HOUSEHOLD_1,713,776.7231268239484,63.723126823948405
2016-02-16,TX_2,TX,HOUSEHOLD_2,160,204.39957937366844,44.399579373668445
2016-02-16,TX_3,TX,FOODS_1,185,310.91885101541493,125.91885101541493
2016-02-16,TX_3,TX,FOODS_2,585,507.9543942908765,77.04560570912349
2016-02-16,TX_3,TX,FOODS_3,1621,1567.6901979447005,53.30980205529954
2016-02-16,TX_3,TX,HOBBIES_1,254,323.4535849651853,69.45358496518531
2016-02-16,TX_3,TX,HOBBIES_2,31,44.552343051329636,13.552343051329636
2016-02-16,TX_3,TX,HOUSEHOLD_1,657,753.5646298786602,96.56462987866018
2016-02-16,TX_3,TX,HOUSEHOLD_2,161,158.01106279190213,2.988937208097866
2016-02-16,WI_1,WI,FOODS_1,272,311.7753852425043,39.775385242504285
2016-02-16,WI_1,WI,FOODS_2,627,639.9290105671549,12.929010567154933
2016-02-16,WI_1,WI,FOODS_3,1364,1458.8632427312396,94.86324273123955
2016-02-16,WI_1,WI,HOBBIES_1,317,321.29102852145576,4.2910285214557575
2016-02-16,WI_1,WI,HOBBIES_2,12,23.30830482167996,11.308304821679961
2016-02-16,WI_1,WI,HOUSEHOLD_1,451,529.5845832009535,78.58458320095349
2016-02-16,WI_1,WI,HOUSEHOLD_2,130,139.4408341990256,9.440834199025602
2016-02-16,WI_2,WI,FOODS_1,228,311.5048209111638,83.50482091116379
2016-02-16,WI_2,WI,FOODS_2,1192,1228.8625990574137,36.86259905741372
2016-02-16,WI_2,WI,FOODS_3,2571,2343.5512538866446,227.44874611335536
2016-02-16,WI_2,WI,HOBBIES_1,168,215.220059343697,47.22005934369699
2016-02-16,WI_2,WI,HOBBIES_2,12,29.617083887638504,17.617083887638504
2016-02-16,WI_2,WI,HOUSEHOLD_1,1078,1046.688041230605,31.311958769395005
2016-02-16,WI_2,WI,HOUSEHOLD_2,117,148.7454393438291,31.745439343829105
2016-02-16,WI_3,WI,FOODS_1,297,351.6692484624811,54.66924846248111
2016-02-16,WI_3,WI,FOODS_2,540,590.1625550956379,50.16255509563791
2016-02-16,WI_3,WI,FOODS_3,1800,2134.328392605315,334.328392605315
2016-02-16,WI_3,WI,HOBBIES_1,206,207.47679725597987,1.476797255979875
2016-02-16,WI_3,WI,HOBBIES_2,48,36.05309320628007,11.946906793719933
2016-02-16,WI_3,WI,HOUSEHOLD_1,558,609.250681035347,51.25068103534704
2016-02-16,WI_3,WI,HOUSEHOLD_2,124,150.05203321876976,26.052033218769765
2016-02-17,CA_1,CA,FOODS_1,252,302.7406746510607,50.740674651060715
2016-02-17,CA_1,CA,FOODS_2,412,418.5719448858877,6.571944885887717
2016-02-17,CA_1,CA,FOODS_3,1707,1652.0867339433553,54.913266056644716
2016-02-17,CA_1,CA,HOBBIES_1,539,428.6714272758639,110.32857272413611
2016-02-17,CA_1,CA,HOBBIES_2,18,33.21175182839341,15.21175182839341
2016-02-17,CA_1,CA,HOUSEHOLD_1,683,630.1803544851939,52.8196455148061
2016-02-17,CA_1,CA,HOUSEHOLD_2,166,168.27897209255366,2.2789720925536585
2016-02-17,CA_2,CA,FOODS_1,327,384.20940502024575,57.209405020245754
2016-02-17,CA_2,CA,FOODS_2,432,385.19773857136994,46.80226142863006
2016-02-17,CA_2,CA,FOODS_3,1432,1484.9947290479402,52.994729047940154
2016-02-17,CA_2,CA,HOBBIES_1,308,318.9818245998098,10.981824599809784
2016-02-17,CA_2,CA,HOBBIES_2,33,30.787303383197738,2.212696616802262
2016-02-17,CA_2,CA,HOUSEHOLD_1,515,606.8615118050988,91.86151180509876
2016-02-17,CA_2,CA,HOUSEHOLD_2,207,250.31878958219312,43.31878958219312
2016-02-17,CA_3,CA,FOODS_1,362,456.02746473561825,94.02746473561825
2016-02-17,CA_3,CA,FOODS_2,673,664.4003692228438,8.599630777156221
2016-02-17,CA_3,CA,FOODS_3,2522,2680.2250644798373,158.22506447983733
2016-02-17,CA_3,CA,HOBBIES_1,418,478.34505465474746,60.34505465474746
2016-02-17,CA_3,CA,HOBBIES_2,35,41.10958835643092,6.109588356430919
2016-02-17,CA_3,CA,HOUSEHOLD_1,1200,1198.8736348313898,1.126365168610164
2016-02-17,CA_3,CA,HOUSEHOLD_2,255,256.55991374162704,1.5599137416270423
2016-02-17,CA_4,CA,FOODS_1,153,188.00088100861598,35.00088100861598
2016-02-17,CA_4,CA,FOODS_2,317,300.69733494933354,16.302665050666462
2016-02-17,CA_4,CA,FOODS_3,886,930.5692734314055,44.56927343140546
2016-02-17,CA_4,CA,HOBBIES_1,264,345.74770911248015,81.74770911248015
2016-02-17,CA_4,CA,HOBBIES_2,9,16.748020861788042,7.748020861788042
2016-02-17,CA_4,CA,HOUSEHOLD_1,311,317.06197074684036,6.061970746840359
2016-02-17,CA_4,CA,HOUSEHOLD_2,119,109.42910703283725,9.570892967162749
2016-02-17,TX_1,TX,FOODS_1,149,203.6748786864674,54.674878686467395
2016-02-17,TX_1,TX,FOODS_2,334,348.75191236644264,14.751912366442639
2016-02-17,TX_1,TX,FOODS_3,1331,1356.9987484415863,25.998748441586258
2016-02-17,TX_1,TX,HOBBIES_1,235,220.91485532714574,14.085144672854256
2016-02-17,TX_1,TX,HOBBIES_2,16,35.365089406843985,19.365089406843985
2016-02-17,TX_1,TX,HOUSEHOLD_1,642,684.1252696669951,42.12526966699511
2016-02-17,TX_1,TX,HOUSEHOLD_2,158,173.59995049494293,15.59995049494293
2016-02-17,TX_2,TX,FOODS_1,229,251.90111699202177,22.90111699202177
2016-02-17,TX_2,TX,FOODS_2,386,397.19076311860124,11.19076311860124
2016-02-17,TX_2,TX,FOODS_3,1658,1739.5789715213366,81.5789715213366
2016-02-17,TX_2,TX,HOBBIES_1,274,268.9322563972879,5.067743602712085
2016-02-17,TX_2,TX,HOBBIES_2,39,43.35442385562881,4.354423855628809
2016-02-17,TX_2,TX,HOUSEHOLD_1,849,723.6789929172618,125.32100708273822
2016-02-17,TX_2,TX,HOUSEHOLD_2,211,194.99185029463882,16.008149705361177
2016-02-17,TX_3,TX,FOODS_1,295,276.20472631981306,18.795273680186938
2016-02-17,TX_3,TX,FOODS_2,481,482.35746588340635,1.3574658834063484
2016-02-17,TX_3,TX,FOODS_3,1446,1536.7398711792505,90.73987117925049
2016-02-17,TX_3,TX,HOBBIES_1,342,315.04922394656637,26.95077605343363
2016-02-17,TX_3,TX,HOBBIES_2,31,41.153380245179726,10.153380245179726
2016-02-17,TX_3,TX,HOUSEHOLD_1,624,670.6628245934668,46.66282459346678
2016-02-17,TX_3,TX,HOUSEHOLD_2,174,161.38409473674855,12.615905263251449
2016-02-17,WI_1,WI,FOODS_1,288,305.02187741464235,17.021877414642347
2016-02-17,WI_1,WI,FOODS_2,569,613.3983744801507,44.398374480150665
2016-02-17,WI_1,WI,FOODS_3,1459,1375.8879206792417,83.11207932075831
2016-02-17,WI_1,WI,HOBBIES_1,318,330.22887474098155,12.228874740981553
2016-02-17,WI_1,WI,HOBBIES_2,41,25.889634177246407,15.110365822753593
2016-02-17,WI_1,WI,HOUSEHOLD_1,586,511.93712148263626,74.06287851736374
2016-02-17,WI_1,WI,HOUSEHOLD_2,144,138.79586232464442,5.204137675355582
2016-02-17,WI_2,WI,FOODS_1,264,290.4147394514797,26.414739451479704
2016-02-17,WI_2,WI,FOODS_2,1128,1243.1525626572043,115.15256265720427
2016-02-17,WI_2,WI,FOODS_3,2394,2428.43490188172,34.43490188172018
2016-02-17,WI_2,WI,HOBBIES_1,216,218.11104037445287,2.1110403744528696
2016-02-17,WI_2,WI,HOBBIES_2,45,32.16656645090831,12.833433549091687
2016-02-17,WI_2,WI,HOUSEHOLD_1,1130,1077.2996287422075,52.70037125779254
2016-02-17,WI_2,WI,HOUSEHOLD_2,142,148.9590676835586,6.959067683558601
2016-02-17,WI_3,WI,FOODS_1,236,341.4808564481845,105.48085644818451
2016-02-17,WI_3,WI,FOODS_2,509,534.0474913220073,25.047491322007318
2016-02-17,WI_3,WI,FOODS_3,1728,2061.5623967440174,333.5623967440174
2016-02-17,WI_3,WI,HOBBIES_1,178,204.57812122642423,26.57812122642423
2016-02-17,WI_3,WI,HOBBIES_2,35,33.03577445169194,1.9642255483080575
2016-02-17,WI_3,WI,HOUSEHOLD_1,531,557.2834803061148,26.283480306114825
2016-02-17,WI_3,WI,HOUSEHOLD_2,145,146.84093369482028,1.8409336948202792
2016-02-18,CA_1,CA,FOODS_1,244,287.97687398546253,43.97687398546253
2016-02-18,CA_1,CA,FOODS_2,421,394.56910834410695,26.43089165589305
2016-02-18,CA_1,CA,FOODS_3,1811,1636.7033456754805,174.29665432451952
2016-02-18,CA_1,CA,HOBBIES_1,471,432.2578285470121,38.74217145298792
2016-02-18,CA_1,CA,HOBBIES_2,43,32.830804282475945,10.169195717524055
2016-02-18,CA_1,CA,HOUSEHOLD_1,696,537.6198191432233,158.38018085677675
2016-02-18,CA_1,CA,HOUSEHOLD_2,182,163.71085003543323,18.289149964566775
2016-02-18,CA_2,CA,FOODS_1,344,380.9432714753836,36.9432714753836
2016-02-18,CA_2,CA,FOODS_2,365,392.4544495385835,27.454449538583503
2016-02-18,CA_2,CA,FOODS_3,1672,1450.1047365865475,221.89526341345254
2016-02-18,CA_2,CA,HOBBIES_1,280,316.1913307761177,36.191330776117695
2016-02-18,CA_2,CA,HOBBIES_2,36,30.127219918396346,5.872780081603654
2016-02-18,CA_2,CA,HOUSEHOLD_1,625,606.8397917267727,18.16020827322734
2016-02-18,CA_2,CA,HOUSEHOLD_2,273,251.41194560778015,21.588054392219846
2016-02-18,CA_3,CA,FOODS_1,386,411.7978047003575,25.797804700357517
2016-02-18,CA_3,CA,FOODS_2,595,605.60968971197,10.609689711969963
2016-02-18,CA_3,CA,FOODS_3,2373,2577.436674289079,204.43667428907884
2016-02-18,CA_3,CA,HOBBIES_1,458,495.38593968857066,37.38593968857066
2016-02-18,CA_3,CA,HOBBIES_2,48,38.63822425670224,9.361775743297763
2016-02-18,CA_3,CA,HOUSEHOLD_1,1242,1192.53818372799,49.46181627201008
2016-02-18,CA_3,CA,HOUSEHOLD_2,322,255.42777661543695,66.57222338456305
2016-02-18,CA_4,CA,FOODS_1,172,187.87260813629086,15.872608136290864
2016-02-18,CA_4,CA,FOODS_2,287,294.53984478273554,7.539844782735543
2016-02-18,CA_4,CA,FOODS_3,1042,918.5492562220036,123.45074377799642
2016-02-18,CA_4,CA,HOBBIES_1,459,343.07532032251993,115.92467967748007
2016-02-18,CA_4,CA,HOBBIES_2,18,16.349729261497817,1.6502707385021829
2016-02-18,CA_4,CA,HOUSEHOLD_1,316,316.84932013522644,0.849320135226435
2016-02-18,CA_4,CA,HOUSEHOLD_2,125,112.09203273687878,12.907967263121222
2016-02-18,TX_1,TX,FOODS_1,204,188.44147584215284,15.55852415784716
2016-02-18,TX_1,TX,FOODS_2,292,325.08203546783255,33.082035467832554
2016-02-18,TX_1,TX,FOODS_3,1328,1309.4864432894663,18.51355671053375
2016-02-18,TX_1,TX,HOBBIES_1,233,217.7968277651407,15.203172234859295
2016-02-18,TX_1,TX,HOBBIES_2,26,32.53146826314276,6.531468263142763
2016-02-18,TX_1,TX,HOUSEHOLD_1,650,674.0598883215904,24.059888321590392
2016-02-18,TX_1,TX,HOUSEHOLD_2,146,167.70207906140357,21.702079061403566
2016-02-18,TX_2,TX,FOODS_1,204,237.97122738953033,33.97122738953033
2016-02-18,TX_2,TX,FOODS_2,358,378.8984359405134,20.898435940513423
2016-02-18,TX_2,TX,FOODS_3,1787,1598.4398484312424,188.56015156875765
2016-02-18,TX_2,TX,HOBBIES_1,289,268.3388954080527,20.66110459194732
2016-02-18,TX_2,TX,HOBBIES_2,49,44.62620349375877,4.373796506241227
2016-02-18,TX_2,TX,HOUSEHOLD_1,852,792.8964287360144,59.1035712639856
2016-02-18,TX_2,TX,HOUSEHOLD_2,210,192.1565931222046,17.84340687779539
2016-02-18,TX_3,TX,FOODS_1,352,290.2935765214155,61.7064234785845
2016-02-18,TX_3,TX,FOODS_2,438,448.4920114187548,10.492011418754828
2016-02-18,TX_3,TX,FOODS_3,1453,1433.3800955811469,19.61990441885314
2016-02-18,TX_3,TX,HOBBIES_1,329,316.5173228601845,12.482677139815507
2016-02-18,TX_3,TX,HOBBIES_2,51,39.29465269351666,11.70534730648334
2016-02-18,TX_3,TX,HOUSEHOLD_1,704,648.6461062481554,55.353893751844566
2016-02-18,TX_3,TX,HOUSEHOLD_2,147,155.17631723680034,8.176317236800344
2016-02-18,WI_1,WI,FOODS_1,265,299.7739111506201,34.77391115062011
2016-02-18,WI_1,WI,FOODS_2,542,566.3786915066208,24.37869150662084
2016-02-18,WI_1,WI,FOODS_3,1439,1367.8598475997535,71.1401524002465
2016-02-18,WI_1,WI,HOBBIES_1,306,318.5373937895514,12.537393789551402
2016-02-18,WI_1,WI,HOBBIES_2,26,22.687273603393773,3.3127263966062266
2016-02-18,WI_1,WI,HOUSEHOLD_1,500,528.9966611655088,28.99666116550884
2016-02-18,WI_1,WI,HOUSEHOLD_2,129,132.20270751663082,3.2027075166308236
2016-02-18,WI_2,WI,FOODS_1,250,265.7732056824951,15.773205682495075
2016-02-18,WI_2,WI,FOODS_2,831,1207.3449017106745,376.34490171067455
2016-02-18,WI_2,WI,FOODS_3,2153,2383.487434771978,230.48743477197786
2016-02-18,WI_2,WI,HOBBIES_1,251,213.1126083754997,37.88739162450031
2016-02-18,WI_2,WI,HOBBIES_2,21,27.870253414928712,6.870253414928712
2016-02-18,WI_2,WI,HOUSEHOLD_1,1209,1046.4530758954954,162.54692410450457
2016-02-18,WI_2,WI,HOUSEHOLD_2,146,146.99151351982104,0.9915135198210407
2016-02-18,WI_3,WI,FOODS_1,171,250.31380944589029,79.31380944589029
2016-02-18,WI_3,WI,FOODS_2,370,491.49110143228745,121.49110143228745
2016-02-18,WI_3,WI,FOODS_3,1591,1627.726344635812,36.726344635811984
2016-02-18,WI_3,WI,HOBBIES_1,176,200.45048053992065,24.450480539920648
2016-02-18,WI_3,WI,HOBBIES_2,33,23.899296125174956,9.100703874825044
2016-02-18,WI_3,WI,HOUSEHOLD_1,489,505.77876969269965,16.778769692699655
2016-02-18,WI_3,WI,HOUSEHOLD_2,130,136.82666484602075,6.826664846020748
2016-02-19,CA_1,CA,FOODS_1,339,314.72356951332455,24.27643048667545
2016-02-19,CA_1,CA,FOODS_2,436,440.103662979107,4.103662979107014
2016-02-19,CA_1,CA,FOODS_3,2020,1883.4195100512327,136.5804899487673
2016-02-19,CA_1,CA,HOBBIES_1,533,461.40852212329156,71.59147787670844
2016-02-19,CA_1,CA,HOBBIES_2,32,34.20523813466147,2.205238134661471
2016-02-19,CA_1,CA,HOUSEHOLD_1,813,704.9810672664805,108.01893273351948
2016-02-19,CA_1,CA,HOUSEHOLD_2,240,211.67645786976834,28.323542130231658
2016-02-19,CA_2,CA,FOODS_1,518,442.03293936756796,75.96706063243204
2016-02-19,CA_2,CA,FOODS_2,473,431.83274633342165,41.16725366657835
2016-02-19,CA_2,CA,FOODS_3,1857,1816.2666790316462,40.73332096835384
2016-02-19,CA_2,CA,HOBBIES_1,278,358.99011859933495,80.99011859933495
2016-02-19,CA_2,CA,HOBBIES_2,37,30.643319272289187,6.356680727710813
2016-02-19,CA_2,CA,HOUSEHOLD_1,663,719.2243329764148,56.22433297641476
2016-02-19,CA_2,CA,HOUSEHOLD_2,279,289.8075801326628,10.807580132662792
2016-02-19,CA_3,CA,FOODS_1,400,461.6949499135692,61.69494991356919
2016-02-19,CA_3,CA,FOODS_2,662,598.5086730309143,63.49132696908566
2016-02-19,CA_3,CA,FOODS_3,2775,2657.2890991340164,117.7109008659836
2016-02-19,CA_3,CA,HOBBIES_1,639,524.9253200108272,114.07467998917275
2016-02-19,CA_3,CA,HOBBIES_2,68,39.6725060500852,28.327493949914803
2016-02-19,CA_3,CA,HOUSEHOLD_1,1291,1252.0774304094493,38.922569590550665
2016-02-19,CA_3,CA,HOUSEHOLD_2,323,293.94716636060866,29.052833639391338
2016-02-19,CA_4,CA,FOODS_1,204,211.46215372439607,7.4621537243960745
2016-02-19,CA_4,CA,FOODS_2,324,324.00283958425734,0.0028395842573445407
2016-02-19,CA_4,CA,FOODS_3,1027,961.9781359578084,65.02186404219162
2016-02-19,CA_4,CA,HOBBIES_1,361,377.2166002443002,16.216600244300196
2016-02-19,CA_4,CA,HOBBIES_2,12,12.558183498570635,0.5581834985706351
2016-02-19,CA_4,CA,HOUSEHOLD_1,384,333.1548936088648,50.845106391135175
2016-02-19,CA_4,CA,HOUSEHOLD_2,126,122.03577047800567,3.9642295219943264
2016-02-19,TX_1,TX,FOODS_1,219,214.51450296085414,4.485497039145855
2016-02-19,TX_1,TX,FOODS_2,307,370.5975729047352,63.597572904735216
2016-02-19,TX_1,TX,FOODS_3,1348,1346.3307758873486,1.6692241126513636
2016-02-19,TX_1,TX,HOBBIES_1,221,251.8917106920089,30.8917106920089
2016-02-19,TX_1,TX,HOBBIES_2,13,29.155676182280395,16.155676182280395
2016-02-19,TX_1,TX,HOUSEHOLD_1,797,730.0808245131109,66.91917548688912
2016-02-19,TX_1,TX,HOUSEHOLD_2,191,196.6946945597809,5.694694559780913
2016-02-19,TX_2,TX,FOODS_1,286,290.39021418993207,4.390214189932067
2016-02-19,TX_2,TX,FOODS_2,377,407.16851853675456,30.16851853675456
2016-02-19,TX_2,TX,FOODS_3,2016,1966.477704679526,49.522295320474086
2016-02-19,TX_2,TX,HOBBIES_1,275,297.73999795790905,22.739997957909054
2016-02-19,TX_2,TX,HOBBIES_2,57,45.77814008323408,11.221859916765922
2016-02-19,TX_2,TX,HOUSEHOLD_1,890,866.1659053884442,23.83409461155577
2016-02-19,TX_2,TX,HOUSEHOLD_2,202,229.28479420411244,27.284794204112444
2016-02-19,TX_3,TX,FOODS_1,300,330.1899871221864,30.18998712218638
2016-02-19,TX_3,TX,FOODS_2,389,503.5168062412039,114.51680624120388
2016-02-19,TX_3,TX,FOODS_3,1560,1678.6697300844587,118.6697300844587
2016-02-19,TX_3,TX,HOBBIES_1,365,396.4271437854872,31.427143785487203
2016-02-19,TX_3,TX,HOBBIES_2,40,38.179913692676635,1.8200863073233648
2016-02-19,TX_3,TX,HOUSEHOLD_1,834,749.1666998438496,84.83330015615036
2016-02-19,TX_3,TX,HOUSEHOLD_2,139,170.66220031484133,31.66220031484133
2016-02-19,WI_1,WI,FOODS_1,332,342.71683576767316,10.71683576767316
2016-02-19,WI_1,WI,FOODS_2,611,591.7724753928377,19.22752460716231
2016-02-19,WI_1,WI,FOODS_3,1770,1648.5849973339773,121.4150026660227
2016-02-19,WI_1,WI,HOBBIES_1,363,375.04712376822806,12.047123768228062
2016-02-19,WI_1,WI,HOBBIES_2,38,30.52867597618243,7.471324023817569
2016-02-19,WI_1,WI,HOUSEHOLD_1,603,631.9640119341936,28.96401193419365
2016-02-19,WI_1,WI,HOUSEHOLD_2,129,150.9371982244548,21.93719822445479
2016-02-19,WI_2,WI,FOODS_1,292,316.38945690579544,24.38945690579544
2016-02-19,WI_2,WI,FOODS_2,773,1095.2831272211506,322.2831272211506
2016-02-19,WI_2,WI,FOODS_3,2114,2353.34914010989,239.34914010988996
2016-02-19,WI_2,WI,HOBBIES_1,280,263.99744849957887,16.002551500421134
2016-02-19,WI_2,WI,HOBBIES_2,38,30.09082834893356,7.9091716510664405
2016-02-19,WI_2,WI,HOUSEHOLD_1,1157,1075.8600053986895,81.13999460131049
2016-02-19,WI_2,WI,HOUSEHOLD_2,181,156.3764043533106,24.62359564668941
2016-02-19,WI_3,WI,FOODS_1,262,315.88071563886905,53.88071563886905
2016-02-19,WI_3,WI,FOODS_2,451,502.33908873652234,51.33908873652234
2016-02-19,WI_3,WI,FOODS_3,1946,1869.1771432552914,76.82285674470859
2016-02-19,WI_3,WI,HOBBIES_1,254,234.89571533532853,19.104284664671468
2016-02-19,WI_3,WI,HOBBIES_2,34,30.38595367076821,3.6140463292317904
2016-02-19,WI_3,WI,HOUSEHOLD_1,687,658.8080844069403,28.19191559305966
2016-02-19,WI_3,WI,HOUSEHOLD_2,137,158.34780823020444,21.347808230204436
2016-02-20,CA_1,CA,FOODS_1,364,382.4816784546778,18.48167845467782
2016-02-20,CA_1,CA,FOODS_2,579,597.5128713898599,18.512871389859924
2016-02-20,CA_1,CA,FOODS_3,2526,2494.6891091645534,31.31089083544657
2016-02-20,CA_1,CA,HOBBIES_1,548,603.2452256873482,55.24522568734824
2016-02-20,CA_1,CA,HOBBIES_2,39,41.621051991207295,2.6210519912072954
2016-02-20,CA_1,CA,HOUSEHOLD_1,976,1102.5641387018243,126.56413870182428
2016-02-20,CA_1,CA,HOUSEHOLD_2,251,258.0861480500183,7.086148050018323
2016-02-20,CA_2,CA,FOODS_1,598,536.7935676804717,61.20643231952829
2016-02-20,CA_2,CA,FOODS_2,632,611.5566485380018,20.44335146199819
2016-02-20,CA_2,CA,FOODS_3,2406,2405.0666445250567,0.9333554749432551
2016-02-20,CA_2,CA,HOBBIES_1,550,530.5832262268528,19.416773773147156
2016-02-20,CA_2,CA,HOBBIES_2,63,52.30082699605236,10.699173003947642
2016-02-20,CA_2,CA,HOUSEHOLD_1,1064,1067.0555540569148,3.0555540569148434
2016-02-20,CA_2,CA,HOUSEHOLD_2,418,386.59539005959095,31.404609940409046
2016-02-20,CA_3,CA,FOODS_1,589,599.2721286482335,10.272128648233547
2016-02-20,CA_3,CA,FOODS_2,724,826.1143572594191,102.11435725941908
2016-02-20,CA_3,CA,FOODS_3,3433,3406.350676460382,26.649323539617853
2016-02-20,CA_3,CA,HOBBIES_1,742,704.2670215429245,37.732978457075546
2016-02-20,CA_3,CA,HOBBIES_2,63,50.822214650296175,12.177785349703825
2016-02-20,CA_3,CA,HOUSEHOLD_1,1723,1664.6897478750898,58.31025212491022
2016-02-20,CA_3,CA,HOUSEHOLD_2,394,381.7339303548257,12.266069645174298
2016-02-20,CA_4,CA,FOODS_1,158,217.01784585790995,59.01784585790995
2016-02-20,CA_4,CA,FOODS_2,432,404.7125321254644,27.287467874535594
2016-02-20,CA_4,CA,FOODS_3,1106,1187.2799939837437,81.27999398374368
2016-02-20,CA_4,CA,HOBBIES_1,390,441.34676106437735,51.34676106437735
2016-02-20,CA_4,CA,HOBBIES_2,7,13.800320823827017,6.8003208238270165
2016-02-20,CA_4,CA,HOUSEHOLD_1,431,464.92352056321465,33.92352056321465
2016-02-20,CA_4,CA,HOUSEHOLD_2,142,146.58673345187398,4.586733451873982
2016-02-20,TX_1,TX,FOODS_1,194,227.31236300024125,33.31236300024125
2016-02-20,TX_1,TX,FOODS_2,429,428.5360303462268,0.46396965377317656
2016-02-20,TX_1,TX,FOODS_3,1618,1709.317815836941,91.31781583694101
2016-02-20,TX_1,TX,HOBBIES_1,311,307.6390023674182,3.360997632581814
2016-02-20,TX_1,TX,HOBBIES_2,18,28.714654576356512,10.714654576356512
2016-02-20,TX_1,TX,HOUSEHOLD_1,947,958.4515003468739,11.4515003468739
2016-02-20,TX_1,TX,HOUSEHOLD_2,245,248.17664889903918,3.1766488990391792
2016-02-20,TX_2,TX,FOODS_1,310,313.72808215103703,3.728082151037029
2016-02-20,TX_2,TX,FOODS_2,449,482.0112833320127,33.01128333201268
2016-02-20,TX_2,TX,FOODS_3,2425,2352.0484865881,72.95151341190012
2016-02-20,TX_2,TX,HOBBIES_1,372,348.55516666912513,23.44483333087487
2016-02-20,TX_2,TX,HOBBIES_2,34,48.90542787205837,14.905427872058368
2016-02-20,TX_2,TX,HOUSEHOLD_1,1157,1060.1183270866493,96.88167291335071
2016-02-20,TX_2,TX,HOUSEHOLD_2,269,276.1861899755651,7.186189975565128
2016-02-20,TX_3,TX,FOODS_1,303,351.5692174929469,48.569217492946905
2016-02-20,TX_3,TX,FOODS_2,431,526.7225971606907,95.72259716069073
2016-02-20,TX_3,TX,FOODS_3,1971,1991.1375589459262,20.13755894592623
2016-02-20,TX_3,TX,HOBBIES_1,430,417.7586823015625,12.241317698437513
2016-02-20,TX_3,TX,HOBBIES_2,31,43.17116069976073,12.171160699760733
2016-02-20,TX_3,TX,HOUSEHOLD_1,1137,1003.6221264853199,133.37787351468012
2016-02-20,TX_3,TX,HOUSEHOLD_2,201,219.1063818703387,18.10638187033871
2016-02-20,WI_1,WI,FOODS_1,414,444.25019379118436,30.25019379118436
2016-02-20,WI_1,WI,FOODS_2,894,841.1225265219161,52.87747347808386
2016-02-20,WI_1,WI,FOODS_3,2412,2140.729756939585,271.27024306041494
2016-02-20,WI_1,WI,HOBBIES_1,638,536.3144114818485,101.68558851815146
2016-02-20,WI_1,WI,HOBBIES_2,47,35.70275659400518,11.29724340599482
2016-02-20,WI_1,WI,HOUSEHOLD_1,923,835.2459463242761,87.75405367572387
2016-02-20,WI_1,WI,HOUSEHOLD_2,210,191.32656008995528,18.67343991004472
2016-02-20,WI_2,WI,FOODS_1,335,384.62792790572615,49.62792790572615
2016-02-20,WI_2,WI,FOODS_2,1032,1114.9733745216136,82.97337452161355
2016-02-20,WI_2,WI,FOODS_3,2539,2457.3746666666666,81.6253333333334
2016-02-20,WI_2,WI,HOBBIES_1,208,275.84570377472255,67.84570377472255
2016-02-20,WI_2,WI,HOBBIES_2,27,30.31235535245371,3.312355352453711
2016-02-20,WI_2,WI,HOUSEHOLD_1,1328,1301.4886280553346,26.51137194466537
2016-02-20,WI_2,WI,HOUSEHOLD_2,192,197.74403299298982,5.7440329929898155
2016-02-20,WI_3,WI,FOODS_1,285,339.4641814505358,54.46418145053582
2016-02-20,WI_3,WI,FOODS_2,601,585.7309862232134,15.26901377678655
2016-02-20,WI_3,WI,FOODS_3,2561,2370.340906296936,190.65909370306417
2016-02-20,WI_3,WI,HOBBIES_1,365,277.3178790761416,87.6821209238584
2016-02-20,WI_3,WI,HOBBIES_2,21,30.480016936016604,9.480016936016604
2016-02-20,WI_3,WI,HOUSEHOLD_1,968,895.6927742448282,72.30722575517177
2016-02-20,WI_3,WI,HOUSEHOLD_2,227,209.07460870550284,17.92539129449716
2016-02-21,CA_1,CA,FOODS_1,345,361.9519134263912,16.951913426391172
2016-02-21,CA_1,CA,FOODS_2,575,586.7878091238465,11.7878091238465
2016-02-21,CA_1,CA,FOODS_3,2678,2647.299904392396,30.700095607604
2016-02-21,CA_1,CA,HOBBIES_1,608,618.0874192331537,10.087419233153696
2016-02-21,CA_1,CA,HOBBIES_2,48,41.4189026209131,6.5810973790868985
2016-02-21,CA_1,CA,HOUSEHOLD_1,1072,1049.1144178536272,22.885582146372826
2016-02-21,CA_1,CA,HOUSEHOLD_2,281,266.19558816418885,14.804411835811152
2016-02-21,CA_2,CA,FOODS_1,513,527.2454390081302,14.245439008130234
2016-02-21,CA_2,CA,FOODS_2,790,627.4898031709116,162.5101968290884
2016-02-21,CA_2,CA,FOODS_3,2694,2529.1007740521686,164.89922594783138
2016-02-21,CA_2,CA,HOBBIES_1,437,427.1134538128557,9.88654618714429
2016-02-21,CA_2,CA,HOBBIES_2,46,47.122752968529575,1.122752968529575
2016-02-21,CA_2,CA,HOUSEHOLD_1,1212,1047.8016634272626,164.1983365727374
2016-02-21,CA_2,CA,HOUSEHOLD_2,422,390.2520308328669,31.74796916713308
2016-02-21,CA_3,CA,FOODS_1,573,576.0456881863009,3.0456881863009357
2016-02-21,CA_3,CA,FOODS_2,859,845.6879246609469,13.31207533905308
2016-02-21,CA_3,CA,FOODS_3,3770,3686.5950602466787,83.40493975332129
2016-02-21,CA_3,CA,HOBBIES_1,540,675.0441807217736,135.0441807217736
2016-02-21,CA_3,CA,HOBBIES_2,66,65.14543612773484,0.8545638722651603
2016-02-21,CA_3,CA,HOUSEHOLD_1,1747,1811.4158032575717,64.41580325757172
2016-02-21,CA_3,CA,HOUSEHOLD_2,429,400.4982517006496,28.501748299350425
2016-02-21,CA_4,CA,FOODS_1,183,192.72385639964227,9.723856399642273
2016-02-21,CA_4,CA,FOODS_2,423,436.82510419168653,13.825104191686535
2016-02-21,CA_4,CA,FOODS_3,1242,1220.5169286772546,21.483071322745445
2016-02-21,CA_4,CA,HOBBIES_1,334,401.42322346698785,67.42322346698785
2016-02-21,CA_4,CA,HOBBIES_2,30,14.211020910961652,15.788979089038348
2016-02-21,CA_4,CA,HOUSEHOLD_1,478,460.2829746443135,17.717025355686474
2016-02-21,CA_4,CA,HOUSEHOLD_2,143,148.6104187047306,5.610418704730591
2016-02-21,TX_1,TX,FOODS_1,214,226.1603961406137,12.160396140613699
2016-02-21,TX_1,TX,FOODS_2,499,445.9664485419314,53.03355145806859
2016-02-21,TX_1,TX,FOODS_3,1844,1846.9731995368522,2.973199536852235
2016-02-21,TX_1,TX,HOBBIES_1,438,321.79911383249305,116.20088616750695
2016-02-21,TX_1,TX,HOBBIES_2,21,26.763393137853505,5.763393137853505
2016-02-21,TX_1,TX,HOUSEHOLD_1,1016,973.2830593299749,42.71694067002511
2016-02-21,TX_1,TX,HOUSEHOLD_2,267,239.05999103549718,27.940008964502823
2016-02-21,TX_2,TX,FOODS_1,304,273.86986132568717,30.130138674312832
2016-02-21,TX_2,TX,FOODS_2,548,543.926512776627,4.073487223373036
2016-02-21,TX_2,TX,FOODS_3,2645,2650.3011713555566,5.301171355556562
2016-02-21,TX_2,TX,HOBBIES_1,410,387.9746735316379,22.025326468362096
2016-02-21,TX_2,TX,HOBBIES_2,45,50.852234430730476,5.852234430730476
2016-02-21,TX_2,TX,HOUSEHOLD_1,1196,1044.65016017882,151.34983982118
2016-02-21,TX_2,TX,HOUSEHOLD_2,331,274.67405450619395,56.325945493806046
2016-02-21,TX_3,TX,FOODS_1,324,326.3542616019924,2.354261601992391
2016-02-21,TX_3,TX,FOODS_2,586,565.7741242627969,20.22587573720307
2016-02-21,TX_3,TX,FOODS_3,2104,2144.9183677485194,40.91836774851936
2016-02-21,TX_3,TX,HOBBIES_1,458,412.39755771042724,45.602442289572764
2016-02-21,TX_3,TX,HOBBIES_2,53,47.06611073239868,5.933889267601323
2016-02-21,TX_3,TX,HOUSEHOLD_1,1133,983.4804403770191,149.51955962298086
2016-02-21,TX_3,TX,HOUSEHOLD_2,227,213.42359016341237,13.57640983658763
2016-02-21,WI_1,WI,FOODS_1,340,375.0768817940173,35.07688179401731
2016-02-21,WI_1,WI,FOODS_2,844,856.6396834346374,12.63968343463739
2016-02-21,WI_1,WI,FOODS_3,2132,2000.9978337290524,131.00216627094755
2016-02-21,WI_1,WI,HOBBIES_1,373,433.51255371043334,60.51255371043334
2016-02-21,WI_1,WI,HOBBIES_2,39,36.152494558465854,2.847505441534146
2016-02-21,WI_1,WI,HOUSEHOLD_1,842,766.9029423265513,75.09705767344872
2016-02-21,WI_1,WI,HOUSEHOLD_2,209,187.37598525869814,21.624014741301863
2016-02-21,WI_2,WI,FOODS_1,271,343.3984713652735,72.39847136527351
2016-02-21,WI_2,WI,FOODS_2,1041,1166.5069572384136,125.50695723841363
2016-02-21,WI_2,WI,FOODS_3,2446,2580.1604502847676,134.16045028476765
2016-02-21,WI_2,WI,HOBBIES_1,275,265.2207183327791,9.779281667220914
2016-02-21,WI_2,WI,HOBBIES_2,26,29.12206343984401,3.122063439844009
2016-02-21,WI_2,WI,HOUSEHOLD_1,1159,1292.3794928266182,133.37949282661816
2016-02-21,WI_2,WI,HOUSEHOLD_2,191,211.24023912490503,20.24023912490503
2016-02-21,WI_3,WI,FOODS_1,200,301.42602238233206,101.42602238233206
2016-02-21,WI_3,WI,FOODS_2,611,598.555666911901,12.444333088099029
2016-02-21,WI_3,WI,FOODS_3,2598,2180.5689189259365,417.4310810740635
2016-02-21,WI_3,WI,HOBBIES_1,257,258.5980233378652,1.598023337865186
2016-02-21,WI_3,WI,HOBBIES_2,24,43.24129603956553,19.241296039565533
2016-02-21,WI_3,WI,HOUSEHOLD_1,787,786.3015057202527,0.6984942797472513
2016-02-21,WI_3,WI,HOUSEHOLD_2,215,202.18104327894073,12.818956721059266
2016-02-22,CA_1,CA,FOODS_1,232,253.10560349101945,21.10560349101945
2016-02-22,CA_1,CA,FOODS_2,432,459.2448982153469,27.244898215346893
2016-02-22,CA_1,CA,FOODS_3,1802,1864.980858117221,62.98085811722103
2016-02-22,CA_1,CA,HOBBIES_1,488,479.2564779723346,8.743522027665392
2016-02-22,CA_1,CA,HOBBIES_2,51,33.114000127042374,17.885999872957626
2016-02-22,CA_1,CA,HOUSEHOLD_1,700,724.8742228021308,24.874222802130816
2016-02-22,CA_1,CA,HOUSEHOLD_2,200,179.03855849376396,20.961441506236042
2016-02-22,CA_2,CA,FOODS_1,394,385.9687023145341,8.031297685465915
2016-02-22,CA_2,CA,FOODS_2,461,463.0585662674306,2.0585662674305922
2016-02-22,CA_2,CA,FOODS_3,1443,1547.3452718154037,104.34527181540375
2016-02-22,CA_2,CA,HOBBIES_1,380,343.452563374186,36.54743662581399
2016-02-22,CA_2,CA,HOBBIES_2,29,34.85758937323376,5.857589373233758
2016-02-22,CA_2,CA,HOUSEHOLD_1,637,607.3232738265291,29.67672617347091
2016-02-22,CA_2,CA,HOUSEHOLD_2,229,254.90467894559552,25.90467894559552
2016-02-22,CA_3,CA,FOODS_1,407,421.132238038312,14.132238038311982
2016-02-22,CA_3,CA,FOODS_2,673,699.3995592573921,26.39955925739207
2016-02-22,CA_3,CA,FOODS_3,3061,2913.5917391185208,147.40826088147924
2016-02-22,CA_3,CA,HOBBIES_1,433,514.967459459297,81.96745945929695
2016-02-22,CA_3,CA,HOBBIES_2,44,47.03900858718424,3.0390085871842416
2016-02-22,CA_3,CA,HOUSEHOLD_1,1358,1412.633292769,54.633292769000036
2016-02-22,CA_3,CA,HOUSEHOLD_2,317,307.3558213638517,9.644178636148297
2016-02-22,CA_4,CA,FOODS_1,152,152.83830746843012,0.8383074684301164
2016-02-22,CA_4,CA,FOODS_2,375,342.82130889405454,32.17869110594546
2016-02-22,CA_4,CA,FOODS_3,1037,1021.1588194475501,15.841180552449941
2016-02-22,CA_4,CA,HOBBIES_1,395,317.3116697737907,77.6883302262093
2016-02-22,CA_4,CA,HOBBIES_2,21,13.669348926858076,7.330651073141924
2016-02-22,CA_4,CA,HOUSEHOLD_1,390,360.78721255807085,29.21278744192915
2016-02-22,CA_4,CA,HOUSEHOLD_2,128,116.48163474630277,11.518365253697226
2016-02-22,TX_1,TX,FOODS_1,202,182.21902247843317,19.780977521566825
2016-02-22,TX_1,TX,FOODS_2,301,341.5355737570385,40.53557375703849
2016-02-22,TX_1,TX,FOODS_3,1266,1257.9582344263217,8.041765573678276
2016-02-22,TX_1,TX,HOBBIES_1,193,237.1322535427894,44.132253542789414
2016-02-22,TX_1,TX,HOBBIES_2,54,23.738866369835364,30.261133630164636
2016-02-22,TX_1,TX,HOUSEHOLD_1,686,713.2437373446089,27.243737344608917
2016-02-22,TX_1,TX,HOUSEHOLD_2,178,170.83234741758955,7.167652582410454
2016-02-22,TX_2,TX,FOODS_1,240,222.44689296927768,17.553107030722316
2016-02-22,TX_2,TX,FOODS_2,468,390.627036881115,77.37296311888502
2016-02-22,TX_2,TX,FOODS_3,1811,1722.6994139114718,88.30058608852823
2016-02-22,TX_2,TX,HOBBIES_1,336,305.73527779243994,30.264722207560055
2016-02-22,TX_2,TX,HOBBIES_2,59,41.63134409244701,17.36865590755299
2016-02-22,TX_2,TX,HOUSEHOLD_1,802,893.9741515662066,91.97415156620661
2016-02-22,TX_2,TX,HOUSEHOLD_2,172,195.77657312610896,23.776573126108957
2016-02-22,TX_3,TX,FOODS_1,275,264.0451710736141,10.954828926385915
2016-02-22,TX_3,TX,FOODS_2,436,479.2624037080506,43.26240370805061
2016-02-22,TX_3,TX,FOODS_3,1439,1582.4105269928345,143.41052699283455
2016-02-22,TX_3,TX,HOBBIES_1,373,320.7230851904362,52.27691480956378
2016-02-22,TX_3,TX,HOBBIES_2,58,34.72253054137163,23.277469458628367
2016-02-22,TX_3,TX,HOUSEHOLD_1,930,811.9567806575717,118.0432193424283
2016-02-22,TX_3,TX,HOUSEHOLD_2,136,148.24387667038008,12.243876670380075
2016-02-22,WI_1,WI,FOODS_1,282,275.16325619302154,6.836743806978461
2016-02-22,WI_1,WI,FOODS_2,569,624.1211298049357,55.12112980493566
2016-02-22,WI_1,WI,FOODS_3,1323,1420.244045114617,97.24404511461694
2016-02-22,WI_1,WI,HOBBIES_1,291,318.5115501520754,27.511550152075415
2016-02-22,WI_1,WI,HOBBIES_2,16,30.17737033156252,14.177370331562521
2016-02-22,WI_1,WI,HOUSEHOLD_1,487,541.9377416913076,54.937741691307565
2016-02-22,WI_1,WI,HOUSEHOLD_2,127,138.3697104370579,11.369710437057904
2016-02-22,WI_2,WI,FOODS_1,246,242.6158835237078,3.3841164762922062
2016-02-22,WI_2,WI,FOODS_2,718,850.7295439783366,132.72954397833655
2016-02-22,WI_2,WI,FOODS_3,1886,2118.878404262404,232.87840426240382
2016-02-22,WI_2,WI,HOBBIES_1,207,205.2710353766306,1.728964623369393
2016-02-22,WI_2,WI,HOBBIES_2,12,23.403843309983085,11.403843309983085
2016-02-22,WI_2,WI,HOUSEHOLD_1,1115,1046.070289245502,68.92971075449805
2016-02-22,WI_2,WI,HOUSEHOLD_2,156,141.01470973430673,14.985290265693266
2016-02-22,WI_3,WI,FOODS_1,241,219.4417321660555,21.558267833944512
2016-02-22,WI_3,WI,FOODS_2,430,450.9256140365985,20.925614036598517
2016-02-22,WI_3,WI,FOODS_3,1596,1311.904789407481,284.0952105925189
2016-02-22,WI_3,WI,HOBBIES_1,218,210.58889145934702,7.411108540652975
2016-02-22,WI_3,WI,HOBBIES_2,35,33.31579143973143,1.6842085602685728
2016-02-22,WI_3,WI,HOUSEHOLD_1,549,574.7241605774419,25.72416057744192
2016-02-22,WI_3,WI,HOUSEHOLD_2,140,141.3766081873441,1.3766081873440896
2016-02-23,CA_1,CA,FOODS_1,210,241.56529613422558,31.565296134225576
2016-02-23,CA_1,CA,FOODS_2,471,397.03325033968287,73.96674966031713
2016-02-23,CA_1,CA,FOODS_3,1725,1583.436395171926,141.56360482807395
2016-02-23,CA_1,CA,HOBBIES_1,390,448.55610281262744,58.556102812627444
2016-02-23,CA_1,CA,HOBBIES_2,24,33.10482048782288,9.104820487822877
2016-02-23,CA_1,CA,HOUSEHOLD_1,641,531.2378797296257,109.76212027037434
2016-02-23,CA_1,CA,HOUSEHOLD_2,152,168.85977867535195,16.859778675351947
2016-02-23,CA_2,CA,FOODS_1,322,383.3093377242413,61.30933772424129
2016-02-23,CA_2,CA,FOODS_2,372,422.94388723876943,50.943887238769435
2016-02-23,CA_2,CA,FOODS_3,1372,1465.784141171833,93.78414117183297
2016-02-23,CA_2,CA,HOBBIES_1,325,317.6581208465291,7.341879153470927
2016-02-23,CA_2,CA,HOBBIES_2,22,34.39109492864267,12.391094928642673
2016-02-23,CA_2,CA,HOUSEHOLD_1,576,607.7894839592919,31.789483959291942
2016-02-23,CA_2,CA,HOUSEHOLD_2,199,242.6723888548955,43.6723888548955
2016-02-23,CA_3,CA,FOODS_1,376,392.21888808530673,16.21888808530673
2016-02-23,CA_3,CA,FOODS_2,570,617.5620851865929,47.56208518659287
2016-02-23,CA_3,CA,FOODS_3,2591,2640.125871395331,49.12587139533116
2016-02-23,CA_3,CA,HOBBIES_1,489,483.29923500408387,5.700764995916131
2016-02-23,CA_3,CA,HOBBIES_2,41,49.85593925656147,8.85593925656147
2016-02-23,CA_3,CA,HOUSEHOLD_1,1318,1224.120550754453,93.879449245547
2016-02-23,CA_3,CA,HOUSEHOLD_2,231,287.2191870560723,56.219187056072315
2016-02-23,CA_4,CA,FOODS_1,145,149.65282850070824,4.652828500708239
2016-02-23,CA_4,CA,FOODS_2,369,315.4188956935445,53.58110430645547
2016-02-23,CA_4,CA,FOODS_3,973,961.9234724276088,11.076527572391228
2016-02-23,CA_4,CA,HOBBIES_1,282,311.574041085375,29.574041085374972
2016-02-23,CA_4,CA,HOBBIES_2,8,14.520013026907447,6.520013026907447
2016-02-23,CA_4,CA,HOUSEHOLD_1,305,333.00458738197943,28.004587381979434
2016-02-23,CA_4,CA,HOUSEHOLD_2,117,113.08899380147449,3.911006198525513
2016-02-23,TX_1,TX,FOODS_1,137,176.53569137444563,39.53569137444563
2016-02-23,TX_1,TX,FOODS_2,256,289.479705636945,33.47970563694503
2016-02-23,TX_1,TX,FOODS_3,1134,1156.6039073103823,22.603907310382283
2016-02-23,TX_1,TX,HOBBIES_1,190,231.1424184083467,41.142418408346714
2016-02-23,TX_1,TX,HOBBIES_2,39,22.50100841724251,16.49899158275749
2016-02-23,TX_1,TX,HOUSEHOLD_1,684,661.5184909492607,22.481509050739305
2016-02-23,TX_1,TX,HOUSEHOLD_2,166,165.18698398522892,0.8130160147710797
2016-02-23,TX_2,TX,FOODS_1,232,231.7978592698603,0.20214073013968914
2016-02-23,TX_2,TX,FOODS_2,385,371.38643974313004,13.61356025686996
2016-02-23,TX_2,TX,FOODS_3,1742,1603.098158141022,138.90184185897806
2016-02-23,TX_2,TX,HOBBIES_1,248,267.7021485866904,19.702148586690384
2016-02-23,TX_2,TX,HOBBIES_2,49,41.69836085747829,7.301639142521708
2016-02-23,TX_2,TX,HOUSEHOLD_1,760,807.3722526666029,47.37225266660289
2016-02-23,TX_2,TX,HOUSEHOLD_2,174,186.67273398050656,12.672733980506564
2016-02-23,TX_3,TX,FOODS_1,257,273.40936682323485,16.409366823234848
2016-02-23,TX_3,TX,FOODS_2,395,398.75828811998986,3.7582881199898566
2016-02-23,TX_3,TX,FOODS_3,1342,1359.6512618197175,17.651261819717547
2016-02-23,TX_3,TX,HOBBIES_1,301,320.17145917725924,19.171459177259237
2016-02-23,TX_3,TX,HOBBIES_2,47,40.57385436600332,6.426145633996683
2016-02-23,TX_3,TX,HOUSEHOLD_1,777,822.2539541517465,45.253954151746484
2016-02-23,TX_3,TX,HOUSEHOLD_2,144,142.49010208024373,1.5098979197562699
2016-02-23,WI_1,WI,FOODS_1,282,274.3840618667392,7.615938133260784
2016-02-23,WI_1,WI,FOODS_2,489,548.3283480425296,59.32834804252957
2016-02-23,WI_1,WI,FOODS_3,1235,1343.13272174372,108.13272174371991
2016-02-23,WI_1,WI,HOBBIES_1,344,314.40869241017094,29.591307589829057
2016-02-23,WI_1,WI,HOBBIES_2,25,36.00079454975856,11.00079454975856
2016-02-23,WI_1,WI,HOUSEHOLD_1,377,488.75925155872835,111.75925155872835
2016-02-23,WI_1,WI,HOUSEHOLD_2,106,131.39146987226752,25.39146987226752
2016-02-23,WI_2,WI,FOODS_1,257,241.0016693712052,15.998330628794804
2016-02-23,WI_2,WI,FOODS_2,672,450.07285503719254,221.92714496280746
2016-02-23,WI_2,WI,FOODS_3,1858,1700.1030320829448,157.89696791705524
2016-02-23,WI_2,WI,HOBBIES_1,229,210.76212279149874,18.23787720850126
2016-02-23,WI_2,WI,HOBBIES_2,39,30.649779218931545,8.350220781068455
2016-02-23,WI_2,WI,HOUSEHOLD_1,912,1029.9904708988224,117.99047089882242
2016-02-23,WI_2,WI,HOUSEHOLD_2,154,144.6226056321322,9.377394367867794
2016-02-23,WI_3,WI,FOODS_1,224,210.69250907225833,13.307490927741668
2016-02-23,WI_3,WI,FOODS_2,350,393.48112751248044,43.48112751248044
2016-02-23,WI_3,WI,FOODS_3,1390,1518.6149500600025,128.61495006000246
2016-02-23,WI_3,WI,HOBBIES_1,187,203.90645889422737,16.90645889422737
2016-02-23,WI_3,WI,HOBBIES_2,16,24.520384783646886,8.520384783646886
2016-02-23,WI_3,WI,HOUSEHOLD_1,598,541.5835195662027,56.41648043379735
2016-02-23,WI_3,WI,HOUSEHOLD_2,162,133.63398307333327,28.36601692666673
2016-02-24,CA_1,CA,FOODS_1,253,237.21603397171614,15.783966028283857
2016-02-24,CA_1,CA,FOODS_2,337,402.47976658592546,65.47976658592546
2016-02-24,CA_1,CA,FOODS_3,1486,1597.2649227158295,111.26492271582947
2016-02-24,CA_1,CA,HOBBIES_1,425,416.4052653297121,8.594734670287892
2016-02-24,CA_1,CA,HOBBIES_2,48,35.71233686887597,12.287663131124027
2016-02-24,CA_1,CA,HOUSEHOLD_1,635,569.6421843769118,65.35781562308819
2016-02-24,CA_1,CA,HOUSEHOLD_2,185,169.37625702462552,15.623742975374483
2016-02-24,CA_2,CA,FOODS_1,317,367.5800892278179,50.58008922781789
2016-02-24,CA_2,CA,FOODS_2,333,381.1878580835057,48.187858083505716
2016-02-24,CA_2,CA,FOODS_3,1316,1448.4608400814693,132.4608400814693
2016-02-24,CA_2,CA,HOBBIES_1,317,319.08766283719865,2.08766283719865
2016-02-24,CA_2,CA,HOBBIES_2,33,34.200787755593126,1.200787755593126
2016-02-24,CA_2,CA,HOUSEHOLD_1,523,601.6119279466785,78.61192794667852
2016-02-24,CA_2,CA,HOUSEHOLD_2,237,247.92981862604245,10.929818626042447
2016-02-24,CA_3,CA,FOODS_1,410,394.89073248015256,15.109267519847435
2016-02-24,CA_3,CA,FOODS_2,563,569.8823963769389,6.882396376938914
2016-02-24,CA_3,CA,FOODS_3,2532,2465.246466827829,66.75353317217105
2016-02-24,CA_3,CA,HOBBIES_1,481,479.31724636455,1.6827536354500126
2016-02-24,CA_3,CA,HOBBIES_2,54,53.54456099422354,0.4554390057764621
2016-02-24,CA_3,CA,HOUSEHOLD_1,1171,1249.1441652545518,78.14416525455181
2016-02-24,CA_3,CA,HOUSEHOLD_2,266,277.81537707944995,11.815377079449945
2016-02-24,CA_4,CA,FOODS_1,187,159.8413295356233,27.158670464376712
2016-02-24,CA_4,CA,FOODS_2,256,306.5703758304366,50.5703758304366
2016-02-24,CA_4,CA,FOODS_3,853,943.5116662414131,90.51166624141308
2016-02-24,CA_4,CA,HOBBIES_1,285,318.8049587218189,33.80495872181888
2016-02-24,CA_4,CA,HOBBIES_2,17,16.939939102894215,0.060060897105785216
2016-02-24,CA_4,CA,HOUSEHOLD_1,327,310.86014301393965,16.13985698606035
2016-02-24,CA_4,CA,HOUSEHOLD_2,96,110.99898311219584,14.998983112195845
2016-02-24,TX_1,TX,FOODS_1,127,172.94520790620862,45.94520790620862
2016-02-24,TX_1,TX,FOODS_2,268,278.79523120382925,10.795231203829246
2016-02-24,TX_1,TX,FOODS_3,1244,1118.159031716181,125.84096828381894
2016-02-24,TX_1,TX,HOBBIES_1,225,227.8442563239816,2.844256323981597
2016-02-24,TX_1,TX,HOBBIES_2,33,26.89412180294914,6.10587819705086
2016-02-24,TX_1,TX,HOUSEHOLD_1,712,663.6657997014987,48.33420029850129
2016-02-24,TX_1,TX,HOUSEHOLD_2,199,170.21109032776513,28.788909672234865
2016-02-24,TX_2,TX,FOODS_1,242,231.97665223355983,10.023347766440168
2016-02-24,TX_2,TX,FOODS_2,395,358.11191240125135,36.888087598748655
2016-02-24,TX_2,TX,FOODS_3,1738,1594.2019337359047,143.79806626409527
2016-02-24,TX_2,TX,HOBBIES_1,259,268.904167897978,9.904167897978027
2016-02-24,TX_2,TX,HOBBIES_2,36,44.94155236936052,8.941552369360522
2016-02-24,TX_2,TX,HOUSEHOLD_1,775,782.791375029459,7.7913750294590045
2016-02-24,TX_2,TX,HOUSEHOLD_2,171,190.61882699990457,19.61882699990457
2016-02-24,TX_3,TX,FOODS_1,306,267.8530976940651,38.14690230593487
2016-02-24,TX_3,TX,FOODS_2,400,378.48234028881285,21.51765971118715
2016-02-24,TX_3,TX,FOODS_3,1383,1358.9833804350396,24.016619564960365
2016-02-24,TX_3,TX,HOBBIES_1,288,318.5375850280943,30.537585028094327
2016-02-24,TX_3,TX,HOBBIES_2,58,48.691771807361846,9.308228192638154
2016-02-24,TX_3,TX,HOUSEHOLD_1,800,747.2200347288781,52.77996527112191
2016-02-24,TX_3,TX,HOUSEHOLD_2,183,143.38439293475548,39.61560706524452
2016-02-24,WI_1,WI,FOODS_1,194,268.3430523111127,74.34305231111267
2016-02-24,WI_1,WI,FOODS_2,516,524.3339719753712,8.333971975371242
2016-02-24,WI_1,WI,FOODS_3,1321,1335.9633342837933,14.963334283793301
2016-02-24,WI_1,WI,HOBBIES_1,254,314.16570075791145,60.16570075791145
2016-02-24,WI_1,WI,HOBBIES_2,27,30.481719433350783,3.481719433350783
2016-02-24,WI_1,WI,HOUSEHOLD_1,523,483.7963834001343,39.20361659986571
2016-02-24,WI_1,WI,HOUSEHOLD_2,147,132.02899680343364,14.971003196566357
2016-02-24,WI_2,WI,FOODS_1,285,247.29293868451234,37.707061315487664
2016-02-24,WI_2,WI,FOODS_2,785,647.6593627873995,137.34063721260054
2016-02-24,WI_2,WI,FOODS_3,1893,1682.3136331322178,210.68636686778223
2016-02-24,WI_2,WI,HOBBIES_1,218,214.26176873871844,3.7382312612815554
2016-02-24,WI_2,WI,HOBBIES_2,26,22.591280662035498,3.408719337964502
2016-02-24,WI_2,WI,HOUSEHOLD_1,1131,972.0908945271799,158.9091054728201
2016-02-24,WI_2,WI,HOUSEHOLD_2,135,142.2250187625918,7.225018762591787
2016-02-24,WI_3,WI,FOODS_1,237,209.66924913271404,27.330750867285957
2016-02-24,WI_3,WI,FOODS_2,330,372.0471816273484,42.04718162734838
2016-02-24,WI_3,WI,FOODS_3,1454,1475.0777383729387,21.07773837293871
2016-02-24,WI_3,WI,HOBBIES_1,197,204.23051801454895,7.230518014548949
2016-02-24,WI_3,WI,HOBBIES_2,23,25.10805132770375,2.1080513277037483
2016-02-24,WI_3,WI,HOUSEHOLD_1,463,542.1483690048963,79.14836900489627
2016-02-24,WI_3,WI,HOUSEHOLD_2,124,136.61765867909406,12.617658679094063
2016-02-25,CA_1,CA,FOODS_1,181,239.08207681401228,58.08207681401228
2016-02-25,CA_1,CA,FOODS_2,337,367.92324956402115,30.923249564021148
2016-02-25,CA_1,CA,FOODS_3,1658,1511.2079764314883,146.7920235685117
2016-02-25,CA_1,CA,HOBBIES_1,422,427.46048351295394,5.460483512953942
2016-02-25,CA_1,CA,HOBBIES_2,29,34.564557859408744,5.564557859408744
2016-02-25,CA_1,CA,HOUSEHOLD_1,619,594.1555513360476,24.84444866395245
2016-02-25,CA_1,CA,HOUSEHOLD_2,150,169.02742840991337,19.02742840991337
2016-02-25,CA_2,CA,FOODS_1,369,355.92659613712596,13.073403862874045
2016-02-25,CA_2,CA,FOODS_2,361,380.24669822650037,19.24669822650037
2016-02-25,CA_2,CA,FOODS_3,1521,1437.4254703648135,83.57452963518654
2016-02-25,CA_2,CA,HOBBIES_1,320,320.81554119265166,0.8155411926516649
2016-02-25,CA_2,CA,HOBBIES_2,18,34.30245379752155,16.30245379752155
2016-02-25,CA_2,CA,HOUSEHOLD_1,637,627.9494706185629,9.050529381437059
2016-02-25,CA_2,CA,HOUSEHOLD_2,193,239.00863184477788,46.00863184477788
2016-02-25,CA_3,CA,FOODS_1,433,399.79940962328686,33.20059037671314
2016-02-25,CA_3,CA,FOODS_2,476,548.8113995815819,72.8113995815819
2016-02-25,CA_3,CA,FOODS_3,2637,2515.3802439744336,121.6197560255664
2016-02-25,CA_3,CA,HOBBIES_1,447,483.2826813557283,36.2826813557283
2016-02-25,CA_3,CA,HOBBIES_2,51,53.02325377086383,2.023253770863832
2016-02-25,CA_3,CA,HOUSEHOLD_1,1203,1218.630523848893,15.630523848893063
2016-02-25,CA_3,CA,HOUSEHOLD_2,288,282.907267848879,5.092732151121027
2016-02-25,CA_4,CA,FOODS_1,172,162.43475182156567,9.56524817843433
2016-02-25,CA_4,CA,FOODS_2,273,297.23001382428,24.23001382427998
2016-02-25,CA_4,CA,FOODS_3,926,922.0686788411741,3.931321158825881
2016-02-25,CA_4,CA,HOBBIES_1,302,299.94517425916206,2.0548257408379413
2016-02-25,CA_4,CA,HOBBIES_2,18,15.654723238210966,2.3452767617890338
2016-02-25,CA_4,CA,HOUSEHOLD_1,381,336.7104648155608,44.28953518443922
2016-02-25,CA_4,CA,HOUSEHOLD_2,95,109.71249533976926,14.712495339769262
2016-02-25,TX_1,TX,FOODS_1,155,165.01571203530278,10.015712035302784
2016-02-25,TX_1,TX,FOODS_2,248,282.97357953873006,34.973579538730064
2016-02-25,TX_1,TX,FOODS_3,1309,1162.3846695959373,146.61533040406266
2016-02-25,TX_1,TX,HOBBIES_1,177,221.16521823036194,44.165218230361944
2016-02-25,TX_1,TX,HOBBIES_2,24,27.069093047460346,3.0690930474603455
2016-02-25,TX_1,TX,HOUSEHOLD_1,597,663.9032112907303,66.90321129073027
2016-02-25,TX_1,TX,HOUSEHOLD_2,182,176.90124783663924,5.098752163360757
2016-02-25,TX_2,TX,FOODS_1,213,234.9454677529327,21.9454677529327
2016-02-25,TX_2,TX,FOODS_2,411,367.86483751623484,43.13516248376516
2016-02-25,TX_2,TX,FOODS_3,1709,1561.1798658867172,147.82013411328285
2016-02-25,TX_2,TX,HOBBIES_1,327,283.3627398932702,43.6372601067298
2016-02-25,TX_2,TX,HOBBIES_2,36,43.68863789720267,7.688637897202668
2016-02-25,TX_2,TX,HOUSEHOLD_1,807,788.7299003060302,18.27009969396977
2016-02-25,TX_2,TX,HOUSEHOLD_2,189,182.88682711001363,6.113172889986373
2016-02-25,TX_3,TX,FOODS_1,239,261.923274358566,22.923274358566005
2016-02-25,TX_3,TX,FOODS_2,308,363.5025697076172,55.502569707617226
2016-02-25,TX_3,TX,FOODS_3,1351,1368.6272972134695,17.627297213469546
2016-02-25,TX_3,TX,HOBBIES_1,270,306.8069228289694,36.80692282896939
2016-02-25,TX_3,TX,HOBBIES_2,47,42.879649910300294,4.120350089699706
2016-02-25,TX_3,TX,HOUSEHOLD_1,744,776.2247222415706,32.22472224157059
2016-02-25,TX_3,TX,HOUSEHOLD_2,149,143.12597785275213,5.874022147247871
2016-02-25,WI_1,WI,FOODS_1,253,260.9862677092948,7.986267709294793
2016-02-25,WI_1,WI,FOODS_2,515,531.9398768934642,16.939876893464202
2016-02-25,WI_1,WI,FOODS_3,1384,1350.3447317239736,33.65526827602639
2016-02-25,WI_1,WI,HOBBIES_1,284,312.10105840454327,28.101058404543267
2016-02-25,WI_1,WI,HOBBIES_2,32,30.44171777370205,1.5582822262979512
2016-02-25,WI_1,WI,HOUSEHOLD_1,477,506.54403291162004,29.544032911620036
2016-02-25,WI_1,WI,HOUSEHOLD_2,150,132.6317352408529,17.36826475914711
2016-02-25,WI_2,WI,FOODS_1,285,254.20583187784135,30.794168122158652
2016-02-25,WI_2,WI,FOODS_2,608,672.5292808856393,64.52928088563931
2016-02-25,WI_2,WI,FOODS_3,1918,1689.9887826042407,228.01121739575933
2016-02-25,WI_2,WI,HOBBIES_1,232,205.7071660750308,26.292833924969187
2016-02-25,WI_2,WI,HOBBIES_2,22,23.79717147873857,1.7971714787385693
2016-02-25,WI_2,WI,HOUSEHOLD_1,1163,1032.0905765387743,130.90942346122574
2016-02-25,WI_2,WI,HOUSEHOLD_2,188,149.13832284502377,38.861677154976235
2016-02-25,WI_3,WI,FOODS_1,198,207.9388087838423,9.93880878384229
2016-02-25,WI_3,WI,FOODS_2,359,366.61898297453155,7.618982974531548
2016-02-25,WI_3,WI,FOODS_3,1599,1472.0814960784962,126.91850392150377
2016-02-25,WI_3,WI,HOBBIES_1,242,217.00177119223207,24.99822880776793
2016-02-25,WI_3,WI,HOBBIES_2,14,23.76583115186997,9.765831151869971
2016-02-25,WI_3,WI,HOUSEHOLD_1,523,517.9031910343984,5.096808965601554
2016-02-25,WI_3,WI,HOUSEHOLD_2,160,140.4187586282268,19.58124137177319
2016-02-26,CA_1,CA,FOODS_1,375,284.69260672297116,90.30739327702884
2016-02-26,CA_1,CA,FOODS_2,422,415.8439676779194,6.156032322080591
2016-02-26,CA_1,CA,FOODS_3,1916,1910.8728792091333,5.127120790866684
2016-02-26,CA_1,CA,HOBBIES_1,470,474.770020811064,4.7700208110640006
2016-02-26,CA_1,CA,HOBBIES_2,55,40.990015211176086,14.009984788823914
2016-02-26,CA_1,CA,HOUSEHOLD_1,652,724.5591199055202,72.55911990552022
2016-02-26,CA_1,CA,HOUSEHOLD_2,197,211.78432009469492,14.78432009469492
2016-02-26,CA_2,CA,FOODS_1,432,462.17648207233566,30.17648207233566
2016-02-26,CA_2,CA,FOODS_2,363,459.80727971312115,96.80727971312115
2016-02-26,CA_2,CA,FOODS_3,1781,1684.5673540557596,96.43264594424045
2016-02-26,CA_2,CA,HOBBIES_1,463,422.7545441585482,40.245455841451815
2016-02-26,CA_2,CA,HOBBIES_2,34,35.16222201081945,1.1622220108194483
2016-02-26,CA_2,CA,HOUSEHOLD_1,684,714.4814539469019,30.481453946901865
2016-02-26,CA_2,CA,HOUSEHOLD_2,285,263.86753103992,21.13246896008002
2016-02-26,CA_3,CA,FOODS_1,479,430.770119765764,48.22988023423602
2016-02-26,CA_3,CA,FOODS_2,520,563.4103493174495,43.41034931744946
2016-02-26,CA_3,CA,FOODS_3,2833,2760.062139595374,72.93786040462601
2016-02-26,CA_3,CA,HOBBIES_1,502,502.50606969624664,0.5060696962466409
2016-02-26,CA_3,CA,HOBBIES_2,40,47.60371648014543,7.60371648014543
2016-02-26,CA_3,CA,HOUSEHOLD_1,1178,1225.6577543216163,47.65775432161627
2016-02-26,CA_3,CA,HOUSEHOLD_2,281,300.84290795015534,19.842907950155336
2016-02-26,CA_4,CA,FOODS_1,273,188.24142488006433,84.75857511993567
2016-02-26,CA_4,CA,FOODS_2,277,318.4527156970062,41.45271569700623
2016-02-26,CA_4,CA,FOODS_3,1016,1000.1707383366795,15.829261663320494
2016-02-26,CA_4,CA,HOBBIES_1,321,325.5375572551455,4.537557255145487
2016-02-26,CA_4,CA,HOBBIES_2,8,15.336436411749135,7.336436411749135
2016-02-26,CA_4,CA,HOUSEHOLD_1,383,351.20779143926586,31.79220856073414
2016-02-26,CA_4,CA,HOUSEHOLD_2,106,117.1353544706163,11.135354470616306
2016-02-26,TX_1,TX,FOODS_1,200,186.02188897024408,13.978111029755922
2016-02-26,TX_1,TX,FOODS_2,284,281.2404516279188,2.7595483720812126
2016-02-26,TX_1,TX,FOODS_3,1256,1256.1839383966164,0.1839383966164405
2016-02-26,TX_1,TX,HOBBIES_1,252,244.41676173434277,7.583238265657229
2016-02-26,TX_1,TX,HOBBIES_2,20,29.507055736815847,9.507055736815847
2016-02-26,TX_1,TX,HOUSEHOLD_1,633,734.3759082106156,101.37590821061565
2016-02-26,TX_1,TX,HOUSEHOLD_2,187,210.76579964729302,23.765799647293022
2016-02-26,TX_2,TX,FOODS_1,270,268.54284258523523,1.4571574147647652
2016-02-26,TX_2,TX,FOODS_2,331,390.2772582275442,59.27725822754422
2016-02-26,TX_2,TX,FOODS_3,1797,1933.0195973309828,136.01959733098283
2016-02-26,TX_2,TX,HOBBIES_1,394,341.1640626653622,52.83593733463778
2016-02-26,TX_2,TX,HOBBIES_2,56,42.86031767420722,13.139682325792784
2016-02-26,TX_2,TX,HOUSEHOLD_1,833,878.5797984508537,45.57979845085367
2016-02-26,TX_2,TX,HOUSEHOLD_2,251,228.75015256476215,22.249847435237854
2016-02-26,TX_3,TX,FOODS_1,257,292.20788315204516,35.207883152045156
2016-02-26,TX_3,TX,FOODS_2,341,391.2323555082054,50.23235550820539
2016-02-26,TX_3,TX,FOODS_3,1351,1525.262824120283,174.26282412028308
2016-02-26,TX_3,TX,HOBBIES_1,316,354.26772247713626,38.26772247713626
2016-02-26,TX_3,TX,HOBBIES_2,49,48.03987094970541,0.9601290502945901
2016-02-26,TX_3,TX,HOUSEHOLD_1,652,805.0370489107212,153.03704891072118
2016-02-26,TX_3,TX,HOUSEHOLD_2,167,173.7866919535723,6.786691953572301
2016-02-26,WI_1,WI,FOODS_1,262,320.3344853466998,58.33448534669981
2016-02-26,WI_1,WI,FOODS_2,590,601.3198108336426,11.319810833642578
2016-02-26,WI_1,WI,FOODS_3,1453,1653.8792967711802,200.87929677118018
2016-02-26,WI_1,WI,HOBBIES_1,393,391.2639650489927,1.7360349510072979
2016-02-26,WI_1,WI,HOBBIES_2,28,30.031878233985086,2.0318782339850863
2016-02-26,WI_1,WI,HOUSEHOLD_1,642,623.2256197069638,18.774380293036188
2016-02-26,WI_1,WI,HOUSEHOLD_2,197,161.74075368212425,35.25924631787575
2016-02-26,WI_2,WI,FOODS_1,422,325.07103635300865,96.92896364699135
2016-02-26,WI_2,WI,FOODS_2,555,785.2406889504143,230.24068895041432
2016-02-26,WI_2,WI,FOODS_3,1802,1925.739529943716,123.73952994371598
2016-02-26,WI_2,WI,HOBBIES_1,265,257.47081818503574,7.529181814964261
2016-02-26,WI_2,WI,HOBBIES_2,36,25.543124545544444,10.456875454455556
2016-02-26,WI_2,WI,HOUSEHOLD_1,1138,1071.5649070873578,66.43509291264218
2016-02-26,WI_2,WI,HOUSEHOLD_2,163,172.3537541586797,9.353754158679692
2016-02-26,WI_3,WI,FOODS_1,252,246.2580214322866,5.741978567713403
2016-02-26,WI_3,WI,FOODS_2,367,418.72763658881627,51.72763658881627
2016-02-26,WI_3,WI,FOODS_3,1731,1739.3501229147982,8.350122914798249
2016-02-26,WI_3,WI,HOBBIES_1,238,268.66554611744306,30.665546117443057
2016-02-26,WI_3,WI,HOBBIES_2,17,21.671832073886726,4.671832073886726
2016-02-26,WI_3,WI,HOUSEHOLD_1,708,669.1657414036873,38.83425859631268
2016-02-26,WI_3,WI,HOUSEHOLD_2,147,168.77187136871868,21.771871368718678
2016-02-27,CA_1,CA,FOODS_1,427,350.3301080925637,76.6698919074363
2016-02-27,CA_1,CA,FOODS_2,637,579.0192557733573,57.98074422664274
2016-02-27,CA_1,CA,FOODS_3,2395,2407.6808219076015,12.680821907601512
2016-02-27,CA_1,CA,HOBBIES_1,533,562.6149671071153,29.614967107115262
2016-02-27,CA_1,CA,HOBBIES_2,67,63.03157004251877,3.968429957481227
2016-02-27,CA_1,CA,HOUSEHOLD_1,972,1048.1601779549728,76.16017795497282
2016-02-27,CA_1,CA,HOUSEHOLD_2,298,282.98431870618003,15.015681293819966
2016-02-27,CA_2,CA,FOODS_1,566,535.1357885999084,30.864211400091563
2016-02-27,CA_2,CA,FOODS_2,638,623.5051453412539,14.494854658746135
2016-02-27,CA_2,CA,FOODS_3,2700,2333.743995548854,366.25600445114605
2016-02-27,CA_2,CA,HOBBIES_1,507,498.94640673446804,8.053593265531958
2016-02-27,CA_2,CA,HOBBIES_2,55,41.56355369649945,13.436446303500553
2016-02-27,CA_2,CA,HOUSEHOLD_1,1110,1072.5708227355258,37.42917726447422
2016-02-27,CA_2,CA,HOUSEHOLD_2,494,387.2832371791098,106.71676282089021
2016-02-27,CA_3,CA,FOODS_1,599,558.3946678000935,40.60533219990646
2016-02-27,CA_3,CA,FOODS_2,731,717.6068942438592,13.393105756140812
2016-02-27,CA_3,CA,FOODS_3,3454,3471.547034277851,17.5470342778508
2016-02-27,CA_3,CA,HOBBIES_1,530,634.329038567346,104.32903856734595
2016-02-27,CA_3,CA,HOBBIES_2,57,59.41699689392579,2.4169968939257913
2016-02-27,CA_3,CA,HOUSEHOLD_1,1591,1604.9349898040132,13.934989804013185
2016-02-27,CA_3,CA,HOUSEHOLD_2,413,379.6235625296041,33.3764374703959
2016-02-27,CA_4,CA,FOODS_1,227,228.45394465297124,1.453944652971245
2016-02-27,CA_4,CA,FOODS_2,285,386.6242163243376,101.62421632433762
2016-02-27,CA_4,CA,FOODS_3,1289,1191.293954277849,97.70604572215098
2016-02-27,CA_4,CA,HOBBIES_1,344,396.2056929712967,52.205692971296685
2016-02-27,CA_4,CA,HOBBIES_2,25,19.237901746366806,5.762098253633194
2016-02-27,CA_4,CA,HOUSEHOLD_1,478,456.63547453469806,21.364525465301938
2016-02-27,CA_4,CA,HOUSEHOLD_2,124,142.46092181182473,18.460921811824733
2016-02-27,TX_1,TX,FOODS_1,224,214.10172254829823,9.898277451701773
2016-02-27,TX_1,TX,FOODS_2,351,372.01461890774436,21.014618907744364
2016-02-27,TX_1,TX,FOODS_3,1460,1561.6731647797296,101.67316477972963
2016-02-27,TX_1,TX,HOBBIES_1,204,292.5408565903064,88.54085659030642
2016-02-27,TX_1,TX,HOBBIES_2,35,37.57829939467533,2.5782993946753265
2016-02-27,TX_1,TX,HOUSEHOLD_1,848,907.5529125829108,59.552912582910835
2016-02-27,TX_1,TX,HOUSEHOLD_2,239,259.18532844801706,20.18532844801706
2016-02-27,TX_2,TX,FOODS_1,264,287.3633168934873,23.36331689348731
2016-02-27,TX_2,TX,FOODS_2,389,432.0873423833164,43.08734238331641
2016-02-27,TX_2,TX,FOODS_3,2178,2253.864819655939,75.86481965593885
2016-02-27,TX_2,TX,HOBBIES_1,387,398.95517406974403,11.955174069744032
2016-02-27,TX_2,TX,HOBBIES_2,33,51.395154730281135,18.395154730281135
2016-02-27,TX_2,TX,HOUSEHOLD_1,922,1039.5052997020507,117.5052997020507
2016-02-27,TX_2,TX,HOUSEHOLD_2,241,280.3880110625838,39.388011062583814
2016-02-27,TX_3,TX,FOODS_1,225,302.99857234570425,77.99857234570425
2016-02-27,TX_3,TX,FOODS_2,426,472.5693981906308,46.56939819063081
2016-02-27,TX_3,TX,FOODS_3,1733,1796.2926149641933,63.29261496419326
2016-02-27,TX_3,TX,HOBBIES_1,320,399.00036829977404,79.00036829977404
2016-02-27,TX_3,TX,HOBBIES_2,53,61.27450710653316,8.274507106533157
2016-02-27,TX_3,TX,HOUSEHOLD_1,856,1040.3747775568831,184.37477755688315
2016-02-27,TX_3,TX,HOUSEHOLD_2,187,213.1535675176106,26.15356751761061
2016-02-27,WI_1,WI,FOODS_1,344,392.8064470915196,48.8064470915196
2016-02-27,WI_1,WI,FOODS_2,755,781.4144299418582,26.414429941858202
2016-02-27,WI_1,WI,FOODS_3,2161,2009.3935797128415,151.60642028715847
2016-02-27,WI_1,WI,HOBBIES_1,556,552.515829562398,3.4841704376019607
2016-02-27,WI_1,WI,HOBBIES_2,51,37.824576257218474,13.175423742781526
2016-02-27,WI_1,WI,HOUSEHOLD_1,889,837.1354212871806,51.864578712819366
2016-02-27,WI_1,WI,HOUSEHOLD_2,236,209.52976234520756,26.47023765479244
2016-02-27,WI_2,WI,FOODS_1,436,405.28638810318415,30.71361189681585
2016-02-27,WI_2,WI,FOODS_2,763,816.5288645451348,53.52886454513475
2016-02-27,WI_2,WI,FOODS_3,2168,2260.678752909478,92.67875290947813
2016-02-27,WI_2,WI,HOBBIES_1,311,288.91363862325926,22.08636137674074
2016-02-27,WI_2,WI,HOBBIES_2,32,29.556739375969883,2.443260624030117
2016-02-27,WI_2,WI,HOUSEHOLD_1,1268,1387.557642355083,119.55764235508309
2016-02-27,WI_2,WI,HOUSEHOLD_2,174,204.61815059806054,30.618150598060538
2016-02-27,WI_3,WI,FOODS_1,265,285.08878142575895,20.088781425758953
2016-02-27,WI_3,WI,FOODS_2,518,523.2572562815607,5.257256281560672
2016-02-27,WI_3,WI,FOODS_3,2459,2224.3200265445353,234.67997345546473
2016-02-27,WI_3,WI,HOBBIES_1,265,296.10207361157774,31.102073611577737
2016-02-27,WI_3,WI,HOBBIES_2,24,27.796899177910895,3.7968991779108947
2016-02-27,WI_3,WI,HOUSEHOLD_1,876,849.5865700186554,26.41342998134462
2016-02-27,WI_3,WI,HOUSEHOLD_2,215,207.67409544355462,7.32590455644538
2016-02-28,CA_1,CA,FOODS_1,350,349.31517301238694,0.6848269876130644
2016-02-28,CA_1,CA,FOODS_2,745,623.0627363490511,121.93726365094892
2016-02-28,CA_1,CA,FOODS_3,2884,2577.0432784887907,306.95672151120925
2016-02-28,CA_1,CA,HOBBIES_1,696,579.8169916121741,116.18300838782591
2016-02-28,CA_1,CA,HOBBIES_2,44,58.397530534083046,14.397530534083046
2016-02-28,CA_1,CA,HOUSEHOLD_1,1160,1125.630408598835,34.36959140116505
2016-02-28,CA_1,CA,HOUSEHOLD_2,319,284.034032685046,34.965967314954014
2016-02-28,CA_2,CA,FOODS_1,520,500.50104942730053,19.49895057269947
2016-02-28,CA_2,CA,FOODS_2,733,646.7921841611857,86.20781583881433
2016-02-28,CA_2,CA,FOODS_3,2587,2487.5477976622333,99.45220233776672
2016-02-28,CA_2,CA,HOBBIES_1,385,490.2282868358768,105.22828683587682
2016-02-28,CA_2,CA,HOBBIES_2,46,40.97845625483609,5.02154374516391
2016-02-28,CA_2,CA,HOUSEHOLD_1,1172,1169.150207126903,2.8497928730969306
2016-02-28,CA_2,CA,HOUSEHOLD_2,452,370.0280712630974,81.97192873690261
2016-02-28,CA_3,CA,FOODS_1,501,565.397488026801,64.39748802680106
2016-02-28,CA_3,CA,FOODS_2,763,804.1747392536734,41.17473925367335
2016-02-28,CA_3,CA,FOODS_3,3573,3640.689649897593,67.68964989759297
2016-02-28,CA_3,CA,HOBBIES_1,825,601.7249044959781,223.27509550402192
2016-02-28,CA_3,CA,HOBBIES_2,49,55.32227287763058,6.322272877630581
2016-02-28,CA_3,CA,HOUSEHOLD_1,1739,1766.1478256752184,27.147825675218428
2016-02-28,CA_3,CA,HOUSEHOLD_2,433,391.1240584913017,41.875941508698304
2016-02-28,CA_4,CA,FOODS_1,268,232.9175691997085,35.08243080029149
2016-02-28,CA_4,CA,FOODS_2,486,406.74886310503325,79.25113689496675
2016-02-28,CA_4,CA,FOODS_3,1366,1244.1132050193585,121.88679498064153
2016-02-28,CA_4,CA,HOBBIES_1,446,428.498818274046,17.501181725953984
2016-02-28,CA_4,CA,HOBBIES_2,25,18.429846911471955,6.570153088528045
2016-02-28,CA_4,CA,HOUSEHOLD_1,413,471.29364678465265,58.29364678465265
2016-02-28,CA_4,CA,HOUSEHOLD_2,177,145.13457099288468,31.865429007115324
2016-02-28,TX_1,TX,FOODS_1,205,203.99244684307666,1.0075531569233362
2016-02-28,TX_1,TX,FOODS_2,379,361.74087863076716,17.259121369232844
2016-02-28,TX_1,TX,FOODS_3,1700,1623.887415177277,76.11258482272297
2016-02-28,TX_1,TX,HOBBIES_1,304,265.780788366281,38.219211633719
2016-02-28,TX_1,TX,HOBBIES_2,48,44.43387486080083,3.5661251391991726
2016-02-28,TX_1,TX,HOUSEHOLD_1,1017,933.4974562012262,83.50254379877379
2016-02-28,TX_1,TX,HOUSEHOLD_2,276,249.93799338613385,26.062006613866146
2016-02-28,TX_2,TX,FOODS_1,222,262.23446615921495,40.234466159214946
2016-02-28,TX_2,TX,FOODS_2,495,500.9151514488497,5.915151448849713
2016-02-28,TX_2,TX,FOODS_3,2412,2373.3848172832386,38.61518271676141
2016-02-28,TX_2,TX,HOBBIES_1,359,392.9964031577165,33.996403157716486
2016-02-28,TX_2,TX,HOBBIES_2,73,55.48930808996767,17.510691910032328
2016-02-28,TX_2,TX,HOUSEHOLD_1,1159,1059.2000949807134,99.7999050192866
2016-02-28,TX_2,TX,HOUSEHOLD_2,277,256.10706887613554,20.892931123864457
2016-02-28,TX_3,TX,FOODS_1,282,262.7156675099323,19.284332490067698
2016-02-28,TX_3,TX,FOODS_2,522,504.30620421319674,17.693795786803264
2016-02-28,TX_3,TX,FOODS_3,1998,1929.495762497223,68.50423750277696
2016-02-28,TX_3,TX,HOBBIES_1,401,410.6591531321838,9.659153132183803
2016-02-28,TX_3,TX,HOBBIES_2,37,60.02665185607856,23.02665185607856
2016-02-28,TX_3,TX,HOUSEHOLD_1,1011,987.4470255485423,23.552974451457658
2016-02-28,TX_3,TX,HOUSEHOLD_2,199,208.10813974967138,9.10813974967138
2016-02-28,WI_1,WI,FOODS_1,365,332.7224997216541,32.27750027834588
2016-02-28,WI_1,WI,FOODS_2,931,808.9235399232531,122.07646007674691
2016-02-28,WI_1,WI,FOODS_3,2179,2020.9768897129586,158.0231102870414
2016-02-28,WI_1,WI,HOBBIES_1,519,452.66403573528106,66.33596426471894
2016-02-28,WI_1,WI,HOBBIES_2,32,35.774753786329626,3.774753786329626
2016-02-28,WI_1,WI,HOUSEHOLD_1,806,815.2329452043856,9.2329452043856
2016-02-28,WI_1,WI,HOUSEHOLD_2,207,202.02755030833148,4.9724496916685155
2016-02-28,WI_2,WI,FOODS_1,369,350.8972905483653,18.102709451634723
2016-02-28,WI_2,WI,FOODS_2,880,710.2064394552597,169.79356054474033
2016-02-28,WI_2,WI,FOODS_3,2022,2333.6296160715256,311.62961607152556
2016-02-28,WI_2,WI,HOBBIES_1,334,282.0383957338847,51.96160426611527
2016-02-28,WI_2,WI,HOBBIES_2,21,28.890772690366372,7.890772690366372
2016-02-28,WI_2,WI,HOUSEHOLD_1,1139,1336.4347132618218,197.4347132618218
2016-02-28,WI_2,WI,HOUSEHOLD_2,166,207.61785218143035,41.61785218143035
2016-02-28,WI_3,WI,FOODS_1,276,255.7218703705381,20.278129629461887
2016-02-28,WI_3,WI,FOODS_2,551,510.57795243411385,40.422047565886146
2016-02-28,WI_3,WI,FOODS_3,2270,2280.9108543406583,10.910854340658261
2016-02-28,WI_3,WI,HOBBIES_1,220,234.6431466612915,14.643146661291496
2016-02-28,WI_3,WI,HOBBIES_2,20,21.529420209319724,1.5294202093197242
2016-02-28,WI_3,WI,HOUSEHOLD_1,876,801.872005425941,74.12799457405902
2016-02-28,WI_3,WI,HOUSEHOLD_2,199,202.01032794533654,3.0103279453365417
2016-02-29,CA_1,CA,FOODS_1,295,272.34359882315323,22.65640117684677
2016-02-29,CA_1,CA,FOODS_2,453,481.56603840914994,28.56603840914994
2016-02-29,CA_1,CA,FOODS_3,1717,1804.722764506848,87.72276450684808
2016-02-29,CA_1,CA,HOBBIES_1,381,458.97659472539146,77.97659472539146
2016-02-29,CA_1,CA,HOBBIES_2,33,38.69008588116279,5.690085881162787
2016-02-29,CA_1,CA,HOUSEHOLD_1,735,745.7079800957866,10.707980095786638
2016-02-29,CA_1,CA,HOUSEHOLD_2,183,183.78774121496556,0.787741214965564
2016-02-29,CA_2,CA,FOODS_1,368,387.2242596117597,19.224259611759692
2016-02-29,CA_2,CA,FOODS_2,421,432.9437046356733,11.943704635673328
2016-02-29,CA_2,CA,FOODS_3,1531,1543.8573388458922,12.857338845892173
2016-02-29,CA_2,CA,HOBBIES_1,292,331.41940860414746,39.41940860414746
2016-02-29,CA_2,CA,HOBBIES_2,21,29.438966353703503,8.438966353703503
2016-02-29,CA_2,CA,HOUSEHOLD_1,643,728.6793852291653,85.67938522916529
2016-02-29,CA_2,CA,HOUSEHOLD_2,233,270.06589043494625,37.065890434946255
2016-02-29,CA_3,CA,FOODS_1,375,411.2964349735841,36.2964349735841
2016-02-29,CA_3,CA,FOODS_2,622,644.7599054325567,22.759905432556707
2016-02-29,CA_3,CA,FOODS_3,2915,2936.6883857598414,21.688385759841367
2016-02-29,CA_3,CA,HOBBIES_1,394,554.9079762805113,160.90797628051132
2016-02-29,CA_3,CA,HOBBIES_2,67,47.633834075000166,19.366165924999834
2016-02-29,CA_3,CA,HOUSEHOLD_1,1575,1387.2418032387745,187.75819676122546
2016-02-29,CA_3,CA,HOUSEHOLD_2,343,299.4799635313021,43.520036468697924
2016-02-29,CA_4,CA,FOODS_1,192,186.00453585843002,5.9954641415699825
2016-02-29,CA_4,CA,FOODS_2,370,340.3553746268787,29.6446253731213
2016-02-29,CA_4,CA,FOODS_3,1244,1071.2358706162577,172.76412938374233
2016-02-29,CA_4,CA,HOBBIES_1,354,328.4300909157272,25.56990908427281
2016-02-29,CA_4,CA,HOBBIES_2,16,15.507371584526352,0.4926284154736482
2016-02-29,CA_4,CA,HOUSEHOLD_1,329,351.56746324405424,22.567463244054238
2016-02-29,CA_4,CA,HOUSEHOLD_2,130,109.3299167033074,20.670083296692596
2016-02-29,TX_1,TX,FOODS_1,175,167.9404904562591,7.059509543740887
2016-02-29,TX_1,TX,FOODS_2,313,311.1099909671492,1.8900090328507986
2016-02-29,TX_1,TX,FOODS_3,1094,1224.099050239385,130.09905023938495
2016-02-29,TX_1,TX,HOBBIES_1,217,203.15035359569552,13.84964640430448
2016-02-29,TX_1,TX,HOBBIES_2,53,33.85448294355935,19.145517056440653
2016-02-29,TX_1,TX,HOUSEHOLD_1,752,731.284068890736,20.715931109264034
2016-02-29,TX_1,TX,HOUSEHOLD_2,210,188.82758707804732,21.172412921952684
2016-02-29,TX_2,TX,FOODS_1,153,210.33834379258371,57.338343792583714
2016-02-29,TX_2,TX,FOODS_2,406,407.17066580320113,1.170665803201132
2016-02-29,TX_2,TX,FOODS_3,1796,1826.7787330976278,30.778733097627764
2016-02-29,TX_2,TX,HOBBIES_1,331,309.03804974692594,21.961950253074065
2016-02-29,TX_2,TX,HOBBIES_2,24,39.57906178745529,15.579061787455288
2016-02-29,TX_2,TX,HOUSEHOLD_1,786,843.3952856946012,57.39528569460117
2016-02-29,TX_2,TX,HOUSEHOLD_2,210,195.13455160618793,14.865448393812073
2016-02-29,TX_3,TX,FOODS_1,241,243.15237551221068,2.152375512210682
2016-02-29,TX_3,TX,FOODS_2,404,432.65460491994,28.654604919940027
2016-02-29,TX_3,TX,FOODS_3,1493,1495.1257761399359,2.1257761399358515
2016-02-29,TX_3,TX,HOBBIES_1,279,308.5099457481406,29.50994574814058
2016-02-29,TX_3,TX,HOBBIES_2,42,46.864106953297316,4.864106953297316
2016-02-29,TX_3,TX,HOUSEHOLD_1,827,816.4673390724798,10.532660927520169
2016-02-29,TX_3,TX,HOUSEHOLD_2,157,147.44451695265482,9.555483047345177
2016-02-29,WI_1,WI,FOODS_1,236,251.72163972444153,15.72163972444153
2016-02-29,WI_1,WI,FOODS_2,699,663.3307110693445,35.66928893065551
2016-02-29,WI_1,WI,FOODS_3,1460,1476.4312029465643,16.431202946564326
2016-02-29,WI_1,WI,HOBBIES_1,335,355.16003147064373,20.16003147064373
2016-02-29,WI_1,WI,HOBBIES_2,30,30.773521368019146,0.7735213680191464
2016-02-29,WI_1,WI,HOUSEHOLD_1,536,513.5908931369908,22.409106863009242
2016-02-29,WI_1,WI,HOUSEHOLD_2,155,154.07830513472052,0.921694865279477
2016-02-29,WI_2,WI,FOODS_1,379,313.85231658079573,65.14768341920427
2016-02-29,WI_2,WI,FOODS_2,768,749.6502288152165,18.34977118478355
2016-02-29,WI_2,WI,FOODS_3,1785,1820.9205890236701,35.92058902367012
2016-02-29,WI_2,WI,HOBBIES_1,269,244.45076406304932,24.54923593695068
2016-02-29,WI_2,WI,HOBBIES_2,21,28.08600202626665,7.086002026266652
2016-02-29,WI_2,WI,HOUSEHOLD_1,1005,1071.8386240132415,66.83862401324154
2016-02-29,WI_2,WI,HOUSEHOLD_2,134,143.76481789143764,9.764817891437644
2016-02-29,WI_3,WI,FOODS_1,185,211.261645949465,26.26164594946499
2016-02-29,WI_3,WI,FOODS_2,384,406.2761457673212,22.276145767321225
2016-02-29,WI_3,WI,FOODS_3,1613,1675.4514828720064,62.45148287200641
2016-02-29,WI_3,WI,HOBBIES_1,266,212.29416923232264,53.705830767677355
2016-02-29,WI_3,WI,HOBBIES_2,24,18.62498844880057,5.375011551199432
2016-02-29,WI_3,WI,HOUSEHOLD_1,648,705.4901354892517,57.49013548925166
2016-02-29,WI_3,WI,HOUSEHOLD_2,132,143.34798851782404,11.347988517824035
2016-03-01,CA_1,CA,FOODS_1,252,284.04165592959527,32.041655929595265
2016-03-01,CA_1,CA,FOODS_2,474,488.65477105859964,14.654771058599636
2016-03-01,CA_1,CA,FOODS_3,1678,1798.7316590615944,120.73165906159443
2016-03-01,CA_1,CA,HOBBIES_1,543,469.3768248545244,73.62317514547561
2016-03-01,CA_1,CA,HOBBIES_2,25,46.154866708160014,21.154866708160014
2016-03-01,CA_1,CA,HOUSEHOLD_1,678,752.3194023221239,74.31940232212389
2016-03-01,CA_1,CA,HOUSEHOLD_2,180,179.4645035714718,0.5354964285282051
2016-03-01,CA_2,CA,FOODS_1,343,385.1762438547076,42.17624385470759
2016-03-01,CA_2,CA,FOODS_2,449,461.82535264025586,12.825352640255858
2016-03-01,CA_2,CA,FOODS_3,1497,1541.8524512810557,44.852451281055664
2016-03-01,CA_2,CA,HOBBIES_1,362,340.34001019443656,21.65998980556344
2016-03-01,CA_2,CA,HOBBIES_2,27,30.738089490395396,3.738089490395396
2016-03-01,CA_2,CA,HOUSEHOLD_1,740,699.3085777744054,40.69142222559458
2016-03-01,CA_2,CA,HOUSEHOLD_2,233,276.34897880145394,43.34897880145394
2016-03-01,CA_3,CA,FOODS_1,370,434.1012026092885,64.10120260928852
2016-03-01,CA_3,CA,FOODS_2,631,661.6549060462705,30.654906046270526
2016-03-01,CA_3,CA,FOODS_3,3243,2971.6363163642263,271.36368363577367
2016-03-01,CA_3,CA,HOBBIES_1,465,515.2823219844261,50.28232198442606
2016-03-01,CA_3,CA,HOBBIES_2,24,47.13123928547901,23.131239285479012
2016-03-01,CA_3,CA,HOUSEHOLD_1,1453,1323.0939957660955,129.90600423390447
2016-03-01,CA_3,CA,HOUSEHOLD_2,276,310.7998899004005,34.7998899004005
2016-03-01,CA_4,CA,FOODS_1,164,210.64423966151088,46.64423966151088
2016-03-01,CA_4,CA,FOODS_2,333,332.17518531507653,0.8248146849234672
2016-03-01,CA_4,CA,FOODS_3,1034,969.4727147171079,64.52728528289208
2016-03-01,CA_4,CA,HOBBIES_1,288,361.345774945054,73.34577494505402
2016-03-01,CA_4,CA,HOBBIES_2,14,18.47845619720718,4.47845619720718
2016-03-01,CA_4,CA,HOUSEHOLD_1,398,377.44505108225513,20.554948917744866
2016-03-01,CA_4,CA,HOUSEHOLD_2,123,116.85760874510397,6.142391254896026
2016-03-01,TX_1,TX,FOODS_1,200,187.99977281141477,12.000227188585228
2016-03-01,TX_1,TX,FOODS_2,351,332.72357619268115,18.27642380731885
2016-03-01,TX_1,TX,FOODS_3,1289,1284.2668659732979,4.733134026702146
2016-03-01,TX_1,TX,HOBBIES_1,234,227.40693468029818,6.593065319701822
2016-03-01,TX_1,TX,HOBBIES_2,29,31.335212570168437,2.335212570168437
2016-03-01,TX_1,TX,HOUSEHOLD_1,709,731.6707306401116,22.67073064011163
2016-03-01,TX_1,TX,HOUSEHOLD_2,150,187.91908656639689,37.919086566396885
2016-03-01,TX_2,TX,FOODS_1,170,221.54137768859312,51.541377688593116
2016-03-01,TX_2,TX,FOODS_2,402,437.76593406727267,35.76593406727267
2016-03-01,TX_2,TX,FOODS_3,1882,1751.1984121237083,130.8015878762917
2016-03-01,TX_2,TX,HOBBIES_1,379,314.0049712093635,64.99502879063652
2016-03-01,TX_2,TX,HOBBIES_2,95,48.58616157241588,46.41383842758412
2016-03-01,TX_2,TX,HOUSEHOLD_1,833,869.3197177401665,36.31971774016654
2016-03-01,TX_2,TX,HOUSEHOLD_2,186,204.88029482774382,18.880294827743825
2016-03-01,TX_3,TX,FOODS_1,287,287.7400227431584,0.7400227431584199
2016-03-01,TX_3,TX,FOODS_2,573,460.6287444056511,112.3712555943489
2016-03-01,TX_3,TX,FOODS_3,1634,1536.0428949934912,97.95710500650875
2016-03-01,TX_3,TX,HOBBIES_1,320,328.0631558285671,8.063155828567119
2016-03-01,TX_3,TX,HOBBIES_2,50,47.344309213400585,2.655690786599415
2016-03-01,TX_3,TX,HOUSEHOLD_1,903,822.3968082705284,80.60319172947163
2016-03-01,TX_3,TX,HOUSEHOLD_2,166,156.480174847129,9.519825152870993
2016-03-01,WI_1,WI,FOODS_1,160,282.13742572234406,122.13742572234406
2016-03-01,WI_1,WI,FOODS_2,384,604.466885083545,220.46688508354498
2016-03-01,WI_1,WI,FOODS_3,988,1538.0404710934508,550.0404710934508
2016-03-01,WI_1,WI,HOBBIES_1,203,336.9733068529565,133.9733068529565
2016-03-01,WI_1,WI,HOBBIES_2,19,29.3787460546647,10.378746054664699
2016-03-01,WI_1,WI,HOUSEHOLD_1,338,595.8875801085275,257.88758010852746
2016-03-01,WI_1,WI,HOUSEHOLD_2,96,153.35430288166248,57.35430288166248
2016-03-01,WI_2,WI,FOODS_1,373,370.2835728485003,2.7164271514997154
2016-03-01,WI_2,WI,FOODS_2,690,1003.5990291191729,313.5990291191729
2016-03-01,WI_2,WI,FOODS_3,1645,2227.7792929502493,582.7792929502493
2016-03-01,WI_2,WI,HOBBIES_1,228,269.11299622843285,41.11299622843285
2016-03-01,WI_2,WI,HOBBIES_2,16,26.25883831945332,10.258838319453321
2016-03-01,WI_2,WI,HOUSEHOLD_1,1236,1148.6200468602417,87.3799531397583
2016-03-01,WI_2,WI,HOUSEHOLD_2,134,148.19415738508283,14.194157385082832
2016-03-01,WI_3,WI,FOODS_1,243,267.0375649751693,24.03756497516929
2016-03-01,WI_3,WI,FOODS_2,322,500.12986283838103,178.12986283838103
2016-03-01,WI_3,WI,FOODS_3,1397,1890.193968095642,493.19396809564205
2016-03-01,WI_3,WI,HOBBIES_1,171,244.89223273172146,73.89223273172146
2016-03-01,WI_3,WI,HOBBIES_2,21,19.46264573539094,1.5373542646090606
2016-03-01,WI_3,WI,HOUSEHOLD_1,639,672.3087243658811,33.30872436588106
2016-03-01,WI_3,WI,HOUSEHOLD_2,94,144.55997643930158,50.55997643930158
2016-03-02,CA_1,CA,FOODS_1,239,276.944195351506,37.94419535150598
2016-03-02,CA_1,CA,FOODS_2,449,469.8774800895789,20.87748008957891
2016-03-02,CA_1,CA,FOODS_3,1747,1772.9592555955696,25.95925559556963
2016-03-02,CA_1,CA,HOBBIES_1,441,529.2576629199237,88.25766291992375
2016-03-02,CA_1,CA,HOBBIES_2,48,45.72441283382104,2.2755871661789584
2016-03-02,CA_1,CA,HOUSEHOLD_1,652,733.8704424332816,81.8704424332816
2016-03-02,CA_1,CA,HOUSEHOLD_2,178,174.82433524461933,3.175664755380666
2016-03-02,CA_2,CA,FOODS_1,273,374.6879776244692,101.68797762446923
2016-03-02,CA_2,CA,FOODS_2,395,435.49759159611943,40.497591596119435
2016-03-02,CA_2,CA,FOODS_3,1520,1550.50754636745,30.507546367450004
2016-03-02,CA_2,CA,HOBBIES_1,231,342.0087027202748,111.00870272027481
2016-03-02,CA_2,CA,HOBBIES_2,38,31.07348138426842,6.926518615731581
2016-03-02,CA_2,CA,HOUSEHOLD_1,719,771.217982065897,52.21798206589699
2016-03-02,CA_2,CA,HOUSEHOLD_2,197,269.491104723432,72.49110472343199
2016-03-02,CA_3,CA,FOODS_1,304,441.33110520677496,137.33110520677496
2016-03-02,CA_3,CA,FOODS_2,703,661.7297598671826,41.270240132817435
2016-03-02,CA_3,CA,FOODS_3,2626,2993.509569526561,367.5095695265609
2016-03-02,CA_3,CA,HOBBIES_1,486,541.6586185928683,55.658618592868265
2016-03-02,CA_3,CA,HOBBIES_2,48,46.78036766506969,1.21963233493031
2016-03-02,CA_3,CA,HOUSEHOLD_1,1288,1361.7456111786366,73.74561117863664
2016-03-02,CA_3,CA,HOUSEHOLD_2,245,309.0944996601465,64.09449966014648
2016-03-02,CA_4,CA,FOODS_1,199,202.2821385390258,3.2821385390257944
2016-03-02,CA_4,CA,FOODS_2,309,327.02754504838174,18.02754504838174
2016-03-02,CA_4,CA,FOODS_3,1012,1023.6417179769907,11.641717976990662
2016-03-02,CA_4,CA,HOBBIES_1,558,361.154874692056,196.845125307944
2016-03-02,CA_4,CA,HOBBIES_2,28,19.351350425067306,8.648649574932694
2016-03-02,CA_4,CA,HOUSEHOLD_1,349,372.94206827136827,23.94206827136827
2016-03-02,CA_4,CA,HOUSEHOLD_2,133,123.61942656623303,9.380573433766969
2016-03-02,TX_1,TX,FOODS_1,176,188.97252989403333,12.972529894033329
2016-03-02,TX_1,TX,FOODS_2,292,325.66260011655044,33.662600116550436
2016-03-02,TX_1,TX,FOODS_3,1236,1300.29452723484,64.29452723483996
2016-03-02,TX_1,TX,HOBBIES_1,241,231.31924053533217,9.68075946466783
2016-03-02,TX_1,TX,HOBBIES_2,56,36.49230664098827,19.507693359011732
2016-03-02,TX_1,TX,HOUSEHOLD_1,622,719.9602695331779,97.9602695331779
2016-03-02,TX_1,TX,HOUSEHOLD_2,181,183.41784514132752,2.4178451413275184
2016-03-02,TX_2,TX,FOODS_1,220,204.3584871031825,15.641512896817488
2016-03-02,TX_2,TX,FOODS_2,376,442.6063415895611,66.60634158956111
2016-03-02,TX_2,TX,FOODS_3,1668,1832.146591845569,164.146591845569
2016-03-02,TX_2,TX,HOBBIES_1,261,316.5633242669346,55.563324266934615
2016-03-02,TX_2,TX,HOBBIES_2,72,57.02119929267731,14.97880070732269
2016-03-02,TX_2,TX,HOUSEHOLD_1,795,873.8370173295131,78.83701732951306
2016-03-02,TX_2,TX,HOUSEHOLD_2,175,193.9731589573629,18.973158957362898
2016-03-02,TX_3,TX,FOODS_1,265,273.2570749396681,8.257074939668087
2016-03-02,TX_3,TX,FOODS_2,455,510.1963854127578,55.19638541275782
2016-03-02,TX_3,TX,FOODS_3,1618,1619.273515785277,1.2735157852769134
2016-03-02,TX_3,TX,HOBBIES_1,257,302.5836225737515,45.583622573751484
2016-03-02,TX_3,TX,HOBBIES_2,47,50.98093941300899,3.98093941300899
2016-03-02,TX_3,TX,HOUSEHOLD_1,740,857.0095596234474,117.00955962344744
2016-03-02,TX_3,TX,HOUSEHOLD_2,149,153.97079827766578,4.970798277665779
2016-03-02,WI_1,WI,FOODS_1,183,261.45575378516753,78.45575378516753
2016-03-02,WI_1,WI,FOODS_2,675,593.2641559048268,81.7358440951732
2016-03-02,WI_1,WI,FOODS_3,1449,1453.5726130919245,4.572613091924495
2016-03-02,WI_1,WI,HOBBIES_1,416,335.2445171630045,80.7554828369955
2016-03-02,WI_1,WI,HOBBIES_2,30,31.533727570064176,1.5337275700641761
2016-03-02,WI_1,WI,HOUSEHOLD_1,605,538.623772274633,66.37622772536702
2016-03-02,WI_1,WI,HOUSEHOLD_2,149,151.10878472635414,2.108784726354145
2016-03-02,WI_2,WI,FOODS_1,410,397.29791726927596,12.702082730724044
2016-03-02,WI_2,WI,FOODS_2,1202,972.4557951236567,229.54420487634331
2016-03-02,WI_2,WI,FOODS_3,2330,2187.2578292625567,142.7421707374433
2016-03-02,WI_2,WI,HOBBIES_1,268,286.864061940457,18.86406194045702
2016-03-02,WI_2,WI,HOBBIES_2,13,23.586147900693184,10.586147900693184
2016-03-02,WI_2,WI,HOUSEHOLD_1,1297,1234.8507119568153,62.1492880431847
2016-03-02,WI_2,WI,HOUSEHOLD_2,150,148.1479565808646,1.8520434191354127
2016-03-02,WI_3,WI,FOODS_1,250,265.8206176720212,15.820617672021228
2016-03-02,WI_3,WI,FOODS_2,583,630.4416776135299,47.44167761352992
2016-03-02,WI_3,WI,FOODS_3,1986,2078.320831516107,92.32083151610686
2016-03-02,WI_3,WI,HOBBIES_1,222,242.85474101638897,20.85474101638897
2016-03-02,WI_3,WI,HOBBIES_2,52,24.745912087529504,27.254087912470496
2016-03-02,WI_3,WI,HOUSEHOLD_1,721,689.1453777385802,31.854622261419763
2016-03-02,WI_3,WI,HOUSEHOLD_2,150,150.24520852072942,0.24520852072942034
2016-03-03,CA_1,CA,FOODS_1,278,281.58168652795763,3.581686527957629
2016-03-03,CA_1,CA,FOODS_2,531,513.3357589772623,17.664241022737656
2016-03-03,CA_1,CA,FOODS_3,1656,1812.687059449717,156.68705944971703
2016-03-03,CA_1,CA,HOBBIES_1,400,512.8822500693818,112.88225006938183
2016-03-03,CA_1,CA,HOBBIES_2,36,43.845503893052594,7.845503893052594
2016-03-03,CA_1,CA,HOUSEHOLD_1,680,733.0776883689368,53.07768836893683
2016-03-03,CA_1,CA,HOUSEHOLD_2,188,188.67179797878518,0.6717979787851789
2016-03-03,CA_2,CA,FOODS_1,382,412.5268342903669,30.526834290366878
2016-03-03,CA_2,CA,FOODS_2,463,411.74643447541547,51.25356552458453
2016-03-03,CA_2,CA,FOODS_3,1390,1715.392343525445,325.3923435254451
2016-03-03,CA_2,CA,HOBBIES_1,350,340.833736748122,9.166263251877979
2016-03-03,CA_2,CA,HOBBIES_2,39,33.09749203713486,5.902507962865137
2016-03-03,CA_2,CA,HOUSEHOLD_1,669,677.8587340124968,8.858734012496825
2016-03-03,CA_2,CA,HOUSEHOLD_2,240,271.8134704288772,31.813470428877224
2016-03-03,CA_3,CA,FOODS_1,494,431.273253633417,62.72674636658297
2016-03-03,CA_3,CA,FOODS_2,635,663.336337630823,28.33633763082298
2016-03-03,CA_3,CA,FOODS_3,2572,2908.1049729053902,336.10497290539024
2016-03-03,CA_3,CA,HOBBIES_1,535,577.7193247733795,42.719324773379526
2016-03-03,CA_3,CA,HOBBIES_2,49,47.19845960338493,1.8015403966150672
2016-03-03,CA_3,CA,HOUSEHOLD_1,1413,1367.3994362582657,45.60056374173428
2016-03-03,CA_3,CA,HOUSEHOLD_2,294,310.68818093674884,16.688180936748836
2016-03-03,CA_4,CA,FOODS_1,190,205.561548141988,15.561548141987998
2016-03-03,CA_4,CA,FOODS_2,329,337.70961279594115,8.709612795941155
2016-03-03,CA_4,CA,FOODS_3,919,1020.9727974959231,101.97279749592315
2016-03-03,CA_4,CA,HOBBIES_1,393,375.6894849690678,17.31051503093221
2016-03-03,CA_4,CA,HOBBIES_2,10,16.56265634338916,6.562656343389161
2016-03-03,CA_4,CA,HOUSEHOLD_1,368,385.41373586963016,17.41373586963016
2016-03-03,CA_4,CA,HOUSEHOLD_2,118,121.17993932306464,3.1799393230646444
2016-03-03,TX_1,TX,FOODS_1,191,194.29298533076025,3.2929853307602457
2016-03-03,TX_1,TX,FOODS_2,341,355.26637012587213,14.266370125872129
2016-03-03,TX_1,TX,FOODS_3,1431,1263.1550513621519,167.84494863784812
2016-03-03,TX_1,TX,HOBBIES_1,191,230.2387773537282,39.23877735372821
2016-03-03,TX_1,TX,HOBBIES_2,34,37.95221687497599,3.9522168749759885
2016-03-03,TX_1,TX,HOUSEHOLD_1,765,679.1268912231375,85.87310877686252
2016-03-03,TX_1,TX,HOUSEHOLD_2,189,181.92150400492434,7.078495995075656
2016-03-03,TX_2,TX,FOODS_1,254,212.3846733257571,41.61532667424291
2016-03-03,TX_2,TX,FOODS_2,442,432.16797442596567,9.832025574034333
2016-03-03,TX_2,TX,FOODS_3,1982,1838.9273884994604,143.07261150053955
2016-03-03,TX_2,TX,HOBBIES_1,336,327.98927479489714,8.010725205102858
2016-03-03,TX_2,TX,HOBBIES_2,60,59.494128421009485,0.505871578990515
2016-03-03,TX_2,TX,HOUSEHOLD_1,857,813.8391889810379,43.160811018962136
2016-03-03,TX_2,TX,HOUSEHOLD_2,206,195.09620362696052,10.903796373039484
2016-03-03,TX_3,TX,FOODS_1,331,284.6778731481664,46.322126851833616
2016-03-03,TX_3,TX,FOODS_2,609,473.6527031144056,135.3472968855944
2016-03-03,TX_3,TX,FOODS_3,1677,1541.7480803140074,135.25191968599256
2016-03-03,TX_3,TX,HOBBIES_1,337,375.08213680422335,38.08213680422335
2016-03-03,TX_3,TX,HOBBIES_2,45,46.22484440542869,1.2248444054286907
2016-03-03,TX_3,TX,HOUSEHOLD_1,917,817.0054423749057,99.99455762509433
2016-03-03,TX_3,TX,HOUSEHOLD_2,201,159.68392452296845,41.316075477031546
2016-03-03,WI_1,WI,FOODS_1,275,282.48146658824345,7.48146658824345
2016-03-03,WI_1,WI,FOODS_2,626,668.8740896804511,42.87408968045111
2016-03-03,WI_1,WI,FOODS_3,1520,1524.097177364885,4.097177364885056
2016-03-03,WI_1,WI,HOBBIES_1,364,360.7515293443227,3.248470655677295
2016-03-03,WI_1,WI,HOBBIES_2,33,30.21485659958895,2.7851434004110516
2016-03-03,WI_1,WI,HOUSEHOLD_1,555,565.73575819417,10.735758194169989
2016-03-03,WI_1,WI,HOUSEHOLD_2,123,151.3638006159852,28.363800615985213
2016-03-03,WI_2,WI,FOODS_1,428,405.3846579624414,22.615342037558605
2016-03-03,WI_2,WI,FOODS_2,1384,1030.049496532481,353.95050346751896
2016-03-03,WI_2,WI,FOODS_3,2866,2138.3759366119384,727.6240633880616
2016-03-03,WI_2,WI,HOBBIES_1,330,325.62015829760634,4.379841702393662
2016-03-03,WI_2,WI,HOBBIES_2,34,26.470917329246063,7.529082670753937
2016-03-03,WI_2,WI,HOUSEHOLD_1,1328,1146.9894396066359,181.01056039336413
2016-03-03,WI_2,WI,HOUSEHOLD_2,186,152.16524289645537,33.83475710354463
2016-03-03,WI_3,WI,FOODS_1,283,257.5857147370236,25.41428526297642
2016-03-03,WI_3,WI,FOODS_2,681,473.7994106383287,207.2005893616713
2016-03-03,WI_3,WI,FOODS_3,2081,2252.336317551179,171.33631755117904
2016-03-03,WI_3,WI,HOBBIES_1,259,248.51564617937476,10.484353820625245
2016-03-03,WI_3,WI,HOBBIES_2,25,23.665362023839883,1.334637976160117
2016-03-03,WI_3,WI,HOUSEHOLD_1,899,709.5714914354301,189.42850856456994
2016-03-03,WI_3,WI,HOUSEHOLD_2,162,149.28740514604848,12.712594853951515
2016-03-04,CA_1,CA,FOODS_1,324,319.65728597389193,4.3427140261080694
2016-03-04,CA_1,CA,FOODS_2,553,521.2345932244757,31.765406775524298
2016-03-04,CA_1,CA,FOODS_3,1958,2078.359503169365,120.35950316936487
2016-03-04,CA_1,CA,HOBBIES_1,405,473.08597332510357,68.08597332510357
2016-03-04,CA_1,CA,HOBBIES_2,36,41.73432200982607,5.734322009826073
2016-03-04,CA_1,CA,HOUSEHOLD_1,711,775.7274860111294,64.72748601112937
2016-03-04,CA_1,CA,HOUSEHOLD_2,176,223.75844795047863,47.758447950478626
2016-03-04,CA_2,CA,FOODS_1,508,457.83169954880645,50.168300451193545
2016-03-04,CA_2,CA,FOODS_2,462,477.5157682416491,15.515768241649084
2016-03-04,CA_2,CA,FOODS_3,1586,1860.3100558940714,274.3100558940714
2016-03-04,CA_2,CA,HOBBIES_1,429,373.11931572564083,55.88068427435917
2016-03-04,CA_2,CA,HOBBIES_2,27,34.81726937560535,7.817269375605349
2016-03-04,CA_2,CA,HOUSEHOLD_1,663,792.4734869989148,129.47348699891484
2016-03-04,CA_2,CA,HOUSEHOLD_2,206,290.00275217616775,84.00275217616775
2016-03-04,CA_3,CA,FOODS_1,324,419.1464833719411,95.14648337194109
2016-03-04,CA_3,CA,FOODS_2,654,665.627590498377,11.627590498377003
2016-03-04,CA_3,CA,FOODS_3,2446,2843.534395086049,397.5343950860488
2016-03-04,CA_3,CA,HOBBIES_1,493,520.4149881208041,27.414988120804082
2016-03-04,CA_3,CA,HOBBIES_2,48,49.320968089593336,1.320968089593336
2016-03-04,CA_3,CA,HOUSEHOLD_1,1316,1380.236931656095,64.23693165609507
2016-03-04,CA_3,CA,HOUSEHOLD_2,269,308.2071608220381,39.20716082203808
2016-03-04,CA_4,CA,FOODS_1,253,219.1720574498883,33.827942550111686
2016-03-04,CA_4,CA,FOODS_2,280,323.71733403227427,43.717334032274266
2016-03-04,CA_4,CA,FOODS_3,1052,1028.5504719144149,23.449528085585143
2016-03-04,CA_4,CA,HOBBIES_1,401,408.7760943735038,7.776094373503781
2016-03-04,CA_4,CA,HOBBIES_2,24,21.147867565719572,2.8521324342804277
2016-03-04,CA_4,CA,HOUSEHOLD_1,368,364.09410763495885,3.9058923650411543
2016-03-04,CA_4,CA,HOUSEHOLD_2,123,134.42864500587518,11.428645005875183
2016-03-04,TX_1,TX,FOODS_1,235,210.00625411542924,24.993745884570757
2016-03-04,TX_1,TX,FOODS_2,272,304.03940186627426,32.03940186627426
2016-03-04,TX_1,TX,FOODS_3,1343,1363.3852602256527,20.3852602256527
2016-03-04,TX_1,TX,HOBBIES_1,238,237.96377481699727,0.03622518300272759
2016-03-04,TX_1,TX,HOBBIES_2,28,39.73797409752367,11.737974097523669
2016-03-04,TX_1,TX,HOUSEHOLD_1,689,718.8858496944601,29.88584969446015
2016-03-04,TX_1,TX,HOUSEHOLD_2,197,211.2710160136937,14.271016013693696
2016-03-04,TX_2,TX,FOODS_1,240,230.28845464117842,9.711545358821581
2016-03-04,TX_2,TX,FOODS_2,332,390.36840286245865,58.36840286245865
2016-03-04,TX_2,TX,FOODS_3,1778,1856.9208997327776,78.92089973277757
2016-03-04,TX_2,TX,HOBBIES_1,280,337.8182244285324,57.8182244285324
2016-03-04,TX_2,TX,HOBBIES_2,35,58.14033365826555,23.140333658265547
2016-03-04,TX_2,TX,HOUSEHOLD_1,711,882.0157609272223,171.01576092722235
2016-03-04,TX_2,TX,HOUSEHOLD_2,155,211.0321155572093,56.032115557209295
2016-03-04,TX_3,TX,FOODS_1,352,292.20311666483036,59.79688333516964
2016-03-04,TX_3,TX,FOODS_2,392,469.9114210412227,77.9114210412227
2016-03-04,TX_3,TX,FOODS_3,1551,1659.197375756451,108.19737575645104
2016-03-04,TX_3,TX,HOBBIES_1,340,336.002243828222,3.9977561717780077
2016-03-04,TX_3,TX,HOBBIES_2,26,43.626943176509656,17.626943176509656
2016-03-04,TX_3,TX,HOUSEHOLD_1,774,799.9164980438078,25.916498043807792
2016-03-04,TX_3,TX,HOUSEHOLD_2,190,183.83803329147497,6.1619667085250285
2016-03-04,WI_1,WI,FOODS_1,350,286.5650058484471,63.43499415155293
2016-03-04,WI_1,WI,FOODS_2,668,652.6190270965436,15.380972903456382
2016-03-04,WI_1,WI,FOODS_3,1611,1638.4873887504239,27.48738875042386
2016-03-04,WI_1,WI,HOBBIES_1,333,409.2791809632844,76.27918096328438
2016-03-04,WI_1,WI,HOBBIES_2,27,30.706034779324483,3.706034779324483
2016-03-04,WI_1,WI,HOUSEHOLD_1,630,620.5651932201113,9.434806779888731
2016-03-04,WI_1,WI,HOUSEHOLD_2,194,165.69100340770945,28.308996592290555
2016-03-04,WI_2,WI,FOODS_1,461,402.8409121463459,58.159087853654114
2016-03-04,WI_2,WI,FOODS_2,1025,1039.354406297876,14.35440629787604
2016-03-04,WI_2,WI,FOODS_3,2078,2077.1752712002462,0.8247287997537569
2016-03-04,WI_2,WI,HOBBIES_1,244,291.70850635193483,47.70850635193483
2016-03-04,WI_2,WI,HOBBIES_2,18,21.115364551572984,3.115364551572984
2016-03-04,WI_2,WI,HOUSEHOLD_1,1296,1158.051128539782,137.94887146021802
2016-03-04,WI_2,WI,HOUSEHOLD_2,163,166.24373881157481,3.243738811574815
2016-03-04,WI_3,WI,FOODS_1,316,267.68405029236095,48.31594970763905
2016-03-04,WI_3,WI,FOODS_2,513,575.1061645369596,62.10616453695957
2016-03-04,WI_3,WI,FOODS_3,1961,1922.004752332539,38.995247667460944
2016-03-04,WI_3,WI,HOBBIES_1,254,250.11683915416745,3.883160845832549
2016-03-04,WI_3,WI,HOBBIES_2,17,27.429027260852898,10.429027260852898
2016-03-04,WI_3,WI,HOUSEHOLD_1,756,687.9305687599236,68.06943124007637
2016-03-04,WI_3,WI,HOUSEHOLD_2,157,167.10503683687807,10.105036836878071
2016-03-05,CA_1,CA,FOODS_1,410,415.50159428574193,5.50159428574193
2016-03-05,CA_1,CA,FOODS_2,813,717.1636866591571,95.83631334084293
2016-03-05,CA_1,CA,FOODS_3,2438,2596.0502271061505,158.0502271061505
2016-03-05,CA_1,CA,HOBBIES_1,545,609.2270876000338,64.22708760003377
2016-03-05,CA_1,CA,HOBBIES_2,51,52.10284711944398,1.1028471194439788
2016-03-05,CA_1,CA,HOUSEHOLD_1,1073,1043.8057422475324,29.194257752467593
2016-03-05,CA_1,CA,HOUSEHOLD_2,300,290.0578278591996,9.94217214080038
2016-03-05,CA_2,CA,FOODS_1,577,510.6407018330354,66.3592981669646
2016-03-05,CA_2,CA,FOODS_2,774,657.558304353852,116.44169564614799
2016-03-05,CA_2,CA,FOODS_3,2524,2385.22773015873,138.77226984126992
2016-03-05,CA_2,CA,HOBBIES_1,524,517.709158099965,6.290841900035048
2016-03-05,CA_2,CA,HOBBIES_2,52,45.370783119503194,6.629216880496806
2016-03-05,CA_2,CA,HOUSEHOLD_1,1073,1087.5520447232975,14.552044723297513
2016-03-05,CA_2,CA,HOUSEHOLD_2,352,378.32068111260827,26.32068111260827
2016-03-05,CA_3,CA,FOODS_1,511,446.6481645995641,64.3518354004359
2016-03-05,CA_3,CA,FOODS_2,775,806.9672302479098,31.96723024790981
2016-03-05,CA_3,CA,FOODS_3,3434,3473.371404761905,39.37140476190507
2016-03-05,CA_3,CA,HOBBIES_1,663,636.9966272061554,26.00337279384462
2016-03-05,CA_3,CA,HOBBIES_2,47,53.74005687139299,6.740056871392987
2016-03-05,CA_3,CA,HOUSEHOLD_1,1758,1769.2981832042665,11.29818320426648
2016-03-05,CA_3,CA,HOUSEHOLD_2,379,378.2275317176634,0.7724682823366038
2016-03-05,CA_4,CA,FOODS_1,215,248.9474939361973,33.947493936197304
2016-03-05,CA_4,CA,FOODS_2,452,412.5738958056925,39.42610419430753
2016-03-05,CA_4,CA,FOODS_3,1283,1411.3625496790526,128.36254967905256
2016-03-05,CA_4,CA,HOBBIES_1,399,494.58373974601204,95.58373974601204
2016-03-05,CA_4,CA,HOBBIES_2,15,21.594158996748153,6.594158996748153
2016-03-05,CA_4,CA,HOUSEHOLD_1,447,460.9510419117303,13.951041911730272
2016-03-05,CA_4,CA,HOUSEHOLD_2,138,162.73401533680916,24.734015336809165
2016-03-05,TX_1,TX,FOODS_1,206,234.06926487814576,28.06926487814576
2016-03-05,TX_1,TX,FOODS_2,449,405.7883740924375,43.21162590756251
2016-03-05,TX_1,TX,FOODS_3,1647,1694.4535534875486,47.45355348754856
2016-03-05,TX_1,TX,HOBBIES_1,252,275.9191435086753,23.91914350867529
2016-03-05,TX_1,TX,HOBBIES_2,16,46.96551480382079,30.96551480382079
2016-03-05,TX_1,TX,HOUSEHOLD_1,836,931.6843506947301,95.68435069473014
2016-03-05,TX_1,TX,HOUSEHOLD_2,238,253.37960092599147,15.379600925991468
2016-03-05,TX_2,TX,FOODS_1,297,253.88005959531878,43.119940404681216
2016-03-05,TX_2,TX,FOODS_2,462,574.8022227118563,112.8022227118563
2016-03-05,TX_2,TX,FOODS_3,2316,2398.6003099009217,82.60030990092173
2016-03-05,TX_2,TX,HOBBIES_1,335,383.3959517147703,48.39595171477032
2016-03-05,TX_2,TX,HOBBIES_2,61,61.61692899632305,0.6169289963230469
2016-03-05,TX_2,TX,HOUSEHOLD_1,965,973.6272860140422,8.62728601404217
2016-03-05,TX_2,TX,HOUSEHOLD_2,239,257.38397237377285,18.38397237377285
2016-03-05,TX_3,TX,FOODS_1,293,336.1899432719047,43.189943271904724
2016-03-05,TX_3,TX,FOODS_2,546,593.590400959181,47.59040095918101
2016-03-05,TX_3,TX,FOODS_3,1774,2025.058698435376,251.05869843537607
2016-03-05,TX_3,TX,HOBBIES_1,332,399.978246019451,67.97824601945098
2016-03-05,TX_3,TX,HOBBIES_2,38,48.25494247594499,10.254942475944993
2016-03-05,TX_3,TX,HOUSEHOLD_1,985,1024.5772724896735,39.57727248967353
2016-03-05,TX_3,TX,HOUSEHOLD_2,208,222.202337146544,14.20233714654401
2016-03-05,WI_1,WI,FOODS_1,419,348.3980616568422,70.60193834315783
2016-03-05,WI_1,WI,FOODS_2,983,891.8012321393217,91.19876786067834
2016-03-05,WI_1,WI,FOODS_3,2268,2128.2391541933184,139.76084580668157
2016-03-05,WI_1,WI,HOBBIES_1,656,628.8548711865217,27.145128813478323
2016-03-05,WI_1,WI,HOBBIES_2,54,37.12577343538243,16.874226564617572
2016-03-05,WI_1,WI,HOUSEHOLD_1,803,807.051076862379,4.051076862378977
2016-03-05,WI_1,WI,HOUSEHOLD_2,213,204.77271574302006,8.227284256979942
2016-03-05,WI_2,WI,FOODS_1,466,462.43064890554234,3.5693510944576587
2016-03-05,WI_2,WI,FOODS_2,1887,1463.1807294511045,423.8192705488955
2016-03-05,WI_2,WI,FOODS_3,2987,2776.0511021461402,210.94889785385976
2016-03-05,WI_2,WI,HOBBIES_1,300,348.11375304047834,48.11375304047834
2016-03-05,WI_2,WI,HOBBIES_2,24,22.648228036378875,1.3517719636211254
2016-03-05,WI_2,WI,HOUSEHOLD_1,1198,1391.4756046082944,193.47560460829436
2016-03-05,WI_2,WI,HOUSEHOLD_2,175,190.10336082192794,15.103360821927936
2016-03-05,WI_3,WI,FOODS_1,361,377.4384463512781,16.438446351278117
2016-03-05,WI_3,WI,FOODS_2,765,743.1439395424055,21.85606045759448
2016-03-05,WI_3,WI,FOODS_3,2868,2647.3191145811907,220.68088541880934
2016-03-05,WI_3,WI,HOBBIES_1,247,283.3462415322645,36.346241532264514
2016-03-05,WI_3,WI,HOBBIES_2,25,29.82566150890804,4.825661508908041
2016-03-05,WI_3,WI,HOUSEHOLD_1,889,912.0102840332313,23.0102840332313
2016-03-05,WI_3,WI,HOUSEHOLD_2,217,194.69323679756238,22.306763202437622
2016-03-06,CA_1,CA,FOODS_1,462,376.00011071485903,85.99988928514097
2016-03-06,CA_1,CA,FOODS_2,922,764.0866307513306,157.91336924866937
2016-03-06,CA_1,CA,FOODS_3,3051,2696.2386618249834,354.7613381750166
2016-03-06,CA_1,CA,HOBBIES_1,780,591.9819279611953,188.0180720388047
2016-03-06,CA_1,CA,HOBBIES_2,46,51.401445180357044,5.401445180357044
2016-03-06,CA_1,CA,HOUSEHOLD_1,1242,1022.9926564867392,219.00734351326082
2016-03-06,CA_1,CA,HOUSEHOLD_2,326,284.40643244145963,41.59356755854037
2016-03-06,CA_2,CA,FOODS_1,633,537.5067948699888,95.49320513001123
2016-03-06,CA_2,CA,FOODS_2,797,673.76386643812,123.23613356188002
2016-03-06,CA_2,CA,FOODS_3,2638,2416.7127553115606,221.2872446884394
2016-03-06,CA_2,CA,HOBBIES_1,558,432.92794897413796,125.07205102586204
2016-03-06,CA_2,CA,HOBBIES_2,46,39.71780884174007,6.282191158259927
2016-03-06,CA_2,CA,HOUSEHOLD_1,1300,1020.3955833284979,279.6044166715021
2016-03-06,CA_2,CA,HOUSEHOLD_2,412,360.47300619183477,51.52699380816523
2016-03-06,CA_3,CA,FOODS_1,534,442.26873122620265,91.73126877379735
2016-03-06,CA_3,CA,FOODS_2,1021,786.5986351711341,234.4013648288659
2016-03-06,CA_3,CA,FOODS_3,4060,3738.0023014127446,321.9976985872554
2016-03-06,CA_3,CA,HOBBIES_1,637,661.3209166190004,24.3209166190004
2016-03-06,CA_3,CA,HOBBIES_2,62,56.74233242366586,5.257667576334143
2016-03-06,CA_3,CA,HOUSEHOLD_1,2002,1839.8868462823727,162.11315371762726
2016-03-06,CA_3,CA,HOUSEHOLD_2,457,388.94942967158624,68.05057032841376
2016-03-06,CA_4,CA,FOODS_1,243,225.9672982779478,17.032701722052195
2016-03-06,CA_4,CA,FOODS_2,455,414.07931895235214,40.92068104764786
2016-03-06,CA_4,CA,FOODS_3,1402,1341.1654624862836,60.83453751371644
2016-03-06,CA_4,CA,HOBBIES_1,410,465.6505423296868,55.6505423296868
2016-03-06,CA_4,CA,HOBBIES_2,20,20.09591547646896,0.09591547646896004
2016-03-06,CA_4,CA,HOUSEHOLD_1,551,482.39117536761825,68.60882463238175
2016-03-06,CA_4,CA,HOUSEHOLD_2,157,154.47476878293554,2.5252312170644586
2016-03-06,TX_1,TX,FOODS_1,242,224.30300008971253,17.696999910287474
2016-03-06,TX_1,TX,FOODS_2,522,439.1650211353001,82.8349788646999
2016-03-06,TX_1,TX,FOODS_3,1888,1829.234641683821,58.76535831617889
2016-03-06,TX_1,TX,HOBBIES_1,382,323.17101856260206,58.82898143739794
2016-03-06,TX_1,TX,HOBBIES_2,25,40.02448471224808,15.024484712248082
2016-03-06,TX_1,TX,HOUSEHOLD_1,993,929.125920189402,63.874079810598005
2016-03-06,TX_1,TX,HOUSEHOLD_2,276,261.59027305669247,14.409726943307533
2016-03-06,TX_2,TX,FOODS_1,273,248.9217805176742,24.078219482325807
2016-03-06,TX_2,TX,FOODS_2,636,586.7599382995902,49.2400617004098
2016-03-06,TX_2,TX,FOODS_3,2658,2587.7224814899087,70.27751851009134
2016-03-06,TX_2,TX,HOBBIES_1,365,384.71043484733923,19.71043484733923
2016-03-06,TX_2,TX,HOBBIES_2,53,64.45760961541038,11.457609615410377
2016-03-06,TX_2,TX,HOUSEHOLD_1,1123,1030.7635544339762,92.2364455660238
2016-03-06,TX_2,TX,HOUSEHOLD_2,266,259.04515250052754,6.954847499472464
2016-03-06,TX_3,TX,FOODS_1,248,300.45031101671043,52.45031101671043
2016-03-06,TX_3,TX,FOODS_2,680,624.8561379542665,55.1438620457335
2016-03-06,TX_3,TX,FOODS_3,1904,2083.143102919705,179.14310291970514
2016-03-06,TX_3,TX,HOBBIES_1,371,386.50187724422835,15.501877244228353
2016-03-06,TX_3,TX,HOBBIES_2,47,50.401194848440745,3.4011948484407455
2016-03-06,TX_3,TX,HOUSEHOLD_1,1002,981.9738413565098,20.02615864349025
2016-03-06,TX_3,TX,HOUSEHOLD_2,201,222.94706940508527,21.947069405085273
2016-03-06,WI_1,WI,FOODS_1,444,322.62920995250045,121.37079004749955
2016-03-06,WI_1,WI,FOODS_2,1037,879.4862534957849,157.51374650421508
2016-03-06,WI_1,WI,FOODS_3,2460,2107.595742402168,352.40425759783193
2016-03-06,WI_1,WI,HOBBIES_1,441,449.78143201116904,8.781432011169045
2016-03-06,WI_1,WI,HOBBIES_2,35,33.38377470872573,1.6162252912742687
2016-03-06,WI_1,WI,HOUSEHOLD_1,799,754.5178655948365,44.48213440516349
2016-03-06,WI_1,WI,HOUSEHOLD_2,235,201.71813485150295,33.28186514849705
2016-03-06,WI_2,WI,FOODS_1,447,455.36393004145793,8.363930041457934
2016-03-06,WI_2,WI,FOODS_2,1844,1194.0185261044176,649.9814738955824
2016-03-06,WI_2,WI,FOODS_3,3012,2869.276094043555,142.72390595644492
2016-03-06,WI_2,WI,HOBBIES_1,253,305.98913695551835,52.98913695551835
2016-03-06,WI_2,WI,HOBBIES_2,63,29.791834130768894,33.20816586923111
2016-03-06,WI_2,WI,HOUSEHOLD_1,1157,1311.367926526789,154.367926526789
2016-03-06,WI_2,WI,HOUSEHOLD_2,181,196.96861106111155,15.968611061111545
2016-03-06,WI_3,WI,FOODS_1,342,319.75471125238744,22.245288747612562
2016-03-06,WI_3,WI,FOODS_2,797,635.7443543693622,161.2556456306378
2016-03-06,WI_3,WI,FOODS_3,2895,2698.106733735563,196.893266264437
2016-03-06,WI_3,WI,HOBBIES_1,259,263.6033406411692,4.603340641169211
2016-03-06,WI_3,WI,HOBBIES_2,26,30.96790550241143,4.96790550241143
2016-03-06,WI_3,WI,HOUSEHOLD_1,887,851.7043205562647,35.29567944373525
2016-03-06,WI_3,WI,HOUSEHOLD_2,225,196.29459951243925,28.705400487560752
2016-03-07,CA_1,CA,FOODS_1,308,303.54766829498084,4.452331705019162
2016-03-07,CA_1,CA,FOODS_2,601,567.0284189137564,33.971581086243646
2016-03-07,CA_1,CA,FOODS_3,2068,1922.393576367446,145.60642363255397
2016-03-07,CA_1,CA,HOBBIES_1,425,466.7736306564151,41.773630656415094
2016-03-07,CA_1,CA,HOBBIES_2,45,37.03184587551913,7.9681541244808685
2016-03-07,CA_1,CA,HOUSEHOLD_1,791,800.5708683944772,9.570868394477202
2016-03-07,CA_1,CA,HOUSEHOLD_2,155,193.44045717668467,38.440457176684674
2016-03-07,CA_2,CA,FOODS_1,380,414.78052047807273,34.78052047807273
2016-03-07,CA_2,CA,FOODS_2,467,504.5891554973963,37.58915549739629
2016-03-07,CA_2,CA,FOODS_3,1541,1720.3475450003714,179.34754500037138
2016-03-07,CA_2,CA,HOBBIES_1,274,351.1591748486321,77.15917484863212
2016-03-07,CA_2,CA,HOBBIES_2,27,32.78512956968038,5.785129569680379
2016-03-07,CA_2,CA,HOUSEHOLD_1,590,796.0338309025325,206.0338309025325
2016-03-07,CA_2,CA,HOUSEHOLD_2,205,238.09502769915684,33.095027699156844
2016-03-07,CA_3,CA,FOODS_1,391,369.37734533958644,21.62265466041356
2016-03-07,CA_3,CA,FOODS_2,743,739.7402863014129,3.2597136985871202
2016-03-07,CA_3,CA,FOODS_3,3232,3270.385147186147,38.38514718614715
2016-03-07,CA_3,CA,HOBBIES_1,458,506.7088047796288,48.70880477962879
2016-03-07,CA_3,CA,HOBBIES_2,42,42.931745892764354,0.9317458927643543
2016-03-07,CA_3,CA,HOUSEHOLD_1,1397,1449.6574696964642,52.657469696464204
2016-03-07,CA_3,CA,HOUSEHOLD_2,295,306.2381461642242,11.23814616422419
2016-03-07,CA_4,CA,FOODS_1,242,192.29739457384005,49.70260542615995
2016-03-07,CA_4,CA,FOODS_2,471,358.81107892412916,112.18892107587084
2016-03-07,CA_4,CA,FOODS_3,1099,963.042012649293,135.95798735070696
2016-03-07,CA_4,CA,HOBBIES_1,398,359.22253323763624,38.77746676236376
2016-03-07,CA_4,CA,HOBBIES_2,23,18.440360497034817,4.559639502965183
2016-03-07,CA_4,CA,HOUSEHOLD_1,372,366.01867511249606,5.981324887503945
2016-03-07,CA_4,CA,HOUSEHOLD_2,108,115.33474811281094,7.334748112810942
2016-03-07,TX_1,TX,FOODS_1,159,178.65859363858297,19.65859363858297
2016-03-07,TX_1,TX,FOODS_2,434,385.24423007738056,48.755769922619436
2016-03-07,TX_1,TX,FOODS_3,1396,1354.5600711601458,41.43992883985425
2016-03-07,TX_1,TX,HOBBIES_1,212,221.29254965903962,9.292549659039622
2016-03-07,TX_1,TX,HOBBIES_2,17,28.61539200396055,11.615392003960551
2016-03-07,TX_1,TX,HOUSEHOLD_1,703,721.8302873880107,18.830287388010674
2016-03-07,TX_1,TX,HOUSEHOLD_2,191,183.15135467960332,7.848645320396685
2016-03-07,TX_2,TX,FOODS_1,225,217.03724198470135,7.962758015298647
2016-03-07,TX_2,TX,FOODS_2,529,488.56014966475976,40.43985033524024
2016-03-07,TX_2,TX,FOODS_3,2123,1905.6253289835056,217.3746710164944
2016-03-07,TX_2,TX,HOBBIES_1,296,295.86571592732537,0.13428407267463172
2016-03-07,TX_2,TX,HOBBIES_2,26,55.48095344856192,29.48095344856192
2016-03-07,TX_2,TX,HOUSEHOLD_1,839,792.1025631372773,46.89743686272266
2016-03-07,TX_2,TX,HOUSEHOLD_2,199,182.97544964707157,16.02455035292843
2016-03-07,TX_3,TX,FOODS_1,265,258.41741142587324,6.58258857412676
2016-03-07,TX_3,TX,FOODS_2,738,543.7558988454783,194.24410115452167
2016-03-07,TX_3,TX,FOODS_3,1951,1698.620763217189,252.37923678281095
2016-03-07,TX_3,TX,HOBBIES_1,310,302.8565603715276,7.143439628472379
2016-03-07,TX_3,TX,HOBBIES_2,40,39.3871839590298,0.6128160409702019
2016-03-07,TX_3,TX,HOUSEHOLD_1,769,808.4521740215325,39.45217402153253
2016-03-07,TX_3,TX,HOUSEHOLD_2,181,172.56080319378324,8.439196806216756
2016-03-07,WI_1,WI,FOODS_1,246,260.40326216046344,14.403262160463441
2016-03-07,WI_1,WI,FOODS_2,519,649.4299171799444,130.42991717994437
2016-03-07,WI_1,WI,FOODS_3,1445,1484.0396954065363,39.03969540653634
2016-03-07,WI_1,WI,HOBBIES_1,221,325.42030813214916,104.42030813214916
2016-03-07,WI_1,WI,HOBBIES_2,18,30.558861959283682,12.558861959283682
2016-03-07,WI_1,WI,HOUSEHOLD_1,423,501.7686950893909,78.76869508939092
2016-03-07,WI_1,WI,HOUSEHOLD_2,120,141.61901907482923,21.619019074829225
2016-03-07,WI_2,WI,FOODS_1,374,385.6923556786946,11.692355678694582
2016-03-07,WI_2,WI,FOODS_2,976,1210.7955545105092,234.7955545105092
2016-03-07,WI_2,WI,FOODS_3,2024,2270.021930267031,246.02193026703117
2016-03-07,WI_2,WI,HOBBIES_1,276,244.98998425203885,31.01001574796115
2016-03-07,WI_2,WI,HOBBIES_2,23,23.35232561770617,0.3523256177061711
2016-03-07,WI_2,WI,HOUSEHOLD_1,982,1065.1599546685234,83.15995466852337
2016-03-07,WI_2,WI,HOUSEHOLD_2,141,142.81410014157493,1.8141001415749258
2016-03-07,WI_3,WI,FOODS_1,254,264.64917001527203,10.649170015272034
2016-03-07,WI_3,WI,FOODS_2,645,551.2513451259194,93.74865487408056
2016-03-07,WI_3,WI,FOODS_3,2132,1955.983176557201,176.01682344279902
2016-03-07,WI_3,WI,HOBBIES_1,207,206.07004602548753,0.9299539745124719
2016-03-07,WI_3,WI,HOBBIES_2,18,24.947972391267452,6.947972391267452
2016-03-07,WI_3,WI,HOUSEHOLD_1,643,661.1493723833581,18.149372383358127
2016-03-07,WI_3,WI,HOUSEHOLD_2,124,138.74420188610907,14.744201886109067
2016-03-08,CA_1,CA,FOODS_1,299,299.7068032408824,0.7068032408823797
2016-03-08,CA_1,CA,FOODS_2,518,520.1059635527596,2.10596355275959
2016-03-08,CA_1,CA,FOODS_3,1871,1777.9378627834644,93.06213721653558
2016-03-08,CA_1,CA,HOBBIES_1,414,438.2728564290861,24.27285642908612
2016-03-08,CA_1,CA,HOBBIES_2,41,40.93004520476434,0.06995479523565962
2016-03-08,CA_1,CA,HOUSEHOLD_1,623,702.197820630301,79.19782063030095
2016-03-08,CA_1,CA,HOUSEHOLD_2,164,172.20132052459707,8.201320524597065
2016-03-08,CA_2,CA,FOODS_1,378,389.07769184619536,11.077691846195364
2016-03-08,CA_2,CA,FOODS_2,492,450.2228063260194,41.777193673980605
2016-03-08,CA_2,CA,FOODS_3,1604,1549.302840296855,54.69715970314496
2016-03-08,CA_2,CA,HOBBIES_1,312,321.10453860503725,9.104538605037249
2016-03-08,CA_2,CA,HOBBIES_2,26,33.64619297066866,7.6461929706686576
2016-03-08,CA_2,CA,HOUSEHOLD_1,559,610.4942956549833,51.49429565498326
2016-03-08,CA_2,CA,HOUSEHOLD_2,172,222.23910132851753,50.239101328517535
2016-03-08,CA_3,CA,FOODS_1,439,379.9472366912165,59.05276330878348
2016-03-08,CA_3,CA,FOODS_2,659,695.9632902507142,36.96329025071418
2016-03-08,CA_3,CA,FOODS_3,2984,3059.928226074035,75.92822607403514
2016-03-08,CA_3,CA,HOBBIES_1,531,485.7327450768378,45.26725492316223
2016-03-08,CA_3,CA,HOBBIES_2,44,45.585546170150586,1.585546170150586
2016-03-08,CA_3,CA,HOUSEHOLD_1,1325,1334.092686298354,9.09268629835401
2016-03-08,CA_3,CA,HOUSEHOLD_2,275,285.0130296406061,10.013029640606078
2016-03-08,CA_4,CA,FOODS_1,218,203.9552816437594,14.044718356240594
2016-03-08,CA_4,CA,FOODS_2,360,346.85495016267726,13.145049837322745
2016-03-08,CA_4,CA,FOODS_3,1056,926.4155736825071,129.5844263174929
2016-03-08,CA_4,CA,HOBBIES_1,278,356.07795519048454,78.07795519048454
2016-03-08,CA_4,CA,HOBBIES_2,15,18.788834188683296,3.788834188683296
2016-03-08,CA_4,CA,HOUSEHOLD_1,311,349.8257020563719,38.82570205637188
2016-03-08,CA_4,CA,HOUSEHOLD_2,115,116.6389409931738,1.6389409931738044
2016-03-08,TX_1,TX,FOODS_1,155,178.41011492636372,23.41011492636372
2016-03-08,TX_1,TX,FOODS_2,369,362.76547467913565,6.23452532086435
2016-03-08,TX_1,TX,FOODS_3,1289,1289.6256639243975,0.625663924397486
2016-03-08,TX_1,TX,HOBBIES_1,222,217.21932767730814,4.780672322691856
2016-03-08,TX_1,TX,HOBBIES_2,15,25.545075729675254,10.545075729675254
2016-03-08,TX_1,TX,HOUSEHOLD_1,583,658.829869617482,75.82986961748202
2016-03-08,TX_1,TX,HOUSEHOLD_2,177,176.7515368412505,0.24846315874950164
2016-03-08,TX_2,TX,FOODS_1,216,224.1581820805364,8.158182080536392
2016-03-08,TX_2,TX,FOODS_2,393,413.3366034050194,20.33660340501939
2016-03-08,TX_2,TX,FOODS_3,1671,1759.4088174805665,88.40881748056654
2016-03-08,TX_2,TX,HOBBIES_1,264,287.54662931568566,23.546629315685664
2016-03-08,TX_2,TX,HOBBIES_2,30,46.42397384502149,16.423973845021493
2016-03-08,TX_2,TX,HOUSEHOLD_1,733,761.9714996091257,28.971499609125658
2016-03-08,TX_2,TX,HOUSEHOLD_2,180,178.3260105054134,1.673989494586607
2016-03-08,TX_3,TX,FOODS_1,246,259.8229075720621,13.822907572062093
2016-03-08,TX_3,TX,FOODS_2,532,508.98470034447047,23.01529965552953
2016-03-08,TX_3,TX,FOODS_3,1538,1539.8996579357627,1.8996579357626615
2016-03-08,TX_3,TX,HOBBIES_1,320,292.02640721083384,27.97359278916616
2016-03-08,TX_3,TX,HOBBIES_2,33,35.646332707706286,2.6463327077062857
2016-03-08,TX_3,TX,HOUSEHOLD_1,708,752.683418478958,44.68341847895795
2016-03-08,TX_3,TX,HOUSEHOLD_2,112,152.71329783857266,40.71329783857266
2016-03-08,WI_1,WI,FOODS_1,237,270.17923967603605,33.17923967603605
2016-03-08,WI_1,WI,FOODS_2,535,604.3979992615439,69.39799926154387
2016-03-08,WI_1,WI,FOODS_3,1302,1497.8904363046834,195.89043630468336
2016-03-08,WI_1,WI,HOBBIES_1,265,332.0710348881816,67.0710348881816
2016-03-08,WI_1,WI,HOBBIES_2,19,31.334096404995222,12.334096404995222
2016-03-08,WI_1,WI,HOUSEHOLD_1,409,484.9897814737774,75.98978147377738
2016-03-08,WI_1,WI,HOUSEHOLD_2,119,141.02825104412454,22.028251044124545
2016-03-08,WI_2,WI,FOODS_1,346,384.67425619960557,38.674256199605566
2016-03-08,WI_2,WI,FOODS_2,1438,1247.9193915186602,190.08060848133982
2016-03-08,WI_2,WI,FOODS_3,2241,2227.5308298277646,13.469170172235408
2016-03-08,WI_2,WI,HOBBIES_1,196,234.6790453495752,38.679045349575205
2016-03-08,WI_2,WI,HOBBIES_2,14,25.041166717983465,11.041166717983465
2016-03-08,WI_2,WI,HOUSEHOLD_1,798,986.2707274978912,188.27072749789124
2016-03-08,WI_2,WI,HOUSEHOLD_2,145,139.11277463177387,5.887225368226126
2016-03-08,WI_3,WI,FOODS_1,281,279.1507930881425,1.8492069118574932
2016-03-08,WI_3,WI,FOODS_2,713,626.7998241457908,86.20017585420919
2016-03-08,WI_3,WI,FOODS_3,1896,1954.4086520308178,58.40865203081785
2016-03-08,WI_3,WI,HOBBIES_1,168,204.7129728968551,36.71297289685509
2016-03-08,WI_3,WI,HOBBIES_2,33,26.99406620219419,6.00593379780581
2016-03-08,WI_3,WI,HOUSEHOLD_1,576,632.947576172587,56.94757617258699
2016-03-08,WI_3,WI,HOUSEHOLD_2,127,139.9909246219122,12.9909246219122
2016-03-09,CA_1,CA,FOODS_1,215,297.4899766261401,82.4899766261401
2016-03-09,CA_1,CA,FOODS_2,515,520.0634637237109,5.063463723710925
2016-03-09,CA_1,CA,FOODS_3,1763,1900.435100977141,137.43510097714102
2016-03-09,CA_1,CA,HOBBIES_1,440,431.21279704200833,8.787202957991667
2016-03-09,CA_1,CA,HOBBIES_2,24,34.65516561730444,10.65516561730444
2016-03-09,CA_1,CA,HOUSEHOLD_1,559,626.802437792956,67.80243779295597
2016-03-09,CA_1,CA,HOUSEHOLD_2,156,173.01825671975683,17.018256719756835
2016-03-09,CA_2,CA,FOODS_1,362,387.90699758454247,25.906997584542466
2016-03-09,CA_2,CA,FOODS_2,519,457.59312941275283,61.40687058724717
2016-03-09,CA_2,CA,FOODS_3,1715,1553.1114662818704,161.88853371812957
2016-03-09,CA_2,CA,HOBBIES_1,296,325.3671863980153,29.367186398015292
2016-03-09,CA_2,CA,HOBBIES_2,35,32.9548642038108,2.0451357961892
2016-03-09,CA_2,CA,HOUSEHOLD_1,571,614.6966009467185,43.69660094671849
2016-03-09,CA_2,CA,HOUSEHOLD_2,254,223.76851918181504,30.231480818184963
2016-03-09,CA_3,CA,FOODS_1,421,400.28293281783385,20.717067182166147
2016-03-09,CA_3,CA,FOODS_2,727,715.7446208647035,11.255379135296494
2016-03-09,CA_3,CA,FOODS_3,2788,2810.9913253155396,22.991325315539598
2016-03-09,CA_3,CA,HOBBIES_1,456,471.5193074619726,15.519307461972573
2016-03-09,CA_3,CA,HOBBIES_2,63,49.714602719041615,13.285397280958385
2016-03-09,CA_3,CA,HOUSEHOLD_1,1182,1309.4061333720251,127.40613337202512
2016-03-09,CA_3,CA,HOUSEHOLD_2,275,288.54800359486933,13.548003594869328
2016-03-09,CA_4,CA,FOODS_1,210,206.84132091321862,3.158679086781376
2016-03-09,CA_4,CA,FOODS_2,336,337.1600329093221,1.1600329093221262
2016-03-09,CA_4,CA,FOODS_3,909,964.4706707756906,55.470670775690564
2016-03-09,CA_4,CA,HOBBIES_1,265,324.1554804292034,59.15548042920341
2016-03-09,CA_4,CA,HOBBIES_2,11,16.826421897567144,5.826421897567144
2016-03-09,CA_4,CA,HOUSEHOLD_1,358,336.22521098053556,21.774789019464436
2016-03-09,CA_4,CA,HOUSEHOLD_2,119,111.66277293589089,7.337227064109115
2016-03-09,TX_1,TX,FOODS_1,178,178.51671562653212,0.5167156265321182
2016-03-09,TX_1,TX,FOODS_2,296,355.402499634541,59.402499634541016
2016-03-09,TX_1,TX,FOODS_3,1200,1262.5700251543522,62.57002515435215
2016-03-09,TX_1,TX,HOBBIES_1,149,205.34492063262513,56.34492063262513
2016-03-09,TX_1,TX,HOBBIES_2,17,21.80587700858665,4.8058770085866485
2016-03-09,TX_1,TX,HOUSEHOLD_1,594,630.9066955717153,36.90669557171532
2016-03-09,TX_1,TX,HOUSEHOLD_2,157,177.53040958018153,20.530409580181527
2016-03-09,TX_2,TX,FOODS_1,212,226.40189897680233,14.401898976802329
2016-03-09,TX_2,TX,FOODS_2,395,378.6182652028079,16.38173479719211
2016-03-09,TX_2,TX,FOODS_3,1524,1761.0588369065497,237.0588369065497
2016-03-09,TX_2,TX,HOBBIES_1,275,279.4394322499056,4.439432249905622
2016-03-09,TX_2,TX,HOBBIES_2,32,44.319845717256676,12.319845717256676
2016-03-09,TX_2,TX,HOUSEHOLD_1,700,755.0682319223415,55.06823192234151
2016-03-09,TX_2,TX,HOUSEHOLD_2,140,156.33616981043005,16.33616981043005
2016-03-09,TX_3,TX,FOODS_1,233,250.16841258039642,17.16841258039642
2016-03-09,TX_3,TX,FOODS_2,528,479.36580149248664,48.63419850751336
2016-03-09,TX_3,TX,FOODS_3,1348,1474.6590597092486,126.6590597092486
2016-03-09,TX_3,TX,HOBBIES_1,273,295.000708182248,22.00070818224799
2016-03-09,TX_3,TX,HOBBIES_2,45,36.512080076529585,8.487919923470415
2016-03-09,TX_3,TX,HOUSEHOLD_1,653,736.8353150627856,83.83531506278564
2016-03-09,TX_3,TX,HOUSEHOLD_2,142,157.09857810201763,15.098578102017626
2016-03-09,WI_1,WI,FOODS_1,272,281.38197642240624,9.38197642240624
2016-03-09,WI_1,WI,FOODS_2,672,593.8553750352507,78.14462496474926
2016-03-09,WI_1,WI,FOODS_3,1541,1564.8477174017376,23.847717401737555
2016-03-09,WI_1,WI,HOBBIES_1,277,319.7777118927616,42.7777118927616
2016-03-09,WI_1,WI,HOBBIES_2,33,30.760158932835083,2.2398410671649174
2016-03-09,WI_1,WI,HOUSEHOLD_1,456,483.67271473140835,27.672714731408348
2016-03-09,WI_1,WI,HOUSEHOLD_2,122,141.07232519794735,19.07232519794735
2016-03-09,WI_2,WI,FOODS_1,344,376.98625636456535,32.98625636456535
2016-03-09,WI_2,WI,FOODS_2,1257,1236.621567231463,20.378432768537095
2016-03-09,WI_2,WI,FOODS_3,2442,2247.606457835015,194.39354216498486
2016-03-09,WI_2,WI,HOBBIES_1,245,230.80425320393286,14.19574679606714
2016-03-09,WI_2,WI,HOBBIES_2,32,31.27237893887082,0.7276210611291809
2016-03-09,WI_2,WI,HOUSEHOLD_1,942,1117.523227011058,175.523227011058
2016-03-09,WI_2,WI,HOUSEHOLD_2,120,139.43463866850445,19.434638668504448
2016-03-09,WI_3,WI,FOODS_1,254,284.2787015245035,30.278701524503504
2016-03-09,WI_3,WI,FOODS_2,546,576.8845407239204,30.884540723920395
2016-03-09,WI_3,WI,FOODS_3,1879,1971.9106385552452,92.91063855524521
2016-03-09,WI_3,WI,HOBBIES_1,199,207.38353767382435,8.38353767382435
2016-03-09,WI_3,WI,HOBBIES_2,36,24.563894604535648,11.436105395464352
2016-03-09,WI_3,WI,HOUSEHOLD_1,590,641.0827203847043,51.08272038470432
2016-03-09,WI_3,WI,HOUSEHOLD_2,138,140.27360225945174,2.273602259451735
2016-03-10,CA_1,CA,FOODS_1,302,295.56488113477144,6.43511886522856
2016-03-10,CA_1,CA,FOODS_2,471,512.0016555918672,41.001655591867234
2016-03-10,CA_1,CA,FOODS_3,1738,1797.769791353759,59.76979135375905
2016-03-10,CA_1,CA,HOBBIES_1,531,452.077957776094,78.92204222390598
2016-03-10,CA_1,CA,HOBBIES_2,34,37.93476139553621,3.9347613955362135
2016-03-10,CA_1,CA,HOUSEHOLD_1,606,631.5017769100493,25.50177691004933
2016-03-10,CA_1,CA,HOUSEHOLD_2,195,172.81184416053128,22.18815583946872
2016-03-10,CA_2,CA,FOODS_1,449,405.6377832760414,43.362216723958625
2016-03-10,CA_2,CA,FOODS_2,407,461.9258181325785,54.92581813257851
2016-03-10,CA_2,CA,FOODS_3,1660,1617.6669499617292,42.33305003827081
2016-03-10,CA_2,CA,HOBBIES_1,296,338.1418885193879,42.14188851938792
2016-03-10,CA_2,CA,HOBBIES_2,28,31.175742841175847,3.175742841175847
2016-03-10,CA_2,CA,HOUSEHOLD_1,585,613.6095304787818,28.609530478781835
2016-03-10,CA_2,CA,HOUSEHOLD_2,238,224.6991288475052,13.300871152494807
2016-03-10,CA_3,CA,FOODS_1,503,463.1767403201398,39.8232596798602
2016-03-10,CA_3,CA,FOODS_2,703,666.501943662098,36.49805633790197
2016-03-10,CA_3,CA,FOODS_3,2607,2792.0640662935566,185.0640662935566
2016-03-10,CA_3,CA,HOBBIES_1,557,480.5590168338424,76.4409831661576
2016-03-10,CA_3,CA,HOBBIES_2,42,48.32319844311426,6.323198443114258
2016-03-10,CA_3,CA,HOUSEHOLD_1,1178,1249.455430089499,71.45543008949903
2016-03-10,CA_3,CA,HOUSEHOLD_2,230,277.13349818085817,47.13349818085817
2016-03-10,CA_4,CA,FOODS_1,226,210.96175119264964,15.038248807350357
2016-03-10,CA_4,CA,FOODS_2,366,337.9404491525552,28.059550847444825
2016-03-10,CA_4,CA,FOODS_3,1043,954.4499996295286,88.55000037047137
2016-03-10,CA_4,CA,HOBBIES_1,353,328.4013449575196,24.598655042480402
2016-03-10,CA_4,CA,HOBBIES_2,8,17.408221060440987,9.408221060440987
2016-03-10,CA_4,CA,HOUSEHOLD_1,372,349.4029087271236,22.597091272876412
2016-03-10,CA_4,CA,HOUSEHOLD_2,107,110.19703286680537,3.1970328668053725
2016-03-10,TX_1,TX,FOODS_1,151,182.73939716047326,31.73939716047326
2016-03-10,TX_1,TX,FOODS_2,311,341.4727736553965,30.47277365539651
2016-03-10,TX_1,TX,FOODS_3,1352,1298.544800288992,53.455199711007936
2016-03-10,TX_1,TX,HOBBIES_1,286,220.2686087386145,65.73139126138551
2016-03-10,TX_1,TX,HOBBIES_2,39,21.926547737678767,17.073452262321233
2016-03-10,TX_1,TX,HOUSEHOLD_1,760,675.366464669548,84.63353533045199
2016-03-10,TX_1,TX,HOUSEHOLD_2,179,175.10635302149248,3.893646978507519
2016-03-10,TX_2,TX,FOODS_1,257,226.5267433931329,30.473256606867096
2016-03-10,TX_2,TX,FOODS_2,389,402.27878125671793,13.278781256717934
2016-03-10,TX_2,TX,FOODS_3,1800,1926.1842679280626,126.18426792806258
2016-03-10,TX_2,TX,HOBBIES_1,288,269.8716635230922,18.128336476907805
2016-03-10,TX_2,TX,HOBBIES_2,49,38.59509746973625,10.404902530263747
2016-03-10,TX_2,TX,HOUSEHOLD_1,924,749.9305207330669,174.06947926693306
2016-03-10,TX_2,TX,HOUSEHOLD_2,169,166.37076554336218,2.6292344566378176
2016-03-10,TX_3,TX,FOODS_1,339,253.12722728388667,85.87277271611333
2016-03-10,TX_3,TX,FOODS_2,576,488.44528477314554,87.55471522685446
2016-03-10,TX_3,TX,FOODS_3,1551,1471.4370909835282,79.56290901647185
2016-03-10,TX_3,TX,HOBBIES_1,233,275.02449046680323,42.02449046680323
2016-03-10,TX_3,TX,HOBBIES_2,46,36.03151767160337,9.968482328396632
2016-03-10,TX_3,TX,HOUSEHOLD_1,814,752.532781588909,61.46721841109104
2016-03-10,TX_3,TX,HOUSEHOLD_2,135,151.53658757926345,16.536587579263454
2016-03-10,WI_1,WI,FOODS_1,298,291.62128483173944,6.378715168260555
2016-03-10,WI_1,WI,FOODS_2,523,648.3014214640085,125.30142146400851
2016-03-10,WI_1,WI,FOODS_3,1412,1500.3618735827677,88.36187358276766
2016-03-10,WI_1,WI,HOBBIES_1,348,320.49226820564706,27.507731794352935
2016-03-10,WI_1,WI,HOBBIES_2,27,29.79671135408629,2.796711354086291
2016-03-10,WI_1,WI,HOUSEHOLD_1,513,481.61683380815987,31.383166191840132
2016-03-10,WI_1,WI,HOUSEHOLD_2,133,142.8387228217897,9.838722821789702
2016-03-10,WI_2,WI,FOODS_1,314,365.38646555403545,51.38646555403545
2016-03-10,WI_2,WI,FOODS_2,1014,1255.2585518009882,241.25855180098824
2016-03-10,WI_2,WI,FOODS_3,2289,2410.0903728890185,121.09037288901845
2016-03-10,WI_2,WI,HOBBIES_1,341,231.77622017255555,109.22377982744445
2016-03-10,WI_2,WI,HOBBIES_2,25,27.463267959631242,2.463267959631242
2016-03-10,WI_2,WI,HOUSEHOLD_1,1047,1102.7215876389134,55.721587638913434
2016-03-10,WI_2,WI,HOUSEHOLD_2,150,139.34307772544003,10.656922274559975
2016-03-10,WI_3,WI,FOODS_1,199,261.36308499092667,62.363084990926666
2016-03-10,WI_3,WI,FOODS_2,544,598.6276513417523,54.62765134175231
2016-03-10,WI_3,WI,FOODS_3,1697,2080.4073587683456,383.4073587683456
2016-03-10,WI_3,WI,HOBBIES_1,237,201.69270802276128,35.30729197723872
2016-03-10,WI_3,WI,HOBBIES_2,19,23.46435723320155,4.46435723320155
2016-03-10,WI_3,WI,HOUSEHOLD_1,520,693.0252955823394,173.02529558233937
2016-03-10,WI_3,WI,HOUSEHOLD_2,134,143.64086662475424,9.640866624754239
2016-03-11,CA_1,CA,FOODS_1,322,345.54029467647257,23.54029467647257
2016-03-11,CA_1,CA,FOODS_2,479,537.8672794325297,58.8672794325297
2016-03-11,CA_1,CA,FOODS_3,2034,2075.523678268067,41.523678268067215
2016-03-11,CA_1,CA,HOBBIES_1,335,451.8198252629534,116.81982526295337
2016-03-11,CA_1,CA,HOBBIES_2,29,36.3992662663098,7.399266266309802
2016-03-11,CA_1,CA,HOUSEHOLD_1,653,685.1122383252867,32.11223832528674
2016-03-11,CA_1,CA,HOUSEHOLD_2,197,214.18187224309216,17.181872243092158
2016-03-11,CA_2,CA,FOODS_1,495,469.91614560539654,25.083854394603463
2016-03-11,CA_2,CA,FOODS_2,455,511.84654731719525,56.846547317195245
2016-03-11,CA_2,CA,FOODS_3,1795,1946.7300845396096,151.7300845396096
2016-03-11,CA_2,CA,HOBBIES_1,349,348.83730346786115,0.1626965321388525
2016-03-11,CA_2,CA,HOBBIES_2,46,33.938789947874284,12.061210052125716
2016-03-11,CA_2,CA,HOUSEHOLD_1,734,711.6050455548594,22.39495444514057
2016-03-11,CA_2,CA,HOUSEHOLD_2,244,268.627077026615,24.627077026614984
2016-03-11,CA_3,CA,FOODS_1,452,479.2261935784238,27.226193578423818
2016-03-11,CA_3,CA,FOODS_2,579,673.087120185326,94.08712018532594
2016-03-11,CA_3,CA,FOODS_3,2609,2751.4643416062067,142.46434160620674
2016-03-11,CA_3,CA,HOBBIES_1,506,514.5549645815146,8.554964581514582
2016-03-11,CA_3,CA,HOBBIES_2,41,49.729864049960824,8.729864049960824
2016-03-11,CA_3,CA,HOUSEHOLD_1,1344,1301.2412173666185,42.75878263338154
2016-03-11,CA_3,CA,HOUSEHOLD_2,258,297.1231333886001,39.12313338860008
2016-03-11,CA_4,CA,FOODS_1,284,255.33766469535854,28.66233530464146
2016-03-11,CA_4,CA,FOODS_2,328,361.9102217323135,33.910221732313516
2016-03-11,CA_4,CA,FOODS_3,1023,974.586343074928,48.41365692507202
2016-03-11,CA_4,CA,HOBBIES_1,267,338.12210024079997,71.12210024079997
2016-03-11,CA_4,CA,HOBBIES_2,7,15.295720464067593,8.295720464067593
2016-03-11,CA_4,CA,HOUSEHOLD_1,309,363.4308116988746,54.43081169887461
2016-03-11,CA_4,CA,HOUSEHOLD_2,101,123.29205885020434,22.29205885020434
2016-03-11,TX_1,TX,FOODS_1,205,189.19387242261644,15.806127577383563
2016-03-11,TX_1,TX,FOODS_2,397,374.66481671486525,22.335183285134747
2016-03-11,TX_1,TX,FOODS_3,1372,1363.8588060219718,8.141193978028241
2016-03-11,TX_1,TX,HOBBIES_1,209,236.60687627210532,27.606876272105325
2016-03-11,TX_1,TX,HOBBIES_2,16,20.100196861618304,4.100196861618304
2016-03-11,TX_1,TX,HOUSEHOLD_1,715,752.363066821107,37.363066821107054
2016-03-11,TX_1,TX,HOUSEHOLD_2,169,199.27128406481367,30.27128406481367
2016-03-11,TX_2,TX,FOODS_1,301,279.15129253679214,21.84870746320786
2016-03-11,TX_2,TX,FOODS_2,393,433.57198842487264,40.57198842487264
2016-03-11,TX_2,TX,FOODS_3,2079,1974.4051134710223,104.59488652897767
2016-03-11,TX_2,TX,HOBBIES_1,239,296.10848049728503,57.10848049728503
2016-03-11,TX_2,TX,HOBBIES_2,42,41.367911687202714,0.6320883127972863
2016-03-11,TX_2,TX,HOUSEHOLD_1,878,853.2420726228064,24.757927377193596
2016-03-11,TX_2,TX,HOUSEHOLD_2,239,209.7472688352267,29.25273116477331
2016-03-11,TX_3,TX,FOODS_1,229,274.6030236530979,45.60302365309792
2016-03-11,TX_3,TX,FOODS_2,569,546.6556525308629,22.34434746913712
2016-03-11,TX_3,TX,FOODS_3,1822,1736.1544214864089,85.84557851359114
2016-03-11,TX_3,TX,HOBBIES_1,235,292.70995091494166,57.70995091494166
2016-03-11,TX_3,TX,HOBBIES_2,22,36.88594760361547,14.88594760361547
2016-03-11,TX_3,TX,HOUSEHOLD_1,750,818.2848846695591,68.28488466955912
2016-03-11,TX_3,TX,HOUSEHOLD_2,185,163.32946845233394,21.67053154766606
2016-03-11,WI_1,WI,FOODS_1,293,334.819806407085,41.819806407085025
2016-03-11,WI_1,WI,FOODS_2,592,681.0703272666926,89.07032726669263
2016-03-11,WI_1,WI,FOODS_3,1616,1729.298655592078,113.29865559207792
2016-03-11,WI_1,WI,HOBBIES_1,429,410.40649112554956,18.593508874450436
2016-03-11,WI_1,WI,HOBBIES_2,28,30.60237614742358,2.6023761474235805
2016-03-11,WI_1,WI,HOUSEHOLD_1,646,629.4523568766097,16.547643123390344
2016-03-11,WI_1,WI,HOUSEHOLD_2,186,160.140889321117,25.859110678883013
2016-03-11,WI_2,WI,FOODS_1,346,382.90916418751056,36.909164187510555
2016-03-11,WI_2,WI,FOODS_2,1205,1358.809263596538,153.8092635965379
2016-03-11,WI_2,WI,FOODS_3,2746,2396.8374523709576,349.16254762904236
2016-03-11,WI_2,WI,HOBBIES_1,238,296.9825595607855,58.98255956078549
2016-03-11,WI_2,WI,HOBBIES_2,27,30.7209350445715,3.720935044571501
2016-03-11,WI_2,WI,HOUSEHOLD_1,1054,1103.6871162170992,49.687116217099174
2016-03-11,WI_2,WI,HOUSEHOLD_2,151,163.7314755506337,12.73147555063369
2016-03-11,WI_3,WI,FOODS_1,237,297.1268539378714,60.126853937871374
2016-03-11,WI_3,WI,FOODS_2,624,680.2792554180203,56.279255418020284
2016-03-11,WI_3,WI,FOODS_3,2016,2146.4368634471452,130.43686344714524
2016-03-11,WI_3,WI,HOBBIES_1,217,242.82644836626986,25.826448366269858
2016-03-11,WI_3,WI,HOBBIES_2,51,31.206119560623765,19.793880439376235
2016-03-11,WI_3,WI,HOUSEHOLD_1,681,674.9415132185009,6.058486781499141
2016-03-11,WI_3,WI,HOUSEHOLD_2,163,161.40308047520614,1.5969195247938615
2016-03-12,CA_1,CA,FOODS_1,496,448.117075557326,47.88292444267398
2016-03-12,CA_1,CA,FOODS_2,735,700.9015689151513,34.0984310848487
2016-03-12,CA_1,CA,FOODS_3,2542,2602.8904627658208,60.89046276582076
2016-03-12,CA_1,CA,HOBBIES_1,702,633.622853632572,68.37714636742805
2016-03-12,CA_1,CA,HOBBIES_2,41,45.77045180402035,4.770451804020347
2016-03-12,CA_1,CA,HOUSEHOLD_1,1091,1050.2256964472315,40.774303552768515
2016-03-12,CA_1,CA,HOUSEHOLD_2,326,283.1214385993586,42.87856140064139
2016-03-12,CA_2,CA,FOODS_1,671,589.1491326780372,81.85086732196282
2016-03-12,CA_2,CA,FOODS_2,702,647.1510037543696,54.84899624563036
2016-03-12,CA_2,CA,FOODS_3,2581,2427.230865430802,153.76913456919783
2016-03-12,CA_2,CA,HOBBIES_1,501,524.3163138954623,23.316313895462258
2016-03-12,CA_2,CA,HOBBIES_2,74,53.009851258284606,20.990148741715394
2016-03-12,CA_2,CA,HOUSEHOLD_1,1271,1071.194018092062,199.80598190793808
2016-03-12,CA_2,CA,HOUSEHOLD_2,396,351.19296481055227,44.80703518944773
2016-03-12,CA_3,CA,FOODS_1,523,585.0879458186608,62.08794581866084
2016-03-12,CA_3,CA,FOODS_2,733,770.9332455605816,37.933245560581554
2016-03-12,CA_3,CA,FOODS_3,3367,3151.605369047619,215.3946309523808
2016-03-12,CA_3,CA,HOBBIES_1,650,641.3262556290435,8.673744370956456
2016-03-12,CA_3,CA,HOBBIES_2,86,62.17354777139037,23.826452228609632
2016-03-12,CA_3,CA,HOUSEHOLD_1,1849,1702.1464866096376,146.85351339036242
2016-03-12,CA_3,CA,HOUSEHOLD_2,394,360.81017596853263,33.18982403146737
2016-03-12,CA_4,CA,FOODS_1,256,293.0905660043104,37.0905660043104
2016-03-12,CA_4,CA,FOODS_2,341,433.8530479557762,92.85304795577622
2016-03-12,CA_4,CA,FOODS_3,1166,1214.1312988443353,48.13129884433533
2016-03-12,CA_4,CA,HOBBIES_1,410,385.06818814081305,24.93181185918695
2016-03-12,CA_4,CA,HOBBIES_2,10,14.834202805360286,4.834202805360286
2016-03-12,CA_4,CA,HOUSEHOLD_1,448,440.52440172368887,7.475598276311132
2016-03-12,CA_4,CA,HOUSEHOLD_2,153,144.89338701576602,8.106612984233976
2016-03-12,TX_1,TX,FOODS_1,229,226.00107146425086,2.998928535749144
2016-03-12,TX_1,TX,FOODS_2,448,487.63181109157654,39.63181109157654
2016-03-12,TX_1,TX,FOODS_3,1788,1709.3258394901977,78.67416050980228
2016-03-12,TX_1,TX,HOBBIES_1,278,298.22607749875647,20.226077498756467
2016-03-12,TX_1,TX,HOBBIES_2,29,27.064486676535417,1.9355133234645834
2016-03-12,TX_1,TX,HOUSEHOLD_1,1027,944.5801628562696,82.41983714373043
2016-03-12,TX_1,TX,HOUSEHOLD_2,229,245.33662468163087,16.336624681630866
2016-03-12,TX_2,TX,FOODS_1,297,318.7353799933468,21.735379993346783
2016-03-12,TX_2,TX,FOODS_2,488,544.8170277951497,56.81702779514967
2016-03-12,TX_2,TX,FOODS_3,2248,2453.6606459379195,205.66064593791953
2016-03-12,TX_2,TX,HOBBIES_1,337,344.68330484201806,7.68330484201806
2016-03-12,TX_2,TX,HOBBIES_2,35,49.608004176210734,14.608004176210734
2016-03-12,TX_2,TX,HOUSEHOLD_1,1027,1030.389262334863,3.389262334862906
2016-03-12,TX_2,TX,HOUSEHOLD_2,224,243.31023822897455,19.310238228974555
2016-03-12,TX_3,TX,FOODS_1,226,314.4706176424871,88.47061764248713
2016-03-12,TX_3,TX,FOODS_2,565,660.7394013585988,95.7394013585988
2016-03-12,TX_3,TX,FOODS_3,2043,2070.4762029087647,27.476202908764662
2016-03-12,TX_3,TX,HOBBIES_1,378,377.46950935994806,0.5304906400519371
2016-03-12,TX_3,TX,HOBBIES_2,27,44.69933905143776,17.69933905143776
2016-03-12,TX_3,TX,HOUSEHOLD_1,958,969.8679400340022,11.867940034002231
2016-03-12,TX_3,TX,HOUSEHOLD_2,232,211.07205902150562,20.927940978494377
2016-03-12,WI_1,WI,FOODS_1,358,414.22749735724193,56.22749735724193
2016-03-12,WI_1,WI,FOODS_2,950,822.7984384341227,127.20156156587734
2016-03-12,WI_1,WI,FOODS_3,2180,2131.0536219785336,48.946378021466444
2016-03-12,WI_1,WI,HOBBIES_1,558,550.546961752358,7.4530382476419845
2016-03-12,WI_1,WI,HOBBIES_2,43,32.15213135072294,10.84786864927706
2016-03-12,WI_1,WI,HOUSEHOLD_1,887,771.4056206129915,115.59437938700853
2016-03-12,WI_1,WI,HOUSEHOLD_2,220,203.14007755889344,16.859922441106562
2016-03-12,WI_2,WI,FOODS_1,472,415.86381884254865,56.13618115745135
2016-03-12,WI_2,WI,FOODS_2,1586,1610.6714699055335,24.671469905533513
2016-03-12,WI_2,WI,FOODS_3,2999,3187.391336643098,188.39133664309793
2016-03-12,WI_2,WI,HOBBIES_1,253,315.98282342422755,62.98282342422755
2016-03-12,WI_2,WI,HOBBIES_2,44,35.662467333818704,8.337532666181296
2016-03-12,WI_2,WI,HOUSEHOLD_1,1260,1133.5822488564477,126.41775114355232
2016-03-12,WI_2,WI,HOUSEHOLD_2,166,186.04127646516946,20.04127646516946
2016-03-12,WI_3,WI,FOODS_1,363,371.20006159231673,8.200061592316729
2016-03-12,WI_3,WI,FOODS_2,756,798.3923364361684,42.39233643616842
2016-03-12,WI_3,WI,FOODS_3,2625,2594.815519199327,30.1844808006731
2016-03-12,WI_3,WI,HOBBIES_1,307,282.72181943776906,24.278180562230943
2016-03-12,WI_3,WI,HOBBIES_2,47,34.401469710717016,12.598530289282984
2016-03-12,WI_3,WI,HOUSEHOLD_1,802,873.5133975246973,71.51339752469733
2016-03-12,WI_3,WI,HOUSEHOLD_2,207,205.25677359642322,1.7432264035767844
2016-03-13,CA_1,CA,FOODS_1,288,389.3842883229716,101.3842883229716
2016-03-13,CA_1,CA,FOODS_2,699,739.9163313384374,40.91633133843743
2016-03-13,CA_1,CA,FOODS_3,2609,2654.912180196883,45.91218019688313
2016-03-13,CA_1,CA,HOBBIES_1,522,552.7240640190946,30.724064019094612
2016-03-13,CA_1,CA,HOBBIES_2,75,51.59985047675783,23.40014952324217
2016-03-13,CA_1,CA,HOUSEHOLD_1,1012,1033.6034297628487,21.60342976284869
2016-03-13,CA_1,CA,HOUSEHOLD_2,241,257.01827029013646,16.018270290136456
2016-03-13,CA_2,CA,FOODS_1,518,562.2081299154004,44.20812991540038
2016-03-13,CA_2,CA,FOODS_2,812,708.9548865194333,103.04511348056667
2016-03-13,CA_2,CA,FOODS_3,2518,2544.995376602354,26.9953766023541
2016-03-13,CA_2,CA,HOBBIES_1,466,431.29719278723064,34.70280721276936
2016-03-13,CA_2,CA,HOBBIES_2,46,50.844709299598,4.8447092995980015
2016-03-13,CA_2,CA,HOUSEHOLD_1,1154,1149.4383586018232,4.561641398176789
2016-03-13,CA_2,CA,HOUSEHOLD_2,423,359.8645137119051,63.13548628809491
2016-03-13,CA_3,CA,FOODS_1,435,556.836115792115,121.83611579211504
2016-03-13,CA_3,CA,FOODS_2,849,786.9916482347181,62.00835176528187
2016-03-13,CA_3,CA,FOODS_3,3658,3632.2349593837544,25.765040616245642
2016-03-13,CA_3,CA,HOBBIES_1,561,654.0536428435972,93.05364284359723
2016-03-13,CA_3,CA,HOBBIES_2,66,62.565051487924485,3.4349485120755148
2016-03-13,CA_3,CA,HOUSEHOLD_1,1888,1828.4498646719585,59.550135328041506
2016-03-13,CA_3,CA,HOUSEHOLD_2,417,376.44257930326546,40.55742069673454
2016-03-13,CA_4,CA,FOODS_1,174,262.69955288396216,88.69955288396216
2016-03-13,CA_4,CA,FOODS_2,446,419.54164775896606,26.458352241033936
2016-03-13,CA_4,CA,FOODS_3,1182,1267.2837044956664,85.28370449566637
2016-03-13,CA_4,CA,HOBBIES_1,313,394.9156242310169,81.91562423101692
2016-03-13,CA_4,CA,HOBBIES_2,10,13.328902090802558,3.3289020908025577
2016-03-13,CA_4,CA,HOUSEHOLD_1,421,429.6122622511441,8.612262251144102
2016-03-13,CA_4,CA,HOUSEHOLD_2,134,138.20155027631068,4.201550276310684
2016-03-13,TX_1,TX,FOODS_1,191,201.2997967318643,10.29979673186429
2016-03-13,TX_1,TX,FOODS_2,493,493.35201949937175,0.3520194993717496
2016-03-13,TX_1,TX,FOODS_3,1781,1823.2650514413378,42.265051441337846
2016-03-13,TX_1,TX,HOBBIES_1,316,298.990998320366,17.009001679634025
2016-03-13,TX_1,TX,HOBBIES_2,40,27.815418151697894,12.184581848302106
2016-03-13,TX_1,TX,HOUSEHOLD_1,988,946.2997942350538,41.70020576494619
2016-03-13,TX_1,TX,HOUSEHOLD_2,266,238.50472249018338,27.495277509816617
2016-03-13,TX_2,TX,FOODS_1,296,290.10066530749754,5.899334692502464
2016-03-13,TX_2,TX,FOODS_2,621,551.9980074308702,69.00199256912981
2016-03-13,TX_2,TX,FOODS_3,2701,2470.046732533733,230.95326746626688
2016-03-13,TX_2,TX,HOBBIES_1,354,341.7946940594682,12.205305940531787
2016-03-13,TX_2,TX,HOBBIES_2,36,40.8012409522092,4.8012409522091986
2016-03-13,TX_2,TX,HOUSEHOLD_1,960,1028.1202479807143,68.12024798071434
2016-03-13,TX_2,TX,HOUSEHOLD_2,249,240.26535723277448,8.734642767225523
2016-03-13,TX_3,TX,FOODS_1,216,269.56306833242485,53.56306833242485
2016-03-13,TX_3,TX,FOODS_2,604,670.4549089888235,66.45490898882349
2016-03-13,TX_3,TX,FOODS_3,2005,2213.5017634395126,208.50176343951262
2016-03-13,TX_3,TX,HOBBIES_1,279,364.0558438048156,85.0558438048156
2016-03-13,TX_3,TX,HOBBIES_2,34,38.440930896833585,4.440930896833585
2016-03-13,TX_3,TX,HOUSEHOLD_1,865,922.684131295007,57.68413129500698
2016-03-13,TX_3,TX,HOUSEHOLD_2,171,199.42107716945753,28.421077169457533
2016-03-13,WI_1,WI,FOODS_1,340,352.60524404554883,12.60524404554883
2016-03-13,WI_1,WI,FOODS_2,975,867.1482769394855,107.85172306051447
2016-03-13,WI_1,WI,FOODS_3,2064,2070.847722591859,6.84772259185911
2016-03-13,WI_1,WI,HOBBIES_1,411,404.3187792279747,6.681220772025313
2016-03-13,WI_1,WI,HOBBIES_2,43,31.570904245330116,11.429095754669884
2016-03-13,WI_1,WI,HOUSEHOLD_1,715,759.4626050229286,44.46260502292864
2016-03-13,WI_1,WI,HOUSEHOLD_2,216,196.8357666914019,19.164233308598114
2016-03-13,WI_2,WI,FOODS_1,485,413.8945716200213,71.10542837997872
2016-03-13,WI_2,WI,FOODS_2,1331,1573.6601724582613,242.6601724582613
2016-03-13,WI_2,WI,FOODS_3,2770,3015.624556728124,245.62455672812393
2016-03-13,WI_2,WI,HOBBIES_1,341,294.82340328888324,46.17659671111676
2016-03-13,WI_2,WI,HOBBIES_2,24,29.90055692114126,5.900556921141259
2016-03-13,WI_2,WI,HOUSEHOLD_1,1153,1134.6252811710626,18.374718828937375
2016-03-13,WI_2,WI,HOUSEHOLD_2,174,171.38436930265968,2.615630697340322
2016-03-13,WI_3,WI,FOODS_1,332,358.8560035001658,26.856003500165798
2016-03-13,WI_3,WI,FOODS_2,735,757.1750900179961,22.175090017996126
2016-03-13,WI_3,WI,FOODS_3,2582,2532.7294636688193,49.270536331180665
2016-03-13,WI_3,WI,HOBBIES_1,269,255.7576549537738,13.242345046226205
2016-03-13,WI_3,WI,HOBBIES_2,23,34.55923357511937,11.559233575119372
2016-03-13,WI_3,WI,HOUSEHOLD_1,862,772.2727689170462,89.72723108295384
2016-03-13,WI_3,WI,HOUSEHOLD_2,173,182.99698101333118,9.99698101333118
2016-03-14,CA_1,CA,FOODS_1,300,292.43968785303315,7.560312146966851
2016-03-14,CA_1,CA,FOODS_2,566,565.3466533996943,0.6533466003056674
2016-03-14,CA_1,CA,FOODS_3,1909,1966.4090763549978,57.40907635499775
2016-03-14,CA_1,CA,HOBBIES_1,409,448.1087498672277,39.10874986722769
2016-03-14,CA_1,CA,HOBBIES_2,52,36.7183806447729,15.2816193552271
2016-03-14,CA_1,CA,HOUSEHOLD_1,802,760.450051017565,41.54994898243501
2016-03-14,CA_1,CA,HOUSEHOLD_2,152,180.2955975891899,28.295597589189896
2016-03-14,CA_2,CA,FOODS_1,372,422.4282177733891,50.42821777338912
2016-03-14,CA_2,CA,FOODS_2,498,542.2897535464042,44.2897535464042
2016-03-14,CA_2,CA,FOODS_3,1490,1757.3450762960763,267.3450762960763
2016-03-14,CA_2,CA,HOBBIES_1,299,322.55290714009357,23.552907140093566
2016-03-14,CA_2,CA,HOBBIES_2,34,37.0687306308863,3.0687306308863
2016-03-14,CA_2,CA,HOUSEHOLD_1,624,751.5695035806992,127.56950358069923
2016-03-14,CA_2,CA,HOUSEHOLD_2,243,265.5862059668861,22.586205966886098
2016-03-14,CA_3,CA,FOODS_1,385,426.07746079837625,41.07746079837625
2016-03-14,CA_3,CA,FOODS_2,680,703.8116190439368,23.811619043936844
2016-03-14,CA_3,CA,FOODS_3,3114,2968.8882557817033,145.11174421829674
2016-03-14,CA_3,CA,HOBBIES_1,550,500.7619497289524,49.2380502710476
2016-03-14,CA_3,CA,HOBBIES_2,45,52.85980829805831,7.8598082980583115
2016-03-14,CA_3,CA,HOUSEHOLD_1,1362,1436.8517391162368,74.85173911623679
2016-03-14,CA_3,CA,HOUSEHOLD_2,322,294.6490711392554,27.350928860744602
2016-03-14,CA_4,CA,FOODS_1,200,206.41105920082325,6.411059200823246
2016-03-14,CA_4,CA,FOODS_2,386,360.9478277872547,25.05217221274529
2016-03-14,CA_4,CA,FOODS_3,1156,1107.6886233688365,48.31137663116351
2016-03-14,CA_4,CA,HOBBIES_1,327,302.4607386362935,24.539261363706487
2016-03-14,CA_4,CA,HOBBIES_2,18,12.385862500601114,5.614137499398886
2016-03-14,CA_4,CA,HOUSEHOLD_1,448,359.9565383890575,88.04346161094247
2016-03-14,CA_4,CA,HOUSEHOLD_2,115,111.55388466783069,3.446115332169313
2016-03-14,TX_1,TX,FOODS_1,177,171.8241110687282,5.1758889312718
2016-03-14,TX_1,TX,FOODS_2,395,389.25052730274916,5.749472697250837
2016-03-14,TX_1,TX,FOODS_3,1652,1467.5427917009015,184.4572082990985
2016-03-14,TX_1,TX,HOBBIES_1,218,217.03160655788423,0.9683934421157687
2016-03-14,TX_1,TX,HOBBIES_2,39,24.66506192536358,14.334938074636419
2016-03-14,TX_1,TX,HOUSEHOLD_1,835,763.0866071223235,71.91339287767653
2016-03-14,TX_1,TX,HOUSEHOLD_2,187,172.9181867812323,14.081813218767707
2016-03-14,TX_2,TX,FOODS_1,230,236.38067346929827,6.380673469298273
2016-03-14,TX_2,TX,FOODS_2,544,476.39598140781857,67.60401859218143
2016-03-14,TX_2,TX,FOODS_3,2157,1989.2801054077333,167.71989459226666
2016-03-14,TX_2,TX,HOBBIES_1,285,292.0664396984788,7.066439698478803
2016-03-14,TX_2,TX,HOBBIES_2,50,35.542582741419885,14.457417258580115
2016-03-14,TX_2,TX,HOUSEHOLD_1,786,838.3619350483053,52.36193504830533
2016-03-14,TX_2,TX,HOUSEHOLD_2,234,186.15057679556193,47.84942320443807
2016-03-14,TX_3,TX,FOODS_1,242,225.5428209021715,16.457179097828487
2016-03-14,TX_3,TX,FOODS_2,586,626.2933201911641,40.29332019116407
2016-03-14,TX_3,TX,FOODS_3,1805,1621.1779084380323,183.82209156196768
2016-03-14,TX_3,TX,HOBBIES_1,423,297.90789120716767,125.09210879283233
2016-03-14,TX_3,TX,HOBBIES_2,43,33.90392897239976,9.096071027600239
2016-03-14,TX_3,TX,HOUSEHOLD_1,822,779.3658824843346,42.634117515665366
2016-03-14,TX_3,TX,HOUSEHOLD_2,172,147.22083678864573,24.779163211354273
2016-03-14,WI_1,WI,FOODS_1,249,259.63105300325145,10.631053003251452
2016-03-14,WI_1,WI,FOODS_2,654,670.5536588778943,16.55365887789435
2016-03-14,WI_1,WI,FOODS_3,1457,1523.055116471867,66.055116471867
2016-03-14,WI_1,WI,HOBBIES_1,329,324.00995459571214,4.990045404287855
2016-03-14,WI_1,WI,HOBBIES_2,8,27.870747726796882,19.870747726796882
2016-03-14,WI_1,WI,HOUSEHOLD_1,444,515.5636952553206,71.56369525532057
2016-03-14,WI_1,WI,HOUSEHOLD_2,160,144.51610236184894,15.483897638151063
2016-03-14,WI_2,WI,FOODS_1,428,354.3466377241068,73.65336227589319
2016-03-14,WI_2,WI,FOODS_2,1523,1283.3018179524486,239.69818204755143
2016-03-14,WI_2,WI,FOODS_3,2770,2423.982710126475,346.017289873525
2016-03-14,WI_2,WI,HOBBIES_1,197,240.2914903421559,43.291490342155896
2016-03-14,WI_2,WI,HOBBIES_2,36,30.176457839878502,5.823542160121498
2016-03-14,WI_2,WI,HOUSEHOLD_1,853,995.7694265852016,142.7694265852016
2016-03-14,WI_2,WI,HOUSEHOLD_2,118,130.2789472682383,12.278947268238312
2016-03-14,WI_3,WI,FOODS_1,247,257.98047995606254,10.980479956062538
2016-03-14,WI_3,WI,FOODS_2,742,712.2251650559189,29.774834944081135
2016-03-14,WI_3,WI,FOODS_3,2172,1968.2337748376021,203.76622516239786
2016-03-14,WI_3,WI,HOBBIES_1,212,205.26267264357176,6.7373273564282385
2016-03-14,WI_3,WI,HOBBIES_2,19,31.19562139983468,12.195621399834678
2016-03-14,WI_3,WI,HOUSEHOLD_1,528,655.5328423947301,127.5328423947301
2016-03-14,WI_3,WI,HOUSEHOLD_2,149,139.7658444221614,9.234155577838607
2016-03-15,CA_1,CA,FOODS_1,222,269.3740183961716,47.37401839617161
2016-03-15,CA_1,CA,FOODS_2,422,477.6590631713368,55.65906317133681
2016-03-15,CA_1,CA,FOODS_3,1559,1683.9718129216772,124.97181292167716
2016-03-15,CA_1,CA,HOBBIES_1,377,423.51202443993293,46.51202443993293
2016-03-15,CA_1,CA,HOBBIES_2,54,42.0364989790832,11.963501020916802
2016-03-15,CA_1,CA,HOUSEHOLD_1,666,659.9000214496346,6.099978550365449
2016-03-15,CA_1,CA,HOUSEHOLD_2,157,165.66005677034934,8.660056770349343
2016-03-15,CA_2,CA,FOODS_1,328,384.01859212018275,56.018592120182745
2016-03-15,CA_2,CA,FOODS_2,420,450.9992055391715,30.9992055391715
2016-03-15,CA_2,CA,FOODS_3,1494,1530.0731909481547,36.07319094815466
2016-03-15,CA_2,CA,HOBBIES_1,299,324.7205141600207,25.720514160020684
2016-03-15,CA_2,CA,HOBBIES_2,52,42.9776659695992,9.022334030400799
2016-03-15,CA_2,CA,HOUSEHOLD_1,638,614.883852931685,23.116147068314945
2016-03-15,CA_2,CA,HOUSEHOLD_2,199,244.64486398689692,45.64486398689692
2016-03-15,CA_3,CA,FOODS_1,334,382.9045050405862,48.90450504058617
2016-03-15,CA_3,CA,FOODS_2,641,671.8308625378435,30.830862537843473
2016-03-15,CA_3,CA,FOODS_3,2688,2741.6556586702086,53.655658670208595
2016-03-15,CA_3,CA,HOBBIES_1,471,477.52342329664947,6.523423296649469
2016-03-15,CA_3,CA,HOBBIES_2,39,50.63466501415425,11.634665014154251
2016-03-15,CA_3,CA,HOUSEHOLD_1,1202,1269.6229226522687,67.6229226522687
2016-03-15,CA_3,CA,HOUSEHOLD_2,286,273.2397400378462,12.760259962153782
2016-03-15,CA_4,CA,FOODS_1,220,204.7546816905422,15.245318309457787
2016-03-15,CA_4,CA,FOODS_2,339,330.10852503473717,8.89147496526283
2016-03-15,CA_4,CA,FOODS_3,1068,933.8139589586957,134.1860410413043
2016-03-15,CA_4,CA,HOBBIES_1,362,303.2267214450542,58.77327855494582
2016-03-15,CA_4,CA,HOBBIES_2,21,11.173802196776217,9.826197803223783
2016-03-15,CA_4,CA,HOUSEHOLD_1,364,348.8320889605533,15.167911039446722
2016-03-15,CA_4,CA,HOUSEHOLD_2,129,110.96911406569885,18.030885934301153
2016-03-15,TX_1,TX,FOODS_1,190,179.09048225092457,10.909517749075434
2016-03-15,TX_1,TX,FOODS_2,410,370.7653033570486,39.234696642951405
2016-03-15,TX_1,TX,FOODS_3,1673,1389.7189812137178,283.2810187862822
2016-03-15,TX_1,TX,HOBBIES_1,257,217.67364933464762,39.32635066535238
2016-03-15,TX_1,TX,HOBBIES_2,38,29.76425124038306,8.23574875961694
2016-03-15,TX_1,TX,HOUSEHOLD_1,824,722.119354021197,101.88064597880305
2016-03-15,TX_1,TX,HOUSEHOLD_2,209,171.44524727880008,37.55475272119992
2016-03-15,TX_2,TX,FOODS_1,193,228.842555433035,35.84255543303499
2016-03-15,TX_2,TX,FOODS_2,459,418.0949260269114,40.90507397308858
2016-03-15,TX_2,TX,FOODS_3,2046,1840.5362784273054,205.46372157269457
2016-03-15,TX_2,TX,HOBBIES_1,374,273.4518532514727,100.5481467485273
2016-03-15,TX_2,TX,HOBBIES_2,54,39.18048907523388,14.81951092476612
2016-03-15,TX_2,TX,HOUSEHOLD_1,797,748.2084464562827,48.79155354371733
2016-03-15,TX_2,TX,HOUSEHOLD_2,190,178.76470577496576,11.235294225034238
2016-03-15,TX_3,TX,FOODS_1,266,224.0373815078769,41.96261849212311
2016-03-15,TX_3,TX,FOODS_2,553,511.49070134764816,41.509298652351845
2016-03-15,TX_3,TX,FOODS_3,1875,1628.500700398865,246.4992996011349
2016-03-15,TX_3,TX,HOBBIES_1,294,274.1020042307991,19.897995769200918
2016-03-15,TX_3,TX,HOBBIES_2,32,33.75954907505121,1.7595490750512113
2016-03-15,TX_3,TX,HOUSEHOLD_1,772,708.3043163281744,63.69568367182558
2016-03-15,TX_3,TX,HOUSEHOLD_2,153,147.88602086398964,5.113979136010357
2016-03-15,WI_1,WI,FOODS_1,243,262.72051631000545,19.72051631000545
2016-03-15,WI_1,WI,FOODS_2,626,614.2178769900946,11.782123009905376
2016-03-15,WI_1,WI,FOODS_3,1458,1427.3190908726494,30.68090912735056
2016-03-15,WI_1,WI,HOBBIES_1,318,330.46578265376445,12.46578265376445
2016-03-15,WI_1,WI,HOBBIES_2,33,29.804893881114435,3.1951061188855654
2016-03-15,WI_1,WI,HOUSEHOLD_1,381,465.97002685558385,84.97002685558385
2016-03-15,WI_1,WI,HOUSEHOLD_2,150,145.57772558377675,4.422274416223246
2016-03-15,WI_2,WI,FOODS_1,394,355.8727518481471,38.12724815185288
2016-03-15,WI_2,WI,FOODS_2,1433,1279.8985210331923,153.1014789668077
2016-03-15,WI_2,WI,FOODS_3,2860,2510.1175019871853,349.8824980128147
2016-03-15,WI_2,WI,HOBBIES_1,233,233.27090251316233,0.2709025131623264
2016-03-15,WI_2,WI,HOBBIES_2,41,30.335569449994637,10.664430550005363
2016-03-15,WI_2,WI,HOUSEHOLD_1,952,919.2543713850465,32.74562861495349
2016-03-15,WI_2,WI,HOUSEHOLD_2,128,123.66557095942954,4.3344290405704555
2016-03-15,WI_3,WI,FOODS_1,237,242.29758629416133,5.297586294161334
2016-03-15,WI_3,WI,FOODS_2,684,603.9279825947975,80.07201740520247
2016-03-15,WI_3,WI,FOODS_3,2368,1899.4071220160401,468.59287798395985
2016-03-15,WI_3,WI,HOBBIES_1,181,203.25751996568644,22.25751996568644
2016-03-15,WI_3,WI,HOBBIES_2,22,31.666839479885247,9.666839479885247
2016-03-15,WI_3,WI,HOUSEHOLD_1,529,525.2510051891777,3.748994810822296
2016-03-15,WI_3,WI,HOUSEHOLD_2,136,139.17456525154174,3.174565251541736
2016-03-16,CA_1,CA,FOODS_1,233,262.3350590909741,29.335059090974084
2016-03-16,CA_1,CA,FOODS_2,416,427.88055563219865,11.88055563219865
2016-03-16,CA_1,CA,FOODS_3,1713,1587.940106611119,125.05989338888094
2016-03-16,CA_1,CA,HOBBIES_1,433,423.69106354611256,9.30893645388744
2016-03-16,CA_1,CA,HOBBIES_2,39,42.417045215432026,3.417045215432026
2016-03-16,CA_1,CA,HOUSEHOLD_1,561,655.7151417832492,94.71514178324924
2016-03-16,CA_1,CA,HOUSEHOLD_2,192,170.4990674276284,21.500932572371596
2016-03-16,CA_2,CA,FOODS_1,307,377.3942957633701,70.39429576337011
2016-03-16,CA_2,CA,FOODS_2,399,430.3568492086915,31.35684920869147
2016-03-16,CA_2,CA,FOODS_3,1528,1491.4917338037276,36.508266196272416
2016-03-16,CA_2,CA,HOBBIES_1,421,317.04115274191963,103.95884725808037
2016-03-16,CA_2,CA,HOBBIES_2,29,41.8024739003048,12.802473900304797
2016-03-16,CA_2,CA,HOUSEHOLD_1,594,602.047692312328,8.047692312327968
2016-03-16,CA_2,CA,HOUSEHOLD_2,203,233.6634775075969,30.663477507596895
2016-03-16,CA_3,CA,FOODS_1,372,366.63739716104976,5.362602838950238
2016-03-16,CA_3,CA,FOODS_2,590,626.696674158873,36.69667415887295
2016-03-16,CA_3,CA,FOODS_3,2426,2589.3307424040595,163.3307424040595
2016-03-16,CA_3,CA,HOBBIES_1,534,485.66701003936544,48.33298996063456
2016-03-16,CA_3,CA,HOBBIES_2,58,50.3694503968123,7.630549603187703
2016-03-16,CA_3,CA,HOUSEHOLD_1,1250,1229.4753344942153,20.524665505784697
2016-03-16,CA_3,CA,HOUSEHOLD_2,282,271.21552243355467,10.784477566445332
2016-03-16,CA_4,CA,FOODS_1,196,202.84861309316878,6.84861309316878
2016-03-16,CA_4,CA,FOODS_2,329,321.6050065228008,7.394993477199193
2016-03-16,CA_4,CA,FOODS_3,945,938.9096669780529,6.090333021947117
2016-03-16,CA_4,CA,HOBBIES_1,310,291.94399188278095,18.05600811721905
2016-03-16,CA_4,CA,HOBBIES_2,14,11.484773512727829,2.5152264872721712
2016-03-16,CA_4,CA,HOUSEHOLD_1,319,337.169592163463,18.169592163462994
2016-03-16,CA_4,CA,HOUSEHOLD_2,114,111.51764719537918,2.4823528046208168
2016-03-16,TX_1,TX,FOODS_1,186,177.6975150429151,8.302484957084914
2016-03-16,TX_1,TX,FOODS_2,356,349.82776854924373,6.172231450756271
2016-03-16,TX_1,TX,FOODS_3,1419,1406.6241249467896,12.375875053210393
2016-03-16,TX_1,TX,HOBBIES_1,275,231.94267488183087,43.05732511816913
2016-03-16,TX_1,TX,HOBBIES_2,21,29.882720770185912,8.882720770185912
2016-03-16,TX_1,TX,HOUSEHOLD_1,735,715.4219856716434,19.57801432835663
2016-03-16,TX_1,TX,HOUSEHOLD_2,183,178.04243754974297,4.957562450257029
2016-03-16,TX_2,TX,FOODS_1,212,231.3995595934808,19.399559593480802
2016-03-16,TX_2,TX,FOODS_2,363,402.5257475992109,39.52574759921089
2016-03-16,TX_2,TX,FOODS_3,1720,1760.4587338289587,40.45873382895866
2016-03-16,TX_2,TX,HOBBIES_1,260,273.936020004343,13.936020004342993
2016-03-16,TX_2,TX,HOBBIES_2,53,43.852325501965495,9.147674498034505
2016-03-16,TX_2,TX,HOUSEHOLD_1,707,781.5651978166402,74.5651978166402
2016-03-16,TX_2,TX,HOUSEHOLD_2,180,180.03991285601347,0.03991285601347272
2016-03-16,TX_3,TX,FOODS_1,246,233.70540091075986,12.294599089240137
2016-03-16,TX_3,TX,FOODS_2,526,494.27417528960376,31.72582471039624
2016-03-16,TX_3,TX,FOODS_3,1733,1589.5076838393556,143.49231616064435
2016-03-16,TX_3,TX,HOBBIES_1,316,279.55666442024716,36.44333557975284
2016-03-16,TX_3,TX,HOBBIES_2,24,30.157772764842093,6.157772764842093
2016-03-16,TX_3,TX,HOUSEHOLD_1,830,742.8076385155817,87.19236148441826
2016-03-16,TX_3,TX,HOUSEHOLD_2,133,146.91206201099004,13.912062010990041
2016-03-16,WI_1,WI,FOODS_1,302,264.31010497618246,37.68989502381754
2016-03-16,WI_1,WI,FOODS_2,586,592.1741081229618,6.174108122961798
2016-03-16,WI_1,WI,FOODS_3,1461,1406.3134979856864,54.686502014313646
2016-03-16,WI_1,WI,HOBBIES_1,288,327.78235148983714,39.78235148983714
2016-03-16,WI_1,WI,HOBBIES_2,27,28.50062286128543,1.5006228612854287
2016-03-16,WI_1,WI,HOUSEHOLD_1,409,464.95406686942573,55.95406686942573
2016-03-16,WI_1,WI,HOUSEHOLD_2,103,143.6343575575261,40.6343575575261
2016-03-16,WI_2,WI,FOODS_1,301,338.3837731760281,37.383773176028114
2016-03-16,WI_2,WI,FOODS_2,1061,1237.512737583111,176.51273758311095
2016-03-16,WI_2,WI,FOODS_3,2388,2379.3879406743863,8.6120593256137
2016-03-16,WI_2,WI,HOBBIES_1,238,230.87067316793284,7.129326832067164
2016-03-16,WI_2,WI,HOBBIES_2,42,33.88217358521978,8.117826414780218
2016-03-16,WI_2,WI,HOUSEHOLD_1,887,989.6573775007315,102.65737750073151
2016-03-16,WI_2,WI,HOUSEHOLD_2,133,127.57518777518773,5.424812224812271
2016-03-16,WI_3,WI,FOODS_1,199,233.71319029631587,34.71319029631587
2016-03-16,WI_3,WI,FOODS_2,428,558.7475604063967,130.7475604063967
2016-03-16,WI_3,WI,FOODS_3,1664,1869.8145683791497,205.8145683791497
2016-03-16,WI_3,WI,HOBBIES_1,185,204.33119662993505,19.33119662993505
2016-03-16,WI_3,WI,HOBBIES_2,54,34.15046325055166,19.84953674944834
2016-03-16,WI_3,WI,HOUSEHOLD_1,457,504.97810964168985,47.978109641689855
2016-03-16,WI_3,WI,HOUSEHOLD_2,108,133.23507984721869,25.235079847218685
2016-03-17,CA_1,CA,FOODS_1,236,261.36972522898884,25.36972522898884
2016-03-17,CA_1,CA,FOODS_2,348,423.32571642035117,75.32571642035117
2016-03-17,CA_1,CA,FOODS_3,1627,1661.2209801174417,34.22098011744174
2016-03-17,CA_1,CA,HOBBIES_1,319,406.08837277704947,87.08837277704947
2016-03-17,CA_1,CA,HOBBIES_2,16,42.9467052916263,26.9467052916263
2016-03-17,CA_1,CA,HOUSEHOLD_1,600,604.155315673072,4.155315673071982
2016-03-17,CA_1,CA,HOUSEHOLD_2,183,169.57558504171823,13.424414958281773
2016-03-17,CA_2,CA,FOODS_1,347,359.45384859345666,12.453848593456655
2016-03-17,CA_2,CA,FOODS_2,405,405.5806949978253,0.580694997825276
2016-03-17,CA_2,CA,FOODS_3,1574,1501.3225786825806,72.67742131741943
2016-03-17,CA_2,CA,HOBBIES_1,296,325.6095443591042,29.609544359104177
2016-03-17,CA_2,CA,HOBBIES_2,38,44.1227842933077,6.122784293307703
2016-03-17,CA_2,CA,HOUSEHOLD_1,558,629.4814992221461,71.48149922214611
2016-03-17,CA_2,CA,HOUSEHOLD_2,193,232.52056974202657,39.52056974202657
2016-03-17,CA_3,CA,FOODS_1,354,365.5406745590392,11.54067455903919
2016-03-17,CA_3,CA,FOODS_2,478,548.7405281302125,70.74052813021251
2016-03-17,CA_3,CA,FOODS_3,2502,2482.822479875251,19.177520124749208
2016-03-17,CA_3,CA,HOBBIES_1,494,479.62765676556506,14.372343234434936
2016-03-17,CA_3,CA,HOBBIES_2,67,55.961893412149166,11.038106587850834
2016-03-17,CA_3,CA,HOUSEHOLD_1,1098,1225.1488648190525,127.1488648190525
2016-03-17,CA_3,CA,HOUSEHOLD_2,284,286.7591205060182,2.759120506018178
2016-03-17,CA_4,CA,FOODS_1,226,202.14823280400432,23.851767195995677
2016-03-17,CA_4,CA,FOODS_2,277,308.9169506904913,31.91695069049132
2016-03-17,CA_4,CA,FOODS_3,914,963.0347751033862,49.03477510338621
2016-03-17,CA_4,CA,HOBBIES_1,295,294.1508046969047,0.8491953030953141
2016-03-17,CA_4,CA,HOBBIES_2,16,14.406415057781562,1.5935849422184383
2016-03-17,CA_4,CA,HOUSEHOLD_1,312,317.041160478165,5.041160478165011
2016-03-17,CA_4,CA,HOUSEHOLD_2,139,114.51067751514783,24.489322484852167
2016-03-17,TX_1,TX,FOODS_1,166,181.8702310084075,15.870231008407501
2016-03-17,TX_1,TX,FOODS_2,306,334.09352974188135,28.093529741881355
2016-03-17,TX_1,TX,FOODS_3,1422,1368.054213034562,53.94578696543795
2016-03-17,TX_1,TX,HOBBIES_1,214,223.88166380964748,9.881663809647478
2016-03-17,TX_1,TX,HOBBIES_2,25,29.246078023994528,4.246078023994528
2016-03-17,TX_1,TX,HOUSEHOLD_1,688,697.9807904048205,9.980790404820482
2016-03-17,TX_1,TX,HOUSEHOLD_2,169,172.50733473693106,3.507334736931057
2016-03-17,TX_2,TX,FOODS_1,235,229.83741162540977,5.162588374590229
2016-03-17,TX_2,TX,FOODS_2,384,374.22574690081177,9.774253099188229
2016-03-17,TX_2,TX,FOODS_3,1814,1713.627531094609,100.37246890539109
2016-03-17,TX_2,TX,HOBBIES_1,299,267.3331851177598,31.666814882240203
2016-03-17,TX_2,TX,HOBBIES_2,35,42.27094445164882,7.270944451648823
2016-03-17,TX_2,TX,HOUSEHOLD_1,795,757.4210988172855,37.5789011827145
2016-03-17,TX_2,TX,HOUSEHOLD_2,202,182.14381481219442,19.85618518780558
2016-03-17,TX_3,TX,FOODS_1,285,228.1869048635953,56.81309513640471
2016-03-17,TX_3,TX,FOODS_2,381,472.93638494695375,91.93638494695375
2016-03-17,TX_3,TX,FOODS_3,1486,1537.3050800326816,51.305080032681644
2016-03-17,TX_3,TX,HOBBIES_1,352,287.2185887411168,64.78141125888322
2016-03-17,TX_3,TX,HOBBIES_2,64,33.864253531546574,30.135746468453426
2016-03-17,TX_3,TX,HOUSEHOLD_1,725,737.9699702155535,12.96997021555353
2016-03-17,TX_3,TX,HOUSEHOLD_2,123,143.22573294640654,20.225732946406538
2016-03-17,WI_1,WI,FOODS_1,243,252.68999749184977,9.689997491849766
2016-03-17,WI_1,WI,FOODS_2,486,576.6404855197479,90.64048551974793
2016-03-17,WI_1,WI,FOODS_3,1441,1383.5065023877798,57.49349761222015
2016-03-17,WI_1,WI,HOBBIES_1,224,310.2023241301193,86.20232413011928
2016-03-17,WI_1,WI,HOBBIES_2,45,30.44770479621791,14.55229520378209
2016-03-17,WI_1,WI,HOUSEHOLD_1,443,464.70134034450746,21.701340344507457
2016-03-17,WI_1,WI,HOUSEHOLD_2,146,144.06267204572478,1.9373279542752186
2016-03-17,WI_2,WI,FOODS_1,273,311.7132565489083,38.713256548908305
2016-03-17,WI_2,WI,FOODS_2,907,1205.6181847014905,298.61818470149046
2016-03-17,WI_2,WI,FOODS_3,1852,2380.520149866399,528.5201498663992
2016-03-17,WI_2,WI,HOBBIES_1,182,218.88171885333458,36.881718853334576
2016-03-17,WI_2,WI,HOBBIES_2,20,32.49968750639256,12.499687506392561
2016-03-17,WI_2,WI,HOUSEHOLD_1,846,1072.1171810256774,226.11718102567738
2016-03-17,WI_2,WI,HOUSEHOLD_2,123,126.73715127931035,3.7371512793103534
2016-03-17,WI_3,WI,FOODS_1,202,230.3851156174895,28.385115617489504
2016-03-17,WI_3,WI,FOODS_2,503,488.16138471469225,14.838615285307753
2016-03-17,WI_3,WI,FOODS_3,1828,1658.8209514761836,169.1790485238164
2016-03-17,WI_3,WI,HOBBIES_1,173,198.93665140443827,25.936651404438265
2016-03-17,WI_3,WI,HOBBIES_2,44,37.10954218248145,6.890457817518552
2016-03-17,WI_3,WI,HOUSEHOLD_1,540,510.7735210734043,29.22647892659569
2016-03-17,WI_3,WI,HOUSEHOLD_2,122,132.24260651817144,10.242606518171442
2016-03-18,CA_1,CA,FOODS_1,328,326.97023888729814,1.0297611127018627
2016-03-18,CA_1,CA,FOODS_2,474,461.9576803703205,12.042319629679525
2016-03-18,CA_1,CA,FOODS_3,1947,2009.0171756896016,62.01717568960157
2016-03-18,CA_1,CA,HOBBIES_1,533,482.6736158496305,50.326384150369506
2016-03-18,CA_1,CA,HOBBIES_2,52,52.33166399986796,0.33166399986796335
2016-03-18,CA_1,CA,HOUSEHOLD_1,775,736.2875837531658,38.71241624683421
2016-03-18,CA_1,CA,HOUSEHOLD_2,176,210.04225635135302,34.04225635135302
2016-03-18,CA_2,CA,FOODS_1,427,457.24590612635484,30.24590612635484
2016-03-18,CA_2,CA,FOODS_2,431,485.4195145533686,54.41951455336857
2016-03-18,CA_2,CA,FOODS_3,1889,1847.5482554718892,41.451744528110794
2016-03-18,CA_2,CA,HOBBIES_1,355,332.0756898225872,22.924310177412792
2016-03-18,CA_2,CA,HOBBIES_2,30,42.14939406579879,12.149394065798788
2016-03-18,CA_2,CA,HOUSEHOLD_1,744,720.8018862485494,23.19811375145059
2016-03-18,CA_2,CA,HOUSEHOLD_2,251,268.20250566166715,17.202505661667146
2016-03-18,CA_3,CA,FOODS_1,354,405.2384633579695,51.23846335796952
2016-03-18,CA_3,CA,FOODS_2,532,595.7082978497571,63.70829784975706
2016-03-18,CA_3,CA,FOODS_3,2554,2549.487880294872,4.512119705128043
2016-03-18,CA_3,CA,HOBBIES_1,587,563.8966257472084,23.103374252791582
2016-03-18,CA_3,CA,HOBBIES_2,55,57.837023057095045,2.8370230570950454
2016-03-18,CA_3,CA,HOUSEHOLD_1,1262,1253.6798619185772,8.320138081422783
2016-03-18,CA_3,CA,HOUSEHOLD_2,300,310.40459660208376,10.404596602083757
2016-03-18,CA_4,CA,FOODS_1,280,232.68936806221055,47.31063193778945
2016-03-18,CA_4,CA,FOODS_2,338,321.12644126581694,16.873558734183064
2016-03-18,CA_4,CA,FOODS_3,1126,1030.1360516762243,95.86394832377573
2016-03-18,CA_4,CA,HOBBIES_1,343,335.2077411544467,7.792258845553306
2016-03-18,CA_4,CA,HOBBIES_2,20,15.009558827777054,4.990441172222946
2016-03-18,CA_4,CA,HOUSEHOLD_1,358,379.50800151462,21.50800151461999
2016-03-18,CA_4,CA,HOUSEHOLD_2,143,135.39044509524192,7.609554904758085
2016-03-18,TX_1,TX,FOODS_1,161,190.83374723512028,29.833747235120285
2016-03-18,TX_1,TX,FOODS_2,311,325.9209932917446,14.920993291744594
2016-03-18,TX_1,TX,FOODS_3,1423,1450.814873285174,27.814873285173917
2016-03-18,TX_1,TX,HOBBIES_1,206,248.70836728000694,42.70836728000694
2016-03-18,TX_1,TX,HOBBIES_2,30,30.089965994463164,0.08996599446316367
2016-03-18,TX_1,TX,HOUSEHOLD_1,685,795.7869758115985,110.7869758115985
2016-03-18,TX_1,TX,HOUSEHOLD_2,183,208.445097136967,25.445097136967007
2016-03-18,TX_2,TX,FOODS_1,235,248.91513156604253,13.915131566042533
2016-03-18,TX_2,TX,FOODS_2,452,408.90227112483774,43.09772887516226
2016-03-18,TX_2,TX,FOODS_3,2167,2075.7018687192744,91.29813128072556
2016-03-18,TX_2,TX,HOBBIES_1,289,295.50121346824596,6.501213468245965
2016-03-18,TX_2,TX,HOBBIES_2,60,45.80047249513404,14.199527504865962
2016-03-18,TX_2,TX,HOUSEHOLD_1,816,840.8052887769268,24.805288776926773
2016-03-18,TX_2,TX,HOUSEHOLD_2,205,214.67155496194627,9.67155496194627
2016-03-18,TX_3,TX,FOODS_1,259,263.3897653926895,4.389765392689526
2016-03-18,TX_3,TX,FOODS_2,431,435.20003853940017,4.200038539400168
2016-03-18,TX_3,TX,FOODS_3,1582,1701.8066492374915,119.80664923749146
2016-03-18,TX_3,TX,HOBBIES_1,283,336.87889129910604,53.878891299106044
2016-03-18,TX_3,TX,HOBBIES_2,31,36.07749539374775,5.077495393747753
2016-03-18,TX_3,TX,HOUSEHOLD_1,791,788.1628828308816,2.8371171691184145
2016-03-18,TX_3,TX,HOUSEHOLD_2,156,160.37696590022358,4.376965900223581
2016-03-18,WI_1,WI,FOODS_1,322,323.46060971187563,1.4606097118756338
2016-03-18,WI_1,WI,FOODS_2,555,638.4653057025507,83.46530570255072
2016-03-18,WI_1,WI,FOODS_3,1599,1687.6598134656206,88.65981346562057
2016-03-18,WI_1,WI,HOBBIES_1,303,355.04470457195094,52.044704571950945
2016-03-18,WI_1,WI,HOBBIES_2,21,29.824740678274637,8.824740678274637
2016-03-18,WI_1,WI,HOUSEHOLD_1,560,575.4536695639782,15.453669563978224
2016-03-18,WI_1,WI,HOUSEHOLD_2,149,161.1351645183818,12.1351645183818
2016-03-18,WI_2,WI,FOODS_1,346,320.58122639071104,25.418773609288962
2016-03-18,WI_2,WI,FOODS_2,1073,1104.0483350196448,31.04833501964481
2016-03-18,WI_2,WI,FOODS_3,2232,2475.5665942982455,243.5665942982455
2016-03-18,WI_2,WI,HOBBIES_1,256,266.29321067183184,10.293210671831844
2016-03-18,WI_2,WI,HOBBIES_2,27,36.28892603343611,9.288926033436113
2016-03-18,WI_2,WI,HOUSEHOLD_1,897,1119.7273011773377,222.72730117733772
2016-03-18,WI_2,WI,HOUSEHOLD_2,148,144.36332618468754,3.636673815312463
2016-03-18,WI_3,WI,FOODS_1,206,267.89144626354414,61.89144626354414
2016-03-18,WI_3,WI,FOODS_2,487,538.2098233867868,51.20982338678675
2016-03-18,WI_3,WI,FOODS_3,1934,2099.9886806965847,165.98868069658465
2016-03-18,WI_3,WI,HOBBIES_1,286,260.94432065203745,25.055679347962553
2016-03-18,WI_3,WI,HOBBIES_2,27,35.38412150817525,8.384121508175248
2016-03-18,WI_3,WI,HOUSEHOLD_1,644,669.6202804817034,25.62028048170339
2016-03-18,WI_3,WI,HOUSEHOLD_2,160,164.22467158514414,4.2246715851441365
2016-03-19,CA_1,CA,FOODS_1,417,365.09440786428297,51.90559213571703
2016-03-19,CA_1,CA,FOODS_2,604,613.9585454295801,9.958545429580113
2016-03-19,CA_1,CA,FOODS_3,2704,2537.2796620793706,166.7203379206294
2016-03-19,CA_1,CA,HOBBIES_1,553,535.5221751046081,17.477824895391905
2016-03-19,CA_1,CA,HOBBIES_2,59,59.147953900442815,0.14795390044281476
2016-03-19,CA_1,CA,HOUSEHOLD_1,1028,1081.8526017539145,53.85260175391454
2016-03-19,CA_1,CA,HOUSEHOLD_2,294,264.8061320961439,29.193867903856074
2016-03-19,CA_2,CA,FOODS_1,282,505.2775421818524,223.27754218185243
2016-03-19,CA_2,CA,FOODS_2,301,594.2543431818543,293.2543431818543
2016-03-19,CA_2,CA,FOODS_3,1190,2314.893395812828,1124.8933958128282
2016-03-19,CA_2,CA,HOBBIES_1,272,470.13071994736407,198.13071994736407
2016-03-19,CA_2,CA,HOBBIES_2,28,45.827332012015546,17.827332012015546
2016-03-19,CA_2,CA,HOUSEHOLD_1,524,989.3764540577815,465.37645405778153
2016-03-19,CA_2,CA,HOUSEHOLD_2,182,330.2297151777387,148.22971517773868
2016-03-19,CA_3,CA,FOODS_1,519,476.1454039429151,42.854596057084905
2016-03-19,CA_3,CA,FOODS_2,694,736.1320268620389,42.132026862038856
2016-03-19,CA_3,CA,FOODS_3,3508,3185.435262587087,322.564737412913
2016-03-19,CA_3,CA,HOBBIES_1,619,673.4544539155905,54.454453915590534
2016-03-19,CA_3,CA,HOBBIES_2,59,66.38068306899369,7.38068306899369
2016-03-19,CA_3,CA,HOUSEHOLD_1,1697,1627.308806979847,69.69119302015292
2016-03-19,CA_3,CA,HOUSEHOLD_2,412,388.1185756450821,23.881424354917897
2016-03-19,CA_4,CA,FOODS_1,214,240.37561593301095,26.37561593301095
2016-03-19,CA_4,CA,FOODS_2,398,421.46481382230195,23.46481382230195
2016-03-19,CA_4,CA,FOODS_3,1263,1222.3627914647157,40.637208535284344
2016-03-19,CA_4,CA,HOBBIES_1,459,396.61807475480936,62.381925245190644
2016-03-19,CA_4,CA,HOBBIES_2,14,17.278625793667754,3.2786257936677536
2016-03-19,CA_4,CA,HOUSEHOLD_1,428,448.88298842637084,20.882988426370844
2016-03-19,CA_4,CA,HOUSEHOLD_2,178,166.597027082206,11.402972917793988
2016-03-19,TX_1,TX,FOODS_1,204,212.15647507914449,8.156475079144485
2016-03-19,TX_1,TX,FOODS_2,335,433.12153284662,98.12153284662003
2016-03-19,TX_1,TX,FOODS_3,1582,1759.3659707178103,177.36597071781034
2016-03-19,TX_1,TX,HOBBIES_1,338,293.4977476301108,44.50225236988922
2016-03-19,TX_1,TX,HOBBIES_2,24,34.96895895756068,10.96895895756068
2016-03-19,TX_1,TX,HOUSEHOLD_1,898,981.6184980292117,83.61849802921165
2016-03-19,TX_1,TX,HOUSEHOLD_2,252,251.37874789556804,0.6212521044319601
2016-03-19,TX_2,TX,FOODS_1,251,288.1507870238591,37.150787023859095
2016-03-19,TX_2,TX,FOODS_2,431,517.339585492605,86.33958549260501
2016-03-19,TX_2,TX,FOODS_3,2117,2543.794911598686,426.7949115986862
2016-03-19,TX_2,TX,HOBBIES_1,423,384.23333859385207,38.76666140614793
2016-03-19,TX_2,TX,HOBBIES_2,64,58.85543401218545,5.144565987814552
2016-03-19,TX_2,TX,HOUSEHOLD_1,1021,1032.6486526771662,11.648652677166183
2016-03-19,TX_2,TX,HOUSEHOLD_2,221,257.76126455302847,36.76126455302847
2016-03-19,TX_3,TX,FOODS_1,262,291.7161516011398,29.716151601139813
2016-03-19,TX_3,TX,FOODS_2,426,538.1631563141453,112.16315631414534
2016-03-19,TX_3,TX,FOODS_3,1781,2032.5882844028436,251.58828440284356
2016-03-19,TX_3,TX,HOBBIES_1,434,397.91067279759676,36.08932720240324
2016-03-19,TX_3,TX,HOBBIES_2,42,43.27347642484851,1.2734764248485106
2016-03-19,TX_3,TX,HOUSEHOLD_1,951,973.6138113359145,22.613811335914534
2016-03-19,TX_3,TX,HOUSEHOLD_2,153,185.62310854805983,32.62310854805983
2016-03-19,WI_1,WI,FOODS_1,382,368.8759393306877,13.124060669312314
2016-03-19,WI_1,WI,FOODS_2,761,789.9792665177632,28.97926651776322
2016-03-19,WI_1,WI,FOODS_3,2140,2144.8242395662564,4.824239566256438
2016-03-19,WI_1,WI,HOBBIES_1,711,569.2040901775525,141.79590982244747
2016-03-19,WI_1,WI,HOBBIES_2,40,35.52914801377962,4.4708519862203815
2016-03-19,WI_1,WI,HOUSEHOLD_1,840,766.1392398231624,73.86076017683763
2016-03-19,WI_1,WI,HOUSEHOLD_2,228,204.1796615505475,23.820338449452493
2016-03-19,WI_2,WI,FOODS_1,495,410.4911052086443,84.50889479135571
2016-03-19,WI_2,WI,FOODS_2,1028,1266.6142954121904,238.61429541219036
2016-03-19,WI_2,WI,FOODS_3,2266,2898.745007458592,632.7450074585922
2016-03-19,WI_2,WI,HOBBIES_1,237,282.293510607668,45.293510607668
2016-03-19,WI_2,WI,HOBBIES_2,45,36.570457902618365,8.429542097381635
2016-03-19,WI_2,WI,HOUSEHOLD_1,995,1113.8109274706535,118.8109274706535
2016-03-19,WI_2,WI,HOUSEHOLD_2,161,173.33168436571603,12.331684365716029
2016-03-19,WI_3,WI,FOODS_1,247,280.50520504621255,33.50520504621255
2016-03-19,WI_3,WI,FOODS_2,724,636.4787929141812,87.52120708581879
2016-03-19,WI_3,WI,FOODS_3,2473,2490.729900895968,17.729900895968058
2016-03-19,WI_3,WI,HOBBIES_1,281,284.2477839930241,3.247783993024086
2016-03-19,WI_3,WI,HOBBIES_2,33,36.51659267646745,3.5165926764674467
2016-03-19,WI_3,WI,HOUSEHOLD_1,827,759.5740017842694,67.4259982157306
2016-03-19,WI_3,WI,HOUSEHOLD_2,157,179.11385923374834,22.113859233748343
2016-03-20,CA_1,CA,FOODS_1,388,346.2628446667832,41.737155333216776
2016-03-20,CA_1,CA,FOODS_2,734,626.98523770855,107.01476229144998
2016-03-20,CA_1,CA,FOODS_3,3118,2709.380066377265,408.61993362273506
2016-03-20,CA_1,CA,HOBBIES_1,446,500.57155263556655,54.57155263556655
2016-03-20,CA_1,CA,HOBBIES_2,47,58.7686072765438,11.768607276543797
2016-03-20,CA_1,CA,HOUSEHOLD_1,1214,1056.0206622067722,157.97933779322784
2016-03-20,CA_1,CA,HOUSEHOLD_2,250,252.50493275215055,2.504932752150552
2016-03-20,CA_2,CA,FOODS_1,240,400.8604152662026,160.8604152662026
2016-03-20,CA_2,CA,FOODS_2,9,471.6471834332679,462.6471834332679
2016-03-20,CA_2,CA,FOODS_3,1157,1817.7519927129813,660.7519927129813
2016-03-20,CA_2,CA,HOBBIES_1,185,381.4153260142334,196.41532601423341
2016-03-20,CA_2,CA,HOBBIES_2,30,41.51640957949863,11.516409579498628
2016-03-20,CA_2,CA,HOUSEHOLD_1,492,912.1633818436464,420.16338184364645
2016-03-20,CA_2,CA,HOUSEHOLD_2,187,290.51930299332173,103.51930299332173
2016-03-20,CA_3,CA,FOODS_1,404,463.44563247455466,59.44563247455466
2016-03-20,CA_3,CA,FOODS_2,825,786.0364229205311,38.963577079468905
2016-03-20,CA_3,CA,FOODS_3,3526,3597.565556796251,71.5655567962508
2016-03-20,CA_3,CA,HOBBIES_1,632,654.2204089694009,22.220408969400864
2016-03-20,CA_3,CA,HOBBIES_2,56,61.76782635796336,5.767826357963358
2016-03-20,CA_3,CA,HOUSEHOLD_1,1840,1753.4239426685983,86.57605733140167
2016-03-20,CA_3,CA,HOUSEHOLD_2,492,410.070961520894,81.929038479106
2016-03-20,CA_4,CA,FOODS_1,272,242.67321890564554,29.32678109435446
2016-03-20,CA_4,CA,FOODS_2,426,417.55778384990583,8.442216150094168
2016-03-20,CA_4,CA,FOODS_3,1390,1343.6286705158082,46.37132948419185
2016-03-20,CA_4,CA,HOBBIES_1,390,397.28135841384704,7.281358413847045
2016-03-20,CA_4,CA,HOBBIES_2,26,19.586687778273387,6.413312221726613
2016-03-20,CA_4,CA,HOUSEHOLD_1,461,465.04715213774926,4.047152137749265
2016-03-20,CA_4,CA,HOUSEHOLD_2,184,172.27746217128492,11.722537828715076
2016-03-20,TX_1,TX,FOODS_1,250,214.7165905100263,35.28340948997371
2016-03-20,TX_1,TX,FOODS_2,426,455.75487371373436,29.754873713734355
2016-03-20,TX_1,TX,FOODS_3,1777,1856.834301085988,79.83430108598805
2016-03-20,TX_1,TX,HOBBIES_1,296,317.9264975620124,21.9264975620124
2016-03-20,TX_1,TX,HOBBIES_2,24,32.359521643404314,8.359521643404314
2016-03-20,TX_1,TX,HOUSEHOLD_1,1097,975.4521933763655,121.54780662363453
2016-03-20,TX_1,TX,HOUSEHOLD_2,263,258.502079722222,4.497920277778007
2016-03-20,TX_2,TX,FOODS_1,253,248.92517529216278,4.074824707837223
2016-03-20,TX_2,TX,FOODS_2,442,536.979987645775,94.97998764577505
2016-03-20,TX_2,TX,FOODS_3,2519,2453.0206994653936,65.97930053460641
2016-03-20,TX_2,TX,HOBBIES_1,319,385.2251419934661,66.22514199346608
2016-03-20,TX_2,TX,HOBBIES_2,74,63.18858161529439,10.811418384705611
2016-03-20,TX_2,TX,HOUSEHOLD_1,1078,1007.256593944794,70.74340605520604
2016-03-20,TX_2,TX,HOUSEHOLD_2,243,262.16231940224117,19.162319402241167
2016-03-20,TX_3,TX,FOODS_1,249,288.79305643664895,39.79305643664895
2016-03-20,TX_3,TX,FOODS_2,547,568.2214546907658,21.221454690765768
2016-03-20,TX_3,TX,FOODS_3,2019,2043.7408067525666,24.74080675256664
2016-03-20,TX_3,TX,HOBBIES_1,408,425.84172843630637,17.84172843630637
2016-03-20,TX_3,TX,HOBBIES_2,46,47.7601898363627,1.7601898363626987
2016-03-20,TX_3,TX,HOUSEHOLD_1,881,983.7952398539855,102.79523985398555
2016-03-20,TX_3,TX,HOUSEHOLD_2,217,192.87291660287164,24.12708339712836
2016-03-20,WI_1,WI,FOODS_1,311,334.7473285769733,23.747328576973302
2016-03-20,WI_1,WI,FOODS_2,998,827.7609832262706,170.23901677372942
2016-03-20,WI_1,WI,FOODS_3,2199,2115.014060026505,83.98593997349508
2016-03-20,WI_1,WI,HOBBIES_1,429,386.95694365719896,42.04305634280104
2016-03-20,WI_1,WI,HOBBIES_2,33,31.383420524440204,1.6165794755597958
2016-03-20,WI_1,WI,HOUSEHOLD_1,823,728.7597147097913,94.2402852902087
2016-03-20,WI_1,WI,HOUSEHOLD_2,210,200.30195066840923,9.698049331590767
2016-03-20,WI_2,WI,FOODS_1,468,396.4685767234399,71.53142327656008
2016-03-20,WI_2,WI,FOODS_2,1118,1244.4370230116858,126.43702301168582
2016-03-20,WI_2,WI,FOODS_3,2573,2619.4360458823394,46.436045882339386
2016-03-20,WI_2,WI,HOBBIES_1,262,263.7863332421493,1.7863332421492828
2016-03-20,WI_2,WI,HOBBIES_2,30,36.98666827369486,6.98666827369486
2016-03-20,WI_2,WI,HOUSEHOLD_1,1051,1140.940296780868,89.94029678086804
2016-03-20,WI_2,WI,HOUSEHOLD_2,155,166.37797318568994,11.377973185689939
2016-03-20,WI_3,WI,FOODS_1,222,233.6905432532173,11.6905432532173
2016-03-20,WI_3,WI,FOODS_2,625,684.9035618895792,59.90356188957924
2016-03-20,WI_3,WI,FOODS_3,2273,2519.3544346500234,246.35443465002345
2016-03-20,WI_3,WI,HOBBIES_1,229,230.9520492350329,1.952049235032888
2016-03-20,WI_3,WI,HOBBIES_2,44,38.16619710047603,5.833802899523967
2016-03-20,WI_3,WI,HOUSEHOLD_1,753,770.007834161404,17.00783416140405
2016-03-20,WI_3,WI,HOUSEHOLD_2,170,174.42397695311152,4.42397695311152
2016-03-21,CA_1,CA,FOODS_1,295,271.6920243846183,23.30797561538168
2016-03-21,CA_1,CA,FOODS_2,538,472.71848115280403,65.28151884719597
2016-03-21,CA_1,CA,FOODS_3,1933,1889.435758460684,43.56424153931607
2016-03-21,CA_1,CA,HOBBIES_1,483,433.6770868851138,49.322913114886205
2016-03-21,CA_1,CA,HOBBIES_2,49,43.90369813068767,5.096301869312327
2016-03-21,CA_1,CA,HOUSEHOLD_1,736,754.8750650116907,18.875065011690708
2016-03-21,CA_1,CA,HOUSEHOLD_2,208,184.8339286531297,23.166071346870297
2016-03-21,CA_2,CA,FOODS_1,408,298.9790500909364,109.02094990906357
2016-03-21,CA_2,CA,FOODS_2,357,339.0566186099339,17.943381390066122
2016-03-21,CA_2,CA,FOODS_3,1480,1258.079999132121,221.92000086787903
2016-03-21,CA_2,CA,HOBBIES_1,316,285.44897936465435,30.55102063534565
2016-03-21,CA_2,CA,HOBBIES_2,26,30.16207773947755,4.162077739477549
2016-03-21,CA_2,CA,HOUSEHOLD_1,639,548.2082031167309,90.79179688326906
2016-03-21,CA_2,CA,HOUSEHOLD_2,270,179.69180641881056,90.30819358118944
2016-03-21,CA_3,CA,FOODS_1,364,358.2967085078574,5.703291492142625
2016-03-21,CA_3,CA,FOODS_2,648,644.5775374879926,3.422462512007428
2016-03-21,CA_3,CA,FOODS_3,2991,2897.851756761634,93.14824323836592
2016-03-21,CA_3,CA,HOBBIES_1,451,492.973263249678,41.973263249677984
2016-03-21,CA_3,CA,HOBBIES_2,57,54.83221680840543,2.167783191594573
2016-03-21,CA_3,CA,HOUSEHOLD_1,1387,1323.746114577259,63.25388542274095
2016-03-21,CA_3,CA,HOUSEHOLD_2,341,315.21752574097377,25.78247425902623
2016-03-21,CA_4,CA,FOODS_1,220,210.5447334336146,9.455266566385404
2016-03-21,CA_4,CA,FOODS_2,352,342.73478701630916,9.265212983690844
2016-03-21,CA_4,CA,FOODS_3,1128,1014.3237347138894,113.6762652861106
2016-03-21,CA_4,CA,HOBBIES_1,308,331.3041373300637,23.304137330063725
2016-03-21,CA_4,CA,HOBBIES_2,23,17.421707031998007,5.578292968001993
2016-03-21,CA_4,CA,HOUSEHOLD_1,429,367.06063629756363,61.93936370243637
2016-03-21,CA_4,CA,HOUSEHOLD_2,104,128.31593956649505,24.315939566495047
2016-03-21,TX_1,TX,FOODS_1,148,177.26996749670252,29.26996749670252
2016-03-21,TX_1,TX,FOODS_2,322,324.8845951161351,2.884595116135074
2016-03-21,TX_1,TX,FOODS_3,1249,1382.1155825554547,133.1155825554547
2016-03-21,TX_1,TX,HOBBIES_1,175,220.38716041109083,45.38716041109083
2016-03-21,TX_1,TX,HOBBIES_2,25,25.37359654554733,0.37359654554732913
2016-03-21,TX_1,TX,HOUSEHOLD_1,632,755.1188132486027,123.11881324860269
2016-03-21,TX_1,TX,HOUSEHOLD_2,206,186.8766612234422,19.1233387765578
2016-03-21,TX_2,TX,FOODS_1,247,211.39282568304031,35.607174316959686
2016-03-21,TX_2,TX,FOODS_2,466,407.8387950062989,58.16120499370112
2016-03-21,TX_2,TX,FOODS_3,1751,1866.6120181465915,115.61201814659148
2016-03-21,TX_2,TX,HOBBIES_1,235,299.72911494122366,64.72911494122366
2016-03-21,TX_2,TX,HOBBIES_2,62,56.340589397236975,5.659410602763025
2016-03-21,TX_2,TX,HOUSEHOLD_1,736,799.5754121383782,63.57541213837817
2016-03-21,TX_2,TX,HOUSEHOLD_2,169,181.6057087035367,12.605708703536692
2016-03-21,TX_3,TX,FOODS_1,232,235.70410153167737,3.7041015316773667
2016-03-21,TX_3,TX,FOODS_2,487,456.88380851909176,30.116191480908242
2016-03-21,TX_3,TX,FOODS_3,1571,1584.3328443567998,13.332844356799797
2016-03-21,TX_3,TX,HOBBIES_1,284,328.6262094563032,44.62620945630317
2016-03-21,TX_3,TX,HOBBIES_2,45,35.22076584229812,9.779234157701879
2016-03-21,TX_3,TX,HOUSEHOLD_1,767,818.4184481252587,51.41844812525869
2016-03-21,TX_3,TX,HOUSEHOLD_2,164,142.77880662108316,21.221193378916837
2016-03-21,WI_1,WI,FOODS_1,320,268.90174119872177,51.098258801278234
2016-03-21,WI_1,WI,FOODS_2,517,616.4605488326287,99.46054883262866
2016-03-21,WI_1,WI,FOODS_3,1343,1419.8881747317803,76.88817473178028
2016-03-21,WI_1,WI,HOBBIES_1,382,326.48996934211647,55.51003065788353
2016-03-21,WI_1,WI,HOBBIES_2,31,35.24450159231342,4.244501592313419
2016-03-21,WI_1,WI,HOUSEHOLD_1,495,502.7691251104222,7.769125110422181
2016-03-21,WI_1,WI,HOUSEHOLD_2,161,144.36849684048855,16.631503159511453
2016-03-21,WI_2,WI,FOODS_1,351,332.0606417944754,18.939358205524627
2016-03-21,WI_2,WI,FOODS_2,889,1014.0585792187157,125.05857921871575
2016-03-21,WI_2,WI,FOODS_3,2069,2108.230891078028,39.23089107802798
2016-03-21,WI_2,WI,HOBBIES_1,199,204.63985753868167,5.639857538681667
2016-03-21,WI_2,WI,HOBBIES_2,20,29.604541112410306,9.604541112410306
2016-03-21,WI_2,WI,HOUSEHOLD_1,846,1001.7303744966802,155.73037449668016
2016-03-21,WI_2,WI,HOUSEHOLD_2,128,120.99948978710505,7.000510212894952
2016-03-21,WI_3,WI,FOODS_1,164,191.5420402825401,27.542040282540114
2016-03-21,WI_3,WI,FOODS_2,436,505.2328554636178,69.2328554636178
2016-03-21,WI_3,WI,FOODS_3,1634,1832.5648266987525,198.56482669875254
2016-03-21,WI_3,WI,HOBBIES_1,155,188.93985459550498,33.93985459550498
2016-03-21,WI_3,WI,HOBBIES_2,16,36.033835223544486,20.033835223544486
2016-03-21,WI_3,WI,HOUSEHOLD_1,550,495.5944799127072,54.405520087292814
2016-03-21,WI_3,WI,HOUSEHOLD_2,140,127.83343154158665,12.166568458413352
2016-03-22,CA_1,CA,FOODS_1,358,285.34289161003704,72.65710838996296
2016-03-22,CA_1,CA,FOODS_2,476,445.67156564463255,30.32843435536745
2016-03-22,CA_1,CA,FOODS_3,1764,2000.30332807281,236.30332807281002
2016-03-22,CA_1,CA,HOBBIES_1,400,393.3728642042548,6.6271357957451755
2016-03-22,CA_1,CA,HOBBIES_2,40,39.45326052215241,0.5467394778475878
2016-03-22,CA_1,CA,HOUSEHOLD_1,569,674.9214397334134,105.92143973341342
2016-03-22,CA_1,CA,HOUSEHOLD_2,169,171.41641826340575,2.4164182634057454
2016-03-22,CA_2,CA,FOODS_1,538,318.9479913378439,219.05200866215608
2016-03-22,CA_2,CA,FOODS_2,329,316.4915330878073,12.508466912192716
2016-03-22,CA_2,CA,FOODS_3,1647,1278.0355986752493,368.9644013247507
2016-03-22,CA_2,CA,HOBBIES_1,255,267.87971235445417,12.87971235445417
2016-03-22,CA_2,CA,HOBBIES_2,31,29.61478120544694,1.3852187945530616
2016-03-22,CA_2,CA,HOUSEHOLD_1,605,419.1657470014863,185.8342529985137
2016-03-22,CA_2,CA,HOUSEHOLD_2,240,196.09748093384857,43.90251906615143
2016-03-22,CA_3,CA,FOODS_1,435,350.78247299834976,84.21752700165024
2016-03-22,CA_3,CA,FOODS_2,515,537.2568010768595,22.25680107685946
2016-03-22,CA_3,CA,FOODS_3,2811,2627.5875894399896,183.41241056001036
2016-03-22,CA_3,CA,HOBBIES_1,374,471.95373619780213,97.95373619780213
2016-03-22,CA_3,CA,HOBBIES_2,65,56.365228843386475,8.634771156613525
2016-03-22,CA_3,CA,HOUSEHOLD_1,1229,1258.756013703881,29.75601370388108
2016-03-22,CA_3,CA,HOUSEHOLD_2,274,300.19844282223744,26.19844282223744
2016-03-22,CA_4,CA,FOODS_1,212,209.25024565606745,2.749754343932551
2016-03-22,CA_4,CA,FOODS_2,343,320.0335224418852,22.966477558114775
2016-03-22,CA_4,CA,FOODS_3,1047,965.1335892018183,81.86641079818173
2016-03-22,CA_4,CA,HOBBIES_1,378,312.24754012734854,65.75245987265146
2016-03-22,CA_4,CA,HOBBIES_2,15,16.56486916080157,1.564869160801571
2016-03-22,CA_4,CA,HOUSEHOLD_1,344,328.23994419244474,15.760055807555261
2016-03-22,CA_4,CA,HOUSEHOLD_2,118,119.19347924143096,1.193479241430964
2016-03-22,TX_1,TX,FOODS_1,243,176.5818715891529,66.41812841084709
2016-03-22,TX_1,TX,FOODS_2,307,291.4526290911921,15.54737090880792
2016-03-22,TX_1,TX,FOODS_3,1201,1268.4821068117233,67.48210681172327
2016-03-22,TX_1,TX,HOBBIES_1,196,216.6959419497624,20.695941949762414
2016-03-22,TX_1,TX,HOBBIES_2,24,23.971674203185113,0.028325796814886672
2016-03-22,TX_1,TX,HOUSEHOLD_1,640,683.2688997631587,43.26889976315874
2016-03-22,TX_1,TX,HOUSEHOLD_2,206,180.7527513405204,25.247248659479595
2016-03-22,TX_2,TX,FOODS_1,267,222.1731053874807,44.82689461251931
2016-03-22,TX_2,TX,FOODS_2,364,382.98013913152624,18.980139131526244
2016-03-22,TX_2,TX,FOODS_3,1759,1644.036780118425,114.96321988157501
2016-03-22,TX_2,TX,HOBBIES_1,291,264.4303392874947,26.56966071250531
2016-03-22,TX_2,TX,HOBBIES_2,70,55.998365055234,14.001634944766003
2016-03-22,TX_2,TX,HOUSEHOLD_1,715,739.7487244332381,24.748724433238067
2016-03-22,TX_2,TX,HOUSEHOLD_2,198,176.55382107294554,21.44617892705446
2016-03-22,TX_3,TX,FOODS_1,236,231.0170776158084,4.982922384191596
2016-03-22,TX_3,TX,FOODS_2,431,414.42836348373675,16.571636516263254
2016-03-22,TX_3,TX,FOODS_3,1593,1372.126125990267,220.87387400973307
2016-03-22,TX_3,TX,HOBBIES_1,263,293.3154071471826,30.31540714718261
2016-03-22,TX_3,TX,HOBBIES_2,43,36.99699414799436,6.003005852005643
2016-03-22,TX_3,TX,HOUSEHOLD_1,619,704.6029806735817,85.60298067358167
2016-03-22,TX_3,TX,HOUSEHOLD_2,160,139.96553748264319,20.034462517356815
2016-03-22,WI_1,WI,FOODS_1,341,290.8652970548335,50.13470294516651
2016-03-22,WI_1,WI,FOODS_2,451,511.602273095696,60.60227309569598
2016-03-22,WI_1,WI,FOODS_3,1405,1359.5674046994632,45.43259530053683
2016-03-22,WI_1,WI,HOBBIES_1,278,320.5169983032709,42.516998303270896
2016-03-22,WI_1,WI,HOBBIES_2,24,30.454179110033625,6.454179110033625
2016-03-22,WI_1,WI,HOUSEHOLD_1,403,459.98871413155075,56.98871413155075
2016-03-22,WI_1,WI,HOUSEHOLD_2,131,139.433637550093,8.43363755009301
2016-03-22,WI_2,WI,FOODS_1,349,318.0692994028186,30.930700597181385
2016-03-22,WI_2,WI,FOODS_2,839,821.301142232692,17.698857767308027
2016-03-22,WI_2,WI,FOODS_3,1796,1839.7444130450067,43.744413045006695
2016-03-22,WI_2,WI,HOBBIES_1,203,205.5567179833937,2.556717983393696
2016-03-22,WI_2,WI,HOBBIES_2,19,30.742123434000824,11.742123434000824
2016-03-22,WI_2,WI,HOUSEHOLD_1,736,846.3996452352475,110.39964523524748
2016-03-22,WI_2,WI,HOUSEHOLD_2,126,118.54604369057768,7.453956309422324
2016-03-22,WI_3,WI,FOODS_1,198,189.091707678247,8.90829232175301
2016-03-22,WI_3,WI,FOODS_2,458,427.5950430706088,30.404956929391176
2016-03-22,WI_3,WI,FOODS_3,1529,1529.8128868070269,0.8128868070268709
2016-03-22,WI_3,WI,HOBBIES_1,151,188.10535105670237,37.105351056702375
2016-03-22,WI_3,WI,HOBBIES_2,20,33.90105950834752,13.901059508347522
2016-03-22,WI_3,WI,HOUSEHOLD_1,481,473.64190744227017,7.358092557729833
2016-03-22,WI_3,WI,HOUSEHOLD_2,130,121.86264119392395,8.137358806076051
2016-03-23,CA_1,CA,FOODS_1,348,301.47334155228464,46.52665844771536
2016-03-23,CA_1,CA,FOODS_2,379,431.09986937418756,52.09986937418756
2016-03-23,CA_1,CA,FOODS_3,1827,1693.9980921668512,133.00190783314883
2016-03-23,CA_1,CA,HOBBIES_1,413,406.2275343739777,6.772465626022324
2016-03-23,CA_1,CA,HOBBIES_2,41,42.734249924181285,1.7342499241812845
2016-03-23,CA_1,CA,HOUSEHOLD_1,578,593.341063317158,15.341063317158046
2016-03-23,CA_1,CA,HOUSEHOLD_2,184,172.0754675079266,11.92453249207341
2016-03-23,CA_2,CA,FOODS_1,321,326.8515864049869,5.851586404986904
2016-03-23,CA_2,CA,FOODS_2,427,296.501687961657,130.498312038343
2016-03-23,CA_2,CA,FOODS_3,1429,1290.1389871063368,138.8610128936632
2016-03-23,CA_2,CA,HOBBIES_1,336,255.9422674822881,80.05773251771191
2016-03-23,CA_2,CA,HOBBIES_2,51,30.09869922282012,20.90130077717988
2016-03-23,CA_2,CA,HOUSEHOLD_1,521,479.085992959972,41.914007040028025
2016-03-23,CA_2,CA,HOUSEHOLD_2,237,207.27823676866984,29.721763231330158
2016-03-23,CA_3,CA,FOODS_1,469,378.48878282368685,90.51121717631315
2016-03-23,CA_3,CA,FOODS_2,628,513.4470849587907,114.5529150412093
2016-03-23,CA_3,CA,FOODS_3,2569,2558.90073865856,10.09926134144007
2016-03-23,CA_3,CA,HOBBIES_1,489,470.14056989749486,18.859430102505144
2016-03-23,CA_3,CA,HOBBIES_2,51,55.84433140569363,4.84433140569363
2016-03-23,CA_3,CA,HOUSEHOLD_1,1177,1202.7678537387674,25.76785373876737
2016-03-23,CA_3,CA,HOUSEHOLD_2,268,290.03901816096794,22.03901816096794
2016-03-23,CA_4,CA,FOODS_1,295,222.98229197754503,72.01770802245497
2016-03-23,CA_4,CA,FOODS_2,312,304.9882863245927,7.011713675407293
2016-03-23,CA_4,CA,FOODS_3,991,939.6145482527361,51.385451747263915
2016-03-23,CA_4,CA,HOBBIES_1,269,305.37097510735964,36.37097510735964
2016-03-23,CA_4,CA,HOBBIES_2,14,17.466773330199494,3.4667733301994943
2016-03-23,CA_4,CA,HOUSEHOLD_1,371,336.3166642337026,34.683335766297375
2016-03-23,CA_4,CA,HOUSEHOLD_2,146,123.88901446837207,22.110985531627932
2016-03-23,TX_1,TX,FOODS_1,194,178.0783408064453,15.921659193554689
2016-03-23,TX_1,TX,FOODS_2,304,286.69714611872774,17.302853881272256
2016-03-23,TX_1,TX,FOODS_3,1229,1222.8339341671342,6.166065832865797
2016-03-23,TX_1,TX,HOBBIES_1,194,205.38642874824671,11.386428748246715
2016-03-23,TX_1,TX,HOBBIES_2,22,24.149229243473677,2.149229243473677
2016-03-23,TX_1,TX,HOUSEHOLD_1,760,666.9964363753149,93.00356362468506
2016-03-23,TX_1,TX,HOUSEHOLD_2,151,178.82803864554552,27.82803864554552
2016-03-23,TX_2,TX,FOODS_1,348,235.28506507578913,112.71493492421087
2016-03-23,TX_2,TX,FOODS_2,281,365.0354908566966,84.03549085669658
2016-03-23,TX_2,TX,FOODS_3,1841,1654.9544812563704,186.0455187436296
2016-03-23,TX_2,TX,HOBBIES_1,366,284.81018335228146,81.18981664771854
2016-03-23,TX_2,TX,HOBBIES_2,86,61.07763910613669,24.922360893863313
2016-03-23,TX_2,TX,HOUSEHOLD_1,788,724.0438599215238,63.95614007847621
2016-03-23,TX_2,TX,HOUSEHOLD_2,190,178.9819284274505,11.018071572549502
2016-03-23,TX_3,TX,FOODS_1,316,240.01446684063026,75.98553315936974
2016-03-23,TX_3,TX,FOODS_2,440,388.9525085944198,51.04749140558022
2016-03-23,TX_3,TX,FOODS_3,1485,1348.303241533794,136.6967584662059
2016-03-23,TX_3,TX,HOBBIES_1,385,298.26373100723714,86.73626899276286
2016-03-23,TX_3,TX,HOBBIES_2,54,45.566591335005484,8.433408664994516
2016-03-23,TX_3,TX,HOUSEHOLD_1,701,740.367950127906,39.367950127906056
2016-03-23,TX_3,TX,HOUSEHOLD_2,206,146.3926783132107,59.607321686789305
2016-03-23,WI_1,WI,FOODS_1,282,270.40570568263473,11.594294317365268
2016-03-23,WI_1,WI,FOODS_2,466,499.17308057539145,33.17308057539145
2016-03-23,WI_1,WI,FOODS_3,1317,1357.4963637014162,40.49636370141616
2016-03-23,WI_1,WI,HOBBIES_1,204,308.9144056431214,104.91440564312143
2016-03-23,WI_1,WI,HOBBIES_2,19,30.304071262885014,11.304071262885014
2016-03-23,WI_1,WI,HOUSEHOLD_1,345,462.92968085114467,117.92968085114467
2016-03-23,WI_1,WI,HOUSEHOLD_2,118,139.15889992440165,21.158899924401652
2016-03-23,WI_2,WI,FOODS_1,369,321.8711252384768,47.12887476152321
2016-03-23,WI_2,WI,FOODS_2,833,826.5277418928614,6.4722581071386
2016-03-23,WI_2,WI,FOODS_3,1664,1713.4372163322437,49.43721633224368
2016-03-23,WI_2,WI,HOBBIES_1,197,198.731162264248,1.7311622642480131
2016-03-23,WI_2,WI,HOBBIES_2,32,25.855569844919017,6.144430155080983
2016-03-23,WI_2,WI,HOUSEHOLD_1,735,904.8188809730569,169.81888097305693
2016-03-23,WI_2,WI,HOUSEHOLD_2,96,117.61387046665178,21.613870466651775
2016-03-23,WI_3,WI,FOODS_1,153,181.79145865602692,28.79145865602692
2016-03-23,WI_3,WI,FOODS_2,377,422.7023709438161,45.702370943816106
2016-03-23,WI_3,WI,FOODS_3,1368,1505.2584944967273,137.25849449672728
2016-03-23,WI_3,WI,HOBBIES_1,180,187.27113094212334,7.271130942123335
2016-03-23,WI_3,WI,HOBBIES_2,19,29.93047610027643,10.93047610027643
2016-03-23,WI_3,WI,HOUSEHOLD_1,410,492.9108921301251,82.91089213012509
2016-03-23,WI_3,WI,HOUSEHOLD_2,120,126.22689792721009,6.226897927210089
2016-03-24,CA_1,CA,FOODS_1,335,302.33347585241506,32.66652414758494
2016-03-24,CA_1,CA,FOODS_2,418,386.80827806113564,31.19172193886436
2016-03-24,CA_1,CA,FOODS_3,1928,1758.156403922401,169.84359607759893
2016-03-24,CA_1,CA,HOBBIES_1,445,403.4916402110667,41.50835978893332
2016-03-24,CA_1,CA,HOBBIES_2,29,42.850959296527456,13.850959296527456
2016-03-24,CA_1,CA,HOUSEHOLD_1,635,621.7057746960841,13.294225303915937
2016-03-24,CA_1,CA,HOUSEHOLD_2,180,170.98316105104513,9.01683894895487
2016-03-24,CA_2,CA,FOODS_1,457,333.435008356437,123.56499164356302
2016-03-24,CA_2,CA,FOODS_2,328,296.3872022362811,31.612797763718902
2016-03-24,CA_2,CA,FOODS_3,1476,1367.6158383073496,108.38416169265042
2016-03-24,CA_2,CA,HOBBIES_1,268,252.99381256991043,15.006187430089568
2016-03-24,CA_2,CA,HOBBIES_2,32,29.485257922186314,2.514742077813686
2016-03-24,CA_2,CA,HOUSEHOLD_1,552,510.3143362154057,41.68566378459428
2016-03-24,CA_2,CA,HOUSEHOLD_2,216,202.80751550380756,13.192484496192435
2016-03-24,CA_3,CA,FOODS_1,347,386.2999881858883,39.29998818588831
2016-03-24,CA_3,CA,FOODS_2,474,531.7504981616671,57.75049816166711
2016-03-24,CA_3,CA,FOODS_3,2559,2535.821030911227,23.1789690887731
2016-03-24,CA_3,CA,HOBBIES_1,516,463.6171422663832,52.38285773361679
2016-03-24,CA_3,CA,HOBBIES_2,60,54.17612515980014,5.8238748401998635
2016-03-24,CA_3,CA,HOUSEHOLD_1,1191,1221.705179873774,30.705179873773886
2016-03-24,CA_3,CA,HOUSEHOLD_2,262,289.82475834276863,27.824758342768632
2016-03-24,CA_4,CA,FOODS_1,327,233.1769177237913,93.82308227620871
2016-03-24,CA_4,CA,FOODS_2,308,299.98681198466824,8.013188015331764
2016-03-24,CA_4,CA,FOODS_3,1069,997.6930820847915,71.30691791520849
2016-03-24,CA_4,CA,HOBBIES_1,285,303.1685558580829,18.168555858082925
2016-03-24,CA_4,CA,HOBBIES_2,14,17.40055793390023,3.400557933900231
2016-03-24,CA_4,CA,HOUSEHOLD_1,387,357.2713214849631,29.728678515036904
2016-03-24,CA_4,CA,HOUSEHOLD_2,130,124.1778125128255,5.822187487174503
2016-03-24,TX_1,TX,FOODS_1,195,181.06752701676905,13.932472983230952
2016-03-24,TX_1,TX,FOODS_2,257,283.22568559569146,26.22568559569146
2016-03-24,TX_1,TX,FOODS_3,1174,1235.324836521015,61.32483652101496
2016-03-24,TX_1,TX,HOBBIES_1,171,205.42070696122832,34.42070696122832
2016-03-24,TX_1,TX,HOBBIES_2,19,23.72345668924047,4.7234566892404715
2016-03-24,TX_1,TX,HOUSEHOLD_1,643,663.3404629684227,20.340462968422685
2016-03-24,TX_1,TX,HOUSEHOLD_2,178,179.02458746399577,1.024587463995772
2016-03-24,TX_2,TX,FOODS_1,270,242.1822808777028,27.817719122297206
2016-03-24,TX_2,TX,FOODS_2,372,352.7883630177086,19.211636982291395
2016-03-24,TX_2,TX,FOODS_3,1581,1670.8559904981166,89.85599049811663
2016-03-24,TX_2,TX,HOBBIES_1,277,285.8910324147217,8.891032414721678
2016-03-24,TX_2,TX,HOBBIES_2,58,69.49368861840755,11.493688618407546
2016-03-24,TX_2,TX,HOUSEHOLD_1,630,751.4243782868226,121.42437828682262
2016-03-24,TX_2,TX,HOUSEHOLD_2,172,172.59958811097812,0.599588110978118
2016-03-24,TX_3,TX,FOODS_1,328,244.66017989026187,83.33982010973813
2016-03-24,TX_3,TX,FOODS_2,396,386.02968828509853,9.97031171490147
2016-03-24,TX_3,TX,FOODS_3,1432,1375.306662754662,56.69333724533794
2016-03-24,TX_3,TX,HOBBIES_1,340,293.83437550535467,46.16562449464533
2016-03-24,TX_3,TX,HOBBIES_2,48,41.82937344570685,6.17062655429315
2016-03-24,TX_3,TX,HOUSEHOLD_1,617,676.5918394646314,59.59183946463145
2016-03-24,TX_3,TX,HOUSEHOLD_2,147,151.4583612840005,4.458361284000489
2016-03-24,WI_1,WI,FOODS_1,277,286.17813007179643,9.178130071796431
2016-03-24,WI_1,WI,FOODS_2,494,497.34894114399765,3.3489411439976493
2016-03-24,WI_1,WI,FOODS_3,1213,1367.7325559178444,154.73255591784437
2016-03-24,WI_1,WI,HOBBIES_1,234,314.0004909774738,80.00049097747382
2016-03-24,WI_1,WI,HOBBIES_2,26,26.00477935249137,0.004779352491368627
2016-03-24,WI_1,WI,HOUSEHOLD_1,349,446.39838158212393,97.39838158212393
2016-03-24,WI_1,WI,HOUSEHOLD_2,125,139.5800156345224,14.580015634522397
2016-03-24,WI_2,WI,FOODS_1,314,326.4765628653781,12.476562865378128
2016-03-24,WI_2,WI,FOODS_2,784,861.8461550439939,77.84615504399392
2016-03-24,WI_2,WI,FOODS_3,1666,1723.4770846543986,57.477084654398595
2016-03-24,WI_2,WI,HOBBIES_1,216,200.6321216445042,15.367878355495804
2016-03-24,WI_2,WI,HOBBIES_2,29,28.187538330543404,0.8124616694565958
2016-03-24,WI_2,WI,HOUSEHOLD_1,737,895.9235419701737,158.9235419701737
2016-03-24,WI_2,WI,HOUSEHOLD_2,88,115.96529301332542,27.96529301332542
2016-03-24,WI_3,WI,FOODS_1,193,177.4624294910444,15.53757050895561
2016-03-24,WI_3,WI,FOODS_2,461,393.48448916200795,67.51551083799205
2016-03-24,WI_3,WI,FOODS_3,1441,1472.965342309504,31.965342309503967
2016-03-24,WI_3,WI,HOBBIES_1,258,198.64043441885696,59.359565581143045
2016-03-24,WI_3,WI,HOBBIES_2,27,25.764885067637323,1.235114932362677
2016-03-24,WI_3,WI,HOUSEHOLD_1,440,490.680116326367,50.680116326367
2016-03-24,WI_3,WI,HOUSEHOLD_2,98,120.01459331995076,22.014593319950762
2016-03-25,CA_1,CA,FOODS_1,483,368.18253116430327,114.81746883569673
2016-03-25,CA_1,CA,FOODS_2,549,469.5058587546958,79.4941412453042
2016-03-25,CA_1,CA,FOODS_3,2389,2178.849899347744,210.1501006522558
2016-03-25,CA_1,CA,HOBBIES_1,407,458.099514834884,51.09951483488402
2016-03-25,CA_1,CA,HOBBIES_2,39,43.045144840301994,4.045144840301994
2016-03-25,CA_1,CA,HOUSEHOLD_1,789,702.6807381353381,86.31926186466194
2016-03-25,CA_1,CA,HOUSEHOLD_2,248,216.79153990660873,31.208460093391267
2016-03-25,CA_2,CA,FOODS_1,678,465.40801397971717,212.59198602028283
2016-03-25,CA_2,CA,FOODS_2,420,287.1781663957956,132.82183360420441
2016-03-25,CA_2,CA,FOODS_3,2079,1548.3644771120241,530.6355228879759
2016-03-25,CA_2,CA,HOBBIES_1,477,287.43222848933624,189.56777151066376
2016-03-25,CA_2,CA,HOBBIES_2,51,33.862932737296084,17.137067262703916
2016-03-25,CA_2,CA,HOUSEHOLD_1,774,646.9200006215276,127.0799993784724
2016-03-25,CA_2,CA,HOUSEHOLD_2,317,184.57492425128333,132.42507574871667
2016-03-25,CA_3,CA,FOODS_1,544,445.89963129532623,98.10036870467377
2016-03-25,CA_3,CA,FOODS_2,642,551.3833946374193,90.61660536258069
2016-03-25,CA_3,CA,FOODS_3,3018,2596.8608837638635,421.1391162361365
2016-03-25,CA_3,CA,HOBBIES_1,504,503.3016227000881,0.6983772999118969
2016-03-25,CA_3,CA,HOBBIES_2,46,54.613725588056994,8.613725588056994
2016-03-25,CA_3,CA,HOUSEHOLD_1,1301,1271.3211286779217,29.678871322078294
2016-03-25,CA_3,CA,HOUSEHOLD_2,318,329.1498813718184,11.149881371818424
2016-03-25,CA_4,CA,FOODS_1,280,272.0361544605188,7.963845539481213
2016-03-25,CA_4,CA,FOODS_2,328,305.7851319997204,22.21486800027958
2016-03-25,CA_4,CA,FOODS_3,1209,942.7979916908771,266.2020083091229
2016-03-25,CA_4,CA,HOBBIES_1,309,343.2933187133514,34.293318713351425
2016-03-25,CA_4,CA,HOBBIES_2,16,15.958347261860283,0.04165273813971737
2016-03-25,CA_4,CA,HOUSEHOLD_1,350,406.64147474544507,56.641474745445066
2016-03-25,CA_4,CA,HOUSEHOLD_2,129,129.4868019970977,0.4868019970977002
2016-03-25,TX_1,TX,FOODS_1,272,224.36777620779748,47.632223792202524
2016-03-25,TX_1,TX,FOODS_2,335,277.10947975497527,57.89052024502473
2016-03-25,TX_1,TX,FOODS_3,1664,1287.3731503474626,376.62684965253743
2016-03-25,TX_1,TX,HOBBIES_1,247,240.833901874064,6.166098125936003
2016-03-25,TX_1,TX,HOBBIES_2,23,21.317005850316495,1.6829941496835055
2016-03-25,TX_1,TX,HOUSEHOLD_1,723,726.7003023041651,3.7003023041651204
2016-03-25,TX_1,TX,HOUSEHOLD_2,214,213.76315603524506,0.2368439647549394
2016-03-25,TX_2,TX,FOODS_1,436,333.9552532619592,102.04474673804083
2016-03-25,TX_2,TX,FOODS_2,382,339.062101768128,42.937898231872
2016-03-25,TX_2,TX,FOODS_3,2361,1931.8675779498478,429.1324220501522
2016-03-25,TX_2,TX,HOBBIES_1,322,336.16283256573826,14.162832565738256
2016-03-25,TX_2,TX,HOBBIES_2,54,68.10837441810023,14.108374418100226
2016-03-25,TX_2,TX,HOUSEHOLD_1,807,780.5953940310549,26.404605968945134
2016-03-25,TX_2,TX,HOUSEHOLD_2,238,211.3066272770788,26.693372722921197
2016-03-25,TX_3,TX,FOODS_1,427,316.09753417861174,110.90246582138826
2016-03-25,TX_3,TX,FOODS_2,433,402.3192308932604,30.680769106739604
2016-03-25,TX_3,TX,FOODS_3,2000,1588.012586666181,411.98741333381895
2016-03-25,TX_3,TX,HOBBIES_1,330,351.5306832680373,21.530683268037308
2016-03-25,TX_3,TX,HOBBIES_2,60,47.0429211235865,12.957078876413497
2016-03-25,TX_3,TX,HOUSEHOLD_1,742,736.0731655675005,5.926834432499504
2016-03-25,TX_3,TX,HOUSEHOLD_2,165,172.23414238426847,7.234142384268466
2016-03-25,WI_1,WI,FOODS_1,655,331.2718421968426,323.7281578031574
2016-03-25,WI_1,WI,FOODS_2,798,603.8089013626374,194.19109863736264
2016-03-25,WI_1,WI,FOODS_3,2050,1511.2735058940702,538.7264941059298
2016-03-25,WI_1,WI,HOBBIES_1,599,431.91009980490185,167.08990019509815
2016-03-25,WI_1,WI,HOBBIES_2,36,30.31858100728713,5.681418992712871
2016-03-25,WI_1,WI,HOUSEHOLD_1,727,597.2856546801678,129.7143453198322
2016-03-25,WI_1,WI,HOUSEHOLD_2,229,170.5593527466832,58.4406472533168
2016-03-25,WI_2,WI,FOODS_1,417,404.14404385617075,12.855956143829246
2016-03-25,WI_2,WI,FOODS_2,981,822.9183579470196,158.08164205298044
2016-03-25,WI_2,WI,FOODS_3,2013,1870.4316205848584,142.56837941514164
2016-03-25,WI_2,WI,HOBBIES_1,286,249.98196402540026,36.01803597459974
2016-03-25,WI_2,WI,HOBBIES_2,35,29.892321224209844,5.107678775790156
2016-03-25,WI_2,WI,HOUSEHOLD_1,1322,1068.6437280481152,253.35627195188476
2016-03-25,WI_2,WI,HOUSEHOLD_2,164,134.04804609001923,29.951953909980773
2016-03-25,WI_3,WI,FOODS_1,371,247.0543699621747,123.94563003782531
2016-03-25,WI_3,WI,FOODS_2,511,438.3440061410856,72.65599385891443
2016-03-25,WI_3,WI,FOODS_3,2181,1714.8547224855702,466.14527751442984
2016-03-25,WI_3,WI,HOBBIES_1,325,223.51564796366404,101.48435203633596
2016-03-25,WI_3,WI,HOBBIES_2,64,30.703694554037508,33.29630544596249
2016-03-25,WI_3,WI,HOUSEHOLD_1,720,625.7245108949578,94.2754891050422
2016-03-25,WI_3,WI,HOUSEHOLD_2,198,146.29129342179345,51.708706578206545
2016-03-26,CA_1,CA,FOODS_1,612,484.67761023660626,127.32238976339374
2016-03-26,CA_1,CA,FOODS_2,558,636.9693123259784,78.96931232597842
2016-03-26,CA_1,CA,FOODS_3,3081,2706.978697120544,374.021302879456
2016-03-26,CA_1,CA,HOBBIES_1,557,553.7060746193301,3.2939253806698616
2016-03-26,CA_1,CA,HOBBIES_2,53,54.28411472564156,1.2841147256415582
2016-03-26,CA_1,CA,HOUSEHOLD_1,999,1051.3469836197391,52.34698361973915
2016-03-26,CA_1,CA,HOUSEHOLD_2,279,283.807279629494,4.807279629494019
2016-03-26,CA_2,CA,FOODS_1,685,580.4778154452997,104.52218455470029
2016-03-26,CA_2,CA,FOODS_2,662,459.6451563849878,202.35484361501221
2016-03-26,CA_2,CA,FOODS_3,3120,2045.7595750083399,1074.2404249916601
2016-03-26,CA_2,CA,HOBBIES_1,420,384.5452952148452,35.454704785154775
2016-03-26,CA_2,CA,HOBBIES_2,44,48.347495389075455,4.347495389075455
2016-03-26,CA_2,CA,HOUSEHOLD_1,1073,879.9898176186739,193.0101823813261
2016-03-26,CA_2,CA,HOUSEHOLD_2,425,381.6751552326241,43.32484476737591
2016-03-26,CA_3,CA,FOODS_1,753,579.6259463304747,173.37405366952532
2016-03-26,CA_3,CA,FOODS_2,715,722.8000737185405,7.800073718540489
2016-03-26,CA_3,CA,FOODS_3,3865,3452.2677228498237,412.7322771501763
2016-03-26,CA_3,CA,HOBBIES_1,517,603.2276961195181,86.2276961195181
2016-03-26,CA_3,CA,HOBBIES_2,72,66.62238897109896,5.377611028901043
2016-03-26,CA_3,CA,HOUSEHOLD_1,1681,1626.050279325729,54.94972067427102
2016-03-26,CA_3,CA,HOUSEHOLD_2,375,391.6791353325656,16.67913533256558
2016-03-26,CA_4,CA,FOODS_1,291,295.4887897404913,4.488789740491313
2016-03-26,CA_4,CA,FOODS_2,413,377.6592111861288,35.3407888138712
2016-03-26,CA_4,CA,FOODS_3,1583,1349.2490324543157,233.75096754568426
2016-03-26,CA_4,CA,HOBBIES_1,352,389.50987161771064,37.509871617710644
2016-03-26,CA_4,CA,HOBBIES_2,23,21.360616694798427,1.639383305201573
2016-03-26,CA_4,CA,HOUSEHOLD_1,432,488.8149973670827,56.8149973670827
2016-03-26,CA_4,CA,HOUSEHOLD_2,147,167.02555880142756,20.025558801427565
2016-03-26,TX_1,TX,FOODS_1,338,275.0355051692832,62.964494830716774
2016-03-26,TX_1,TX,FOODS_2,351,385.33731078905186,34.337310789051855
2016-03-26,TX_1,TX,FOODS_3,1867,1819.0058783440668,47.99412165593321
2016-03-26,TX_1,TX,HOBBIES_1,292,268.9880394587813,23.011960541218684
2016-03-26,TX_1,TX,HOBBIES_2,34,27.002322717813858,6.997677282186142
2016-03-26,TX_1,TX,HOUSEHOLD_1,863,924.248114761992,61.24811476199204
2016-03-26,TX_1,TX,HOUSEHOLD_2,278,251.45024343684653,26.549756563153466
2016-03-26,TX_2,TX,FOODS_1,500,354.7683942883212,145.2316057116788
2016-03-26,TX_2,TX,FOODS_2,411,433.4193304487004,22.419330448700407
2016-03-26,TX_2,TX,FOODS_3,2587,2497.590241931994,89.40975806800589
2016-03-26,TX_2,TX,HOBBIES_1,374,363.2355366173921,10.764463382607914
2016-03-26,TX_2,TX,HOBBIES_2,34,67.93027170862243,33.93027170862243
2016-03-26,TX_2,TX,HOUSEHOLD_1,884,974.1562464417175,90.15624644171749
2016-03-26,TX_2,TX,HOUSEHOLD_2,256,252.56395159659695,3.436048403403049
2016-03-26,TX_3,TX,FOODS_1,472,354.7751425312916,117.22485746870842
2016-03-26,TX_3,TX,FOODS_2,424,509.5730513229027,85.5730513229027
2016-03-26,TX_3,TX,FOODS_3,2138,2069.3372621592634,68.66273784073655
2016-03-26,TX_3,TX,HOBBIES_1,398,390.0197232408525,7.9802767591475
2016-03-26,TX_3,TX,HOBBIES_2,52,60.420317763437716,8.420317763437716
2016-03-26,TX_3,TX,HOUSEHOLD_1,815,882.3919367731696,67.39193677316962
2016-03-26,TX_3,TX,HOUSEHOLD_2,227,229.25375462473585,2.2537546247358478
2016-03-26,WI_1,WI,FOODS_1,754,473.60536865792454,280.39463134207546
2016-03-26,WI_1,WI,FOODS_2,890,801.7122599335853,88.2877400664147
2016-03-26,WI_1,WI,FOODS_3,2681,2157.357603230472,523.6423967695282
2016-03-26,WI_1,WI,HOBBIES_1,620,509.14589966465456,110.85410033534544
2016-03-26,WI_1,WI,HOBBIES_2,58,36.333598466005334,21.666401533994666
2016-03-26,WI_1,WI,HOUSEHOLD_1,904,786.9693246233004,117.0306753766996
2016-03-26,WI_1,WI,HOUSEHOLD_2,243,215.8037197963843,27.196280203615686
2016-03-26,WI_2,WI,FOODS_1,472,441.5811821684064,30.41881783159363
2016-03-26,WI_2,WI,FOODS_2,894,818.5957916312017,75.40420836879832
2016-03-26,WI_2,WI,FOODS_3,2455,2361.192170129951,93.80782987004886
2016-03-26,WI_2,WI,HOBBIES_1,250,274.72147998475833,24.721479984758332
2016-03-26,WI_2,WI,HOBBIES_2,42,31.16752434690246,10.83247565309754
2016-03-26,WI_2,WI,HOUSEHOLD_1,1177,1130.7247928494378,46.27520715056221
2016-03-26,WI_2,WI,HOUSEHOLD_2,172,167.99259469147455,4.007405308525449
2016-03-26,WI_3,WI,FOODS_1,408,278.15409499153066,129.84590500846934
2016-03-26,WI_3,WI,FOODS_2,560,547.6266323671957,12.373367632804275
2016-03-26,WI_3,WI,FOODS_3,2595,2349.799371561437,245.20062843856294
2016-03-26,WI_3,WI,HOBBIES_1,257,263.14303786739083,6.143037867390831
2016-03-26,WI_3,WI,HOBBIES_2,27,31.901343105678567,4.901343105678567
2016-03-26,WI_3,WI,HOUSEHOLD_1,836,818.9790932750906,17.020906724909423
2016-03-26,WI_3,WI,HOUSEHOLD_2,186,182.88932546516978,3.110674534830224
2016-03-27,CA_1,CA,FOODS_1,411,470.87948550983566,59.87948550983566
2016-03-27,CA_1,CA,FOODS_2,378,632.1193067273615,254.1193067273615
2016-03-27,CA_1,CA,FOODS_3,2577,2921.33263474812,344.3326347481202
2016-03-27,CA_1,CA,HOBBIES_1,338,495.9737470024177,157.97374700241772
2016-03-27,CA_1,CA,HOBBIES_2,31,53.0708648193155,22.070864819315503
2016-03-27,CA_1,CA,HOUSEHOLD_1,732,1138.4539844388914,406.45398443889144
2016-03-27,CA_1,CA,HOUSEHOLD_2,202,272.4670483462989,70.4670483462989
2016-03-27,CA_2,CA,FOODS_1,528,615.511862397913,87.51186239791298
2016-03-27,CA_2,CA,FOODS_2,726,598.3800812364752,127.61991876352477
2016-03-27,CA_2,CA,FOODS_3,2847,2348.319515271765,498.6804847282351
2016-03-27,CA_2,CA,HOBBIES_1,445,411.897944542416,33.102055457584015
2016-03-27,CA_2,CA,HOBBIES_2,47,52.84279466703123,5.842794667031228
2016-03-27,CA_2,CA,HOUSEHOLD_1,1286,909.1655887571803,376.83441124281967
2016-03-27,CA_2,CA,HOUSEHOLD_2,417,411.9942487276197,5.00575127238028
2016-03-27,CA_3,CA,FOODS_1,527,582.1986974262251,55.19869742622507
2016-03-27,CA_3,CA,FOODS_2,633,766.4403602476995,133.44036024769946
2016-03-27,CA_3,CA,FOODS_3,3746,3772.139168831169,26.139168831169172
2016-03-27,CA_3,CA,HOBBIES_1,628,616.3988232347808,11.60117676521918
2016-03-27,CA_3,CA,HOBBIES_2,46,65.60472888537032,19.60472888537032
2016-03-27,CA_3,CA,HOUSEHOLD_1,1681,1743.6381451671064,62.63814516710636
2016-03-27,CA_3,CA,HOUSEHOLD_2,389,406.30457081406354,17.30457081406354
2016-03-27,CA_4,CA,FOODS_1,281,292.4212940005652,11.421294000565183
2016-03-27,CA_4,CA,FOODS_2,323,415.2439821121004,92.24398211210041
2016-03-27,CA_4,CA,FOODS_3,1219,1380.4584539613888,161.45845396138884
2016-03-27,CA_4,CA,HOBBIES_1,275,360.723111043588,85.723111043588
2016-03-27,CA_4,CA,HOBBIES_2,10,17.770173017446012,7.770173017446012
2016-03-27,CA_4,CA,HOUSEHOLD_1,406,458.55745293738073,52.55745293738073
2016-03-27,CA_4,CA,HOUSEHOLD_2,167,165.05066621895313,1.9493337810468745
2016-03-27,TX_1,TX,FOODS_1,357,269.5116134241925,87.48838657580751
2016-03-27,TX_1,TX,FOODS_2,403,390.7573260559929,12.242673944007095
2016-03-27,TX_1,TX,FOODS_3,2327,1906.3158207412212,420.68417925877884
2016-03-27,TX_1,TX,HOBBIES_1,291,250.5291624622203,40.47083753777969
2016-03-27,TX_1,TX,HOBBIES_2,44,29.541035741334596,14.458964258665404
2016-03-27,TX_1,TX,HOUSEHOLD_1,887,900.525410777683,13.525410777682964
2016-03-27,TX_1,TX,HOUSEHOLD_2,280,249.624196249163,30.375803750837008
2016-03-27,TX_2,TX,FOODS_1,362,363.3676777466907,1.3676777466906742
2016-03-27,TX_2,TX,FOODS_2,402,464.0280224280482,62.02802242804819
2016-03-27,TX_2,TX,FOODS_3,2683,2703.353382855145,20.3533828551449
2016-03-27,TX_2,TX,HOBBIES_1,292,342.23292050403876,50.23292050403876
2016-03-27,TX_2,TX,HOBBIES_2,38,63.94408019300547,25.94408019300547
2016-03-27,TX_2,TX,HOUSEHOLD_1,793,977.6777407288714,184.6777407288714
2016-03-27,TX_2,TX,HOUSEHOLD_2,189,246.25803270209937,57.25803270209937
2016-03-27,TX_3,TX,FOODS_1,413,380.4723141929994,32.52768580700058
2016-03-27,TX_3,TX,FOODS_2,405,514.381054591771,109.38105459177098
2016-03-27,TX_3,TX,FOODS_3,1973,2138.4727319907356,165.4727319907356
2016-03-27,TX_3,TX,HOBBIES_1,419,402.3359389216406,16.664061078359396
2016-03-27,TX_3,TX,HOBBIES_2,23,50.47901221718935,27.47901221718935
2016-03-27,TX_3,TX,HOUSEHOLD_1,596,820.1913257073824,224.19132570738236
2016-03-27,TX_3,TX,HOUSEHOLD_2,159,212.76444070682098,53.76444070682098
2016-03-27,WI_1,WI,FOODS_1,418,421.32572959623064,3.3257295962306443
2016-03-27,WI_1,WI,FOODS_2,560,817.3946892880293,257.3946892880293
2016-03-27,WI_1,WI,FOODS_3,1589,2140.4118192494493,551.4118192494493
2016-03-27,WI_1,WI,HOBBIES_1,312,439.30907013197356,127.30907013197356
2016-03-27,WI_1,WI,HOBBIES_2,22,32.03842168268327,10.038421682683271
2016-03-27,WI_1,WI,HOUSEHOLD_1,510,783.2687083652341,273.26870836523415
2016-03-27,WI_1,WI,HOUSEHOLD_2,139,197.49459801536224,58.49459801536224
2016-03-27,WI_2,WI,FOODS_1,312,412.137375478367,100.137375478367
2016-03-27,WI_2,WI,FOODS_2,699,753.6471799472301,54.64717994723014
2016-03-27,WI_2,WI,FOODS_3,2130,2101.5617095796915,28.438290420308476
2016-03-27,WI_2,WI,HOBBIES_1,188,243.2812157213243,55.28121572132429
2016-03-27,WI_2,WI,HOBBIES_2,13,28.29210249810694,15.292102498106939
2016-03-27,WI_2,WI,HOUSEHOLD_1,695,1052.3793527019561,357.3793527019561
2016-03-27,WI_2,WI,HOUSEHOLD_2,90,152.69238197193897,62.69238197193897
2016-03-27,WI_3,WI,FOODS_1,347,264.88326621485254,82.11673378514746
2016-03-27,WI_3,WI,FOODS_2,437,549.1429368114652,112.14293681146523
2016-03-27,WI_3,WI,FOODS_3,2223,2364.822616484344,141.82261648434405
2016-03-27,WI_3,WI,HOBBIES_1,162,217.53688579009983,55.53688579009983
2016-03-27,WI_3,WI,HOBBIES_2,19,29.754669530589496,10.754669530589496
2016-03-27,WI_3,WI,HOUSEHOLD_1,667,724.5368909496253,57.53689094962533
2016-03-27,WI_3,WI,HOUSEHOLD_2,196,185.14619345052438,10.853806549475621
2016-03-28,CA_1,CA,FOODS_1,233,356.6915048886887,123.69150488868871
2016-03-28,CA_1,CA,FOODS_2,424,427.3729570152764,3.3729570152764268
2016-03-28,CA_1,CA,FOODS_3,1823,1986.5221731259587,163.52217312595872
2016-03-28,CA_1,CA,HOBBIES_1,510,397.056791617469,112.943208382531
2016-03-28,CA_1,CA,HOBBIES_2,25,33.25092198416512,8.250921984165117
2016-03-28,CA_1,CA,HOUSEHOLD_1,717,653.80681512843,63.19318487157
2016-03-28,CA_1,CA,HOUSEHOLD_2,173,178.80819279309785,5.808192793097845
2016-03-28,CA_2,CA,FOODS_1,382,438.972370563254,56.972370563254
2016-03-28,CA_2,CA,FOODS_2,426,437.6253044277476,11.625304427747608
2016-03-28,CA_2,CA,FOODS_3,1568,1816.802805229174,248.80280522917406
2016-03-28,CA_2,CA,HOBBIES_1,335,319.5063818888507,15.493618111149317
2016-03-28,CA_2,CA,HOBBIES_2,31,35.28188328679055,4.281883286790553
2016-03-28,CA_2,CA,HOUSEHOLD_1,668,727.3581946562173,59.35819465621728
2016-03-28,CA_2,CA,HOUSEHOLD_2,235,267.8251616590523,32.8251616590523
2016-03-28,CA_3,CA,FOODS_1,253,417.3328382319715,164.3328382319715
2016-03-28,CA_3,CA,FOODS_2,649,568.3686562520345,80.6313437479655
2016-03-28,CA_3,CA,FOODS_3,2433,2983.5988159023054,550.5988159023054
2016-03-28,CA_3,CA,HOBBIES_1,468,449.2118945584706,18.78810544152941
2016-03-28,CA_3,CA,HOBBIES_2,60,55.45516168353724,4.544838316462759
2016-03-28,CA_3,CA,HOUSEHOLD_1,1315,1343.354825984611,28.354825984610898
2016-03-28,CA_3,CA,HOUSEHOLD_2,309,304.58743338552824,4.412566614471757
2016-03-28,CA_4,CA,FOODS_1,180,238.18434761081616,58.18434761081616
2016-03-28,CA_4,CA,FOODS_2,386,320.5493970601863,65.45060293981368
2016-03-28,CA_4,CA,FOODS_3,1064,1121.9248593508314,57.92485935083141
2016-03-28,CA_4,CA,HOBBIES_1,317,303.9955623740453,13.004437625954722
2016-03-28,CA_4,CA,HOBBIES_2,8,14.334973689042881,6.334973689042881
2016-03-28,CA_4,CA,HOUSEHOLD_1,375,353.908961284754,21.091038715245986
2016-03-28,CA_4,CA,HOUSEHOLD_2,115,121.82897283096298,6.828972830962982
2016-03-28,TX_1,TX,FOODS_1,156,238.63822864015077,82.63822864015077
2016-03-28,TX_1,TX,FOODS_2,320,312.0825399377382,7.917460062261796
2016-03-28,TX_1,TX,FOODS_3,1330,1413.2435857458734,83.24358574587336
2016-03-28,TX_1,TX,HOBBIES_1,209,205.7027853109603,3.2972146890396914
2016-03-28,TX_1,TX,HOBBIES_2,23,24.61646572711202,1.6164657271120184
2016-03-28,TX_1,TX,HOUSEHOLD_1,809,702.7129929886763,106.28700701132368
2016-03-28,TX_1,TX,HOUSEHOLD_2,179,194.47986645074582,15.479866450745817
2016-03-28,TX_2,TX,FOODS_1,183,292.7954784999975,109.7954784999975
2016-03-28,TX_2,TX,FOODS_2,433,372.60799657833553,60.39200342166447
2016-03-28,TX_2,TX,FOODS_3,1787,1889.6026018184757,102.6026018184757
2016-03-28,TX_2,TX,HOBBIES_1,360,298.9049881270522,61.095011872947794
2016-03-28,TX_2,TX,HOBBIES_2,21,44.779920345993666,23.779920345993666
2016-03-28,TX_2,TX,HOUSEHOLD_1,771,711.6267935763135,59.3732064236865
2016-03-28,TX_2,TX,HOUSEHOLD_2,185,184.09469039042153,0.9053096095784667
2016-03-28,TX_3,TX,FOODS_1,296,316.4688492839343,20.468849283934276
2016-03-28,TX_3,TX,FOODS_2,416,380.30287574897864,35.697124251021364
2016-03-28,TX_3,TX,FOODS_3,1664,1610.583784929966,53.41621507003401
2016-03-28,TX_3,TX,HOBBIES_1,255,300.19268822517864,45.19268822517864
2016-03-28,TX_3,TX,HOBBIES_2,52,46.39966833454081,5.600331665459187
2016-03-28,TX_3,TX,HOUSEHOLD_1,686,683.3141351289269,2.685864871073136
2016-03-28,TX_3,TX,HOUSEHOLD_2,168,160.93610267245347,7.0638973275465275
2016-03-28,WI_1,WI,FOODS_1,201,357.6908354978932,156.6908354978932
2016-03-28,WI_1,WI,FOODS_2,553,557.1336452733682,4.133645273368188
2016-03-28,WI_1,WI,FOODS_3,1246,1387.187649536135,141.18764953613504
2016-03-28,WI_1,WI,HOBBIES_1,293,321.69094242736634,28.690942427366338
2016-03-28,WI_1,WI,HOBBIES_2,33,30.454866890066693,2.5451331099333068
2016-03-28,WI_1,WI,HOUSEHOLD_1,541,453.0549725017409,87.9450274982591
2016-03-28,WI_1,WI,HOUSEHOLD_2,172,143.85699262452644,28.14300737547356
2016-03-28,WI_2,WI,FOODS_1,241,310.0853172993282,69.08531729932821
2016-03-28,WI_2,WI,FOODS_2,705,510.5633693588147,194.43663064118527
2016-03-28,WI_2,WI,FOODS_3,1907,1505.0453033046197,401.95469669538033
2016-03-28,WI_2,WI,HOBBIES_1,311,215.63783447204437,95.36216552795563
2016-03-28,WI_2,WI,HOBBIES_2,32,29.550004586346468,2.4499954136535322
2016-03-28,WI_2,WI,HOUSEHOLD_1,952,804.241730423521,147.75826957647905
2016-03-28,WI_2,WI,HOUSEHOLD_2,106,105.74961974107231,0.25038025892769156
2016-03-28,WI_3,WI,FOODS_1,136,228.597085355863,92.59708535586299
2016-03-28,WI_3,WI,FOODS_2,386,406.40005406811207,20.40005406811207
2016-03-28,WI_3,WI,FOODS_3,1504,1639.3254152153647,135.32541521536473
2016-03-28,WI_3,WI,HOBBIES_1,173,194.50991843442213,21.509918434422133
2016-03-28,WI_3,WI,HOBBIES_2,39,31.63790773185195,7.36209226814805
2016-03-28,WI_3,WI,HOUSEHOLD_1,566,551.9606512107176,14.039348789282371
2016-03-28,WI_3,WI,HOUSEHOLD_2,159,139.1207468317626,19.879253168237398
2016-03-29,CA_1,CA,FOODS_1,185,302.61121475893816,117.61121475893816
2016-03-29,CA_1,CA,FOODS_2,413,390.40623093307937,22.59376906692063
2016-03-29,CA_1,CA,FOODS_3,1883,1736.165951946022,146.834048053978
2016-03-29,CA_1,CA,HOBBIES_1,460,408.70369056537265,51.29630943462735
2016-03-29,CA_1,CA,HOBBIES_2,38,33.11021996801172,4.8897800319882805
2016-03-29,CA_1,CA,HOUSEHOLD_1,630,643.0543667656789,13.054366765678878
2016-03-29,CA_1,CA,HOUSEHOLD_2,179,170.2439092956856,8.756090704314403
2016-03-29,CA_2,CA,FOODS_1,326,392.2214244821717,66.2214244821717
2016-03-29,CA_2,CA,FOODS_2,440,432.86494864920513,7.135051350794868
2016-03-29,CA_2,CA,FOODS_3,1667,1582.887442207369,84.11255779263092
2016-03-29,CA_2,CA,HOBBIES_1,448,350.78605022663817,97.21394977336183
2016-03-29,CA_2,CA,HOBBIES_2,42,39.01081929260453,2.9891807073954695
2016-03-29,CA_2,CA,HOUSEHOLD_1,634,653.644229785113,19.644229785112998
2016-03-29,CA_2,CA,HOUSEHOLD_2,238,252.95262592341697,14.952625923416974
2016-03-29,CA_3,CA,FOODS_1,303,363.75410047590356,60.754100475903556
2016-03-29,CA_3,CA,FOODS_2,579,559.9940134849254,19.005986515074596
2016-03-29,CA_3,CA,FOODS_3,2611,2729.0758705183703,118.07587051837027
2016-03-29,CA_3,CA,HOBBIES_1,428,450.49023588595935,22.49023588595935
2016-03-29,CA_3,CA,HOBBIES_2,44,44.75706661443746,0.7570666144374627
2016-03-29,CA_3,CA,HOUSEHOLD_1,1217,1233.3287509820998,16.32875098209979
2016-03-29,CA_3,CA,HOUSEHOLD_2,311,283.693128300026,27.30687169997401
2016-03-29,CA_4,CA,FOODS_1,129,226.0843287380003,97.0843287380003
2016-03-29,CA_4,CA,FOODS_2,359,321.36939900501636,37.63060099498364
2016-03-29,CA_4,CA,FOODS_3,950,997.9415490798809,47.94154907988093
2016-03-29,CA_4,CA,HOBBIES_1,348,278.8051968704012,69.19480312959882
2016-03-29,CA_4,CA,HOBBIES_2,13,15.59195898563763,2.59195898563763
2016-03-29,CA_4,CA,HOUSEHOLD_1,288,343.99263226351604,55.99263226351604
2016-03-29,CA_4,CA,HOUSEHOLD_2,156,124.62231072834143,31.377689271658568
2016-03-29,TX_1,TX,FOODS_1,145,220.35334168688667,75.35334168688667
2016-03-29,TX_1,TX,FOODS_2,255,291.28891915293036,36.28891915293036
2016-03-29,TX_1,TX,FOODS_3,1156,1341.5320493379086,185.53204933790857
2016-03-29,TX_1,TX,HOBBIES_1,221,206.58273337890984,14.417266621090164
2016-03-29,TX_1,TX,HOBBIES_2,20,24.770997436766606,4.770997436766606
2016-03-29,TX_1,TX,HOUSEHOLD_1,542,677.9529103389307,135.95291033893068
2016-03-29,TX_1,TX,HOUSEHOLD_2,160,178.94477859000327,18.944778590003267
2016-03-29,TX_2,TX,FOODS_1,170,249.02438232662954,79.02438232662954
2016-03-29,TX_2,TX,FOODS_2,329,358.04840643850525,29.048406438505253
2016-03-29,TX_2,TX,FOODS_3,1335,1677.8409169355393,342.8409169355393
2016-03-29,TX_2,TX,HOBBIES_1,243,304.30178767431613,61.30178767431613
2016-03-29,TX_2,TX,HOBBIES_2,27,48.699569603663555,21.699569603663555
2016-03-29,TX_2,TX,HOUSEHOLD_1,648,696.895994601204,48.89599460120405
2016-03-29,TX_2,TX,HOUSEHOLD_2,147,171.40717508597317,24.407175085973165
2016-03-29,TX_3,TX,FOODS_1,227,313.9805503501474,86.98055035014738
2016-03-29,TX_3,TX,FOODS_2,386,382.4041069205331,3.5958930794669186
2016-03-29,TX_3,TX,FOODS_3,1208,1451.0301034544207,243.03010345442067
2016-03-29,TX_3,TX,HOBBIES_1,265,294.24793032024,29.247930320240016
2016-03-29,TX_3,TX,HOBBIES_2,53,47.35306459862941,5.646935401370591
2016-03-29,TX_3,TX,HOUSEHOLD_1,638,676.8493991451719,38.8493991451719
2016-03-29,TX_3,TX,HOUSEHOLD_2,147,152.38819732623008,5.388197326230085
2016-03-29,WI_1,WI,FOODS_1,191,271.1130598420896,80.11305984208963
2016-03-29,WI_1,WI,FOODS_2,484,481.2475977537824,2.7524022462176276
2016-03-29,WI_1,WI,FOODS_3,1217,1311.0639870006667,94.06398700066666
2016-03-29,WI_1,WI,HOBBIES_1,282,305.35316973379076,23.353169733790764
2016-03-29,WI_1,WI,HOBBIES_2,28,30.54417268188731,2.5441726818873107
2016-03-29,WI_1,WI,HOUSEHOLD_1,445,457.38997574419375,12.389975744193748
2016-03-29,WI_1,WI,HOUSEHOLD_2,133,141.41574390677667,8.415743906776669
2016-03-29,WI_2,WI,FOODS_1,295,295.67237033166873,0.6723703316687306
2016-03-29,WI_2,WI,FOODS_2,745,382.6888414637469,362.3111585362531
2016-03-29,WI_2,WI,FOODS_3,1725,1504.252642765823,220.7473572341769
2016-03-29,WI_2,WI,HOBBIES_1,230,212.59638317001293,17.403616829987072
2016-03-29,WI_2,WI,HOBBIES_2,35,30.786080836973095,4.213919163026905
2016-03-29,WI_2,WI,HOUSEHOLD_1,872,992.3043136855794,120.30431368557936
2016-03-29,WI_2,WI,HOUSEHOLD_2,139,108.68672392206625,30.31327607793375
2016-03-29,WI_3,WI,FOODS_1,291,236.0115206940155,54.9884793059845
2016-03-29,WI_3,WI,FOODS_2,440,375.65682489846006,64.34317510153994
2016-03-29,WI_3,WI,FOODS_3,1747,1498.3863542828167,248.61364571718332
2016-03-29,WI_3,WI,HOBBIES_1,198,196.1086477410199,1.8913522589801062
2016-03-29,WI_3,WI,HOBBIES_2,23,30.66643645233156,7.66643645233156
2016-03-29,WI_3,WI,HOUSEHOLD_1,543,538.5821745023605,4.4178254976394555
2016-03-29,WI_3,WI,HOUSEHOLD_2,153,137.4790302879213,15.52096971207871
2016-03-30,CA_1,CA,FOODS_1,215,301.4731564965028,86.47315649650278
2016-03-30,CA_1,CA,FOODS_2,328,381.96073613006547,53.96073613006547
2016-03-30,CA_1,CA,FOODS_3,1592,1783.0644050603264,191.0644050603264
2016-03-30,CA_1,CA,HOBBIES_1,421,405.50285715589547,15.49714284410453
2016-03-30,CA_1,CA,HOBBIES_2,44,33.988324085261446,10.011675914738554
2016-03-30,CA_1,CA,HOUSEHOLD_1,562,601.1365969901412,39.13659699014124
2016-03-30,CA_1,CA,HOUSEHOLD_2,177,171.80117378967742,5.198826210322579
2016-03-30,CA_2,CA,FOODS_1,274,384.2241420805375,110.22414208053749
2016-03-30,CA_2,CA,FOODS_2,415,411.77410467968446,3.2258953203155443
2016-03-30,CA_2,CA,FOODS_3,1671,1647.7287955149652,23.271204485034787
2016-03-30,CA_2,CA,HOBBIES_1,221,328.6417847556797,107.64178475567968
2016-03-30,CA_2,CA,HOBBIES_2,28,31.92739905284641,3.927399052846411
2016-03-30,CA_2,CA,HOUSEHOLD_1,637,640.7174470572901,3.7174470572900873
2016-03-30,CA_2,CA,HOUSEHOLD_2,243,244.58581985474052,1.585819854740521
2016-03-30,CA_3,CA,FOODS_1,330,367.58048390894527,37.58048390894527
2016-03-30,CA_3,CA,FOODS_2,558,564.4586925439161,6.458692543916072
2016-03-30,CA_3,CA,FOODS_3,2411,2513.8538927788654,102.85389277886543
2016-03-30,CA_3,CA,HOBBIES_1,468,455.97732251161267,12.02267748838733
2016-03-30,CA_3,CA,HOBBIES_2,40,49.10285020540602,9.102850205406021
2016-03-30,CA_3,CA,HOUSEHOLD_1,1130,1164.9777827231592,34.97778272315918
2016-03-30,CA_3,CA,HOUSEHOLD_2,265,282.40832337313316,17.408323373133157
2016-03-30,CA_4,CA,FOODS_1,198,215.61845370093116,17.618453700931155
2016-03-30,CA_4,CA,FOODS_2,302,307.22690072339077,5.22690072339077
2016-03-30,CA_4,CA,FOODS_3,871,977.5192419130804,106.51924191308035
2016-03-30,CA_4,CA,HOBBIES_1,434,307.99609331581627,126.00390668418373
2016-03-30,CA_4,CA,HOBBIES_2,10,14.188691182117296,4.188691182117296
2016-03-30,CA_4,CA,HOUSEHOLD_1,374,317.86584261059437,56.13415738940563
2016-03-30,CA_4,CA,HOUSEHOLD_2,133,119.63036877405904,13.369631225940964
2016-03-30,TX_1,TX,FOODS_1,149,213.10104790741727,64.10104790741727
2016-03-30,TX_1,TX,FOODS_2,245,266.94907000845865,21.949070008458648
2016-03-30,TX_1,TX,FOODS_3,1242,1298.111297823501,56.11129782350099
2016-03-30,TX_1,TX,HOBBIES_1,238,216.90818139233733,21.091818607662674
2016-03-30,TX_1,TX,HOBBIES_2,46,30.90509770909383,15.09490229090617
2016-03-30,TX_1,TX,HOUSEHOLD_1,681,621.2919309503201,59.70806904967992
2016-03-30,TX_1,TX,HOUSEHOLD_2,200,181.53703775825016,18.462962241749835
2016-03-30,TX_2,TX,FOODS_1,223,255.6917407292085,32.691740729208504
2016-03-30,TX_2,TX,FOODS_2,268,323.6201243534115,55.620124353411484
2016-03-30,TX_2,TX,FOODS_3,1520,1610.817403376987,90.81740337698693
2016-03-30,TX_2,TX,HOBBIES_1,253,266.82548528325606,13.825485283256057
2016-03-30,TX_2,TX,HOBBIES_2,64,37.9657399106972,26.034260089302798
2016-03-30,TX_2,TX,HOUSEHOLD_1,660,698.2293825631554,38.229382563155355
2016-03-30,TX_2,TX,HOUSEHOLD_2,149,166.0880667202447,17.08806672024471
2016-03-30,TX_3,TX,FOODS_1,207,283.17071911978996,76.17071911978996
2016-03-30,TX_3,TX,FOODS_2,314,372.8357378396803,58.83573783968029
2016-03-30,TX_3,TX,FOODS_3,1266,1352.805661262098,86.80566126209806
2016-03-30,TX_3,TX,HOBBIES_1,295,280.5764635091237,14.423536490876302
2016-03-30,TX_3,TX,HOBBIES_2,54,47.97020400167575,6.0297959983242535
2016-03-30,TX_3,TX,HOUSEHOLD_1,625,621.3831784821823,3.616821517817698
2016-03-30,TX_3,TX,HOUSEHOLD_2,129,144.4947501175327,15.494750117532703
2016-03-30,WI_1,WI,FOODS_1,235,285.5304746823253,50.53047468232529
2016-03-30,WI_1,WI,FOODS_2,436,531.6215475181468,95.62154751814683
2016-03-30,WI_1,WI,FOODS_3,1147,1355.736930947728,208.73693094772807
2016-03-30,WI_1,WI,HOBBIES_1,287,333.02043002884363,46.020430028843634
2016-03-30,WI_1,WI,HOBBIES_2,29,38.77342507682763,9.773425076827628
2016-03-30,WI_1,WI,HOUSEHOLD_1,438,474.54662351610403,36.546623516104034
2016-03-30,WI_1,WI,HOUSEHOLD_2,120,142.85285882297694,22.85285882297694
2016-03-30,WI_2,WI,FOODS_1,242,292.48578064067766,50.48578064067766
2016-03-30,WI_2,WI,FOODS_2,617,761.2394983250612,144.23949832506116
2016-03-30,WI_2,WI,FOODS_3,1691,1828.3639181752847,137.36391817528465
2016-03-30,WI_2,WI,HOBBIES_1,201,220.97057549312905,19.970575493129047
2016-03-30,WI_2,WI,HOBBIES_2,28,30.625443407934316,2.6254434079343163
2016-03-30,WI_2,WI,HOUSEHOLD_1,752,1017.9332922509187,265.9332922509187
2016-03-30,WI_2,WI,HOUSEHOLD_2,95,111.94969463642923,16.94969463642923
2016-03-30,WI_3,WI,FOODS_1,209,254.53357057784137,45.533570577841374
2016-03-30,WI_3,WI,FOODS_2,349,387.66131620722206,38.66131620722206
2016-03-30,WI_3,WI,FOODS_3,1492,1608.6876911894828,116.68769118948285
2016-03-30,WI_3,WI,HOBBIES_1,140,194.27059942811772,54.27059942811772
2016-03-30,WI_3,WI,HOBBIES_2,32,40.41347187271921,8.413471872719207
2016-03-30,WI_3,WI,HOUSEHOLD_1,521,558.8579791907191,37.85797919071911
2016-03-30,WI_3,WI,HOUSEHOLD_2,118,139.73647796418754,21.736477964187543
2016-03-31,CA_1,CA,FOODS_1,354,320.32421401341037,33.67578598658963
2016-03-31,CA_1,CA,FOODS_2,434,376.8555717927164,57.144428207283624
2016-03-31,CA_1,CA,FOODS_3,1863,1705.58520216308,157.4147978369199
2016-03-31,CA_1,CA,HOBBIES_1,486,418.6070288161849,67.39297118381512
2016-03-31,CA_1,CA,HOBBIES_2,50,30.8836062256808,19.1163937743192
2016-03-31,CA_1,CA,HOUSEHOLD_1,679,593.3650828029054,85.63491719709464
2016-03-31,CA_1,CA,HOUSEHOLD_2,210,173.48615993761805,36.513840062381945
2016-03-31,CA_2,CA,FOODS_1,357,372.05751743957865,15.057517439578646
2016-03-31,CA_2,CA,FOODS_2,403,443.0669643257613,40.06696432576132
2016-03-31,CA_2,CA,FOODS_3,1580,1619.261106114562,39.261106114561926
2016-03-31,CA_2,CA,HOBBIES_1,261,327.29225453604306,66.29225453604306
2016-03-31,CA_2,CA,HOBBIES_2,29,32.36255406410365,3.362554064103648
2016-03-31,CA_2,CA,HOUSEHOLD_1,706,673.9757217043916,32.02427829560838
2016-03-31,CA_2,CA,HOUSEHOLD_2,245,258.38897889889313,13.388978898893129
2016-03-31,CA_3,CA,FOODS_1,344,389.6473597766633,45.64735977666328
2016-03-31,CA_3,CA,FOODS_2,539,534.1351268957783,4.864873104221715
2016-03-31,CA_3,CA,FOODS_3,2549,2495.872886846236,53.127113153764185
2016-03-31,CA_3,CA,HOBBIES_1,443,451.84258988083513,8.842589880835135
2016-03-31,CA_3,CA,HOBBIES_2,39,47.84886346703245,8.848863467032452
2016-03-31,CA_3,CA,HOUSEHOLD_1,1265,1200.4412394410726,64.55876055892736
2016-03-31,CA_3,CA,HOUSEHOLD_2,295,284.6729042006516,10.327095799348399
2016-03-31,CA_4,CA,FOODS_1,198,206.4523838536131,8.4523838536131
2016-03-31,CA_4,CA,FOODS_2,337,307.47826735199374,29.521732648006264
2016-03-31,CA_4,CA,FOODS_3,983,971.2381117856639,11.761888214336068
2016-03-31,CA_4,CA,HOBBIES_1,293,309.9274926305006,16.92749263050058
2016-03-31,CA_4,CA,HOBBIES_2,13,14.46704768733597,1.4670476873359704
2016-03-31,CA_4,CA,HOUSEHOLD_1,464,350.0154564215247,113.98454357847532
2016-03-31,CA_4,CA,HOUSEHOLD_2,182,128.71794348814865,53.28205651185135
2016-03-31,TX_1,TX,FOODS_1,135,206.74814150905613,71.74814150905613
2016-03-31,TX_1,TX,FOODS_2,245,266.97070369140397,21.97070369140397
2016-03-31,TX_1,TX,FOODS_3,1208,1339.4140606097758,131.4140606097758
2016-03-31,TX_1,TX,HOBBIES_1,194,212.56434285012395,18.56434285012395
2016-03-31,TX_1,TX,HOBBIES_2,19,27.444415253379773,8.444415253379773
2016-03-31,TX_1,TX,HOUSEHOLD_1,656,658.8331832261122,2.833183226112169
2016-03-31,TX_1,TX,HOUSEHOLD_2,174,181.61239484046783,7.612394840467829
2016-03-31,TX_2,TX,FOODS_1,234,262.90755045564526,28.907550455645264
2016-03-31,TX_2,TX,FOODS_2,299,316.0652438005465,17.06524380054651
2016-03-31,TX_2,TX,FOODS_3,1627,1647.3400931332892,20.3400931332892
2016-03-31,TX_2,TX,HOBBIES_1,291,271.0071444574731,19.99285554252691
2016-03-31,TX_2,TX,HOBBIES_2,27,34.03857065689297,7.038570656892972
2016-03-31,TX_2,TX,HOUSEHOLD_1,669,689.8745431173218,20.874543117321764
2016-03-31,TX_2,TX,HOUSEHOLD_2,208,188.06524497333265,19.934755026667347
2016-03-31,TX_3,TX,FOODS_1,234,281.16199559823576,47.16199559823576
2016-03-31,TX_3,TX,FOODS_2,366,341.9416595561326,24.058340443867394
2016-03-31,TX_3,TX,FOODS_3,1383,1371.00381197552,11.996188024480034
2016-03-31,TX_3,TX,HOBBIES_1,278,289.5587419977335,11.558741997733478
2016-03-31,TX_3,TX,HOBBIES_2,69,46.909615352589064,22.090384647410936
2016-03-31,TX_3,TX,HOUSEHOLD_1,848,673.0853076859188,174.9146923140812
2016-03-31,TX_3,TX,HOUSEHOLD_2,142,143.24962101621685,1.2496210162168495
2016-03-31,WI_1,WI,FOODS_1,204,317.5104565850833,113.51045658508332
2016-03-31,WI_1,WI,FOODS_2,458,511.6127651137508,53.61276511375081
2016-03-31,WI_1,WI,FOODS_3,1201,1340.4132398921822,139.41323989218222
2016-03-31,WI_1,WI,HOBBIES_1,268,330.66916424283284,62.669164242832835
2016-03-31,WI_1,WI,HOBBIES_2,23,30.450484412589905,7.450484412589905
2016-03-31,WI_1,WI,HOUSEHOLD_1,549,496.61571735137056,52.38428264862944
2016-03-31,WI_1,WI,HOUSEHOLD_2,155,144.9730324590692,10.026967540930798
2016-03-31,WI_2,WI,FOODS_1,258,281.0249992630802,23.02499926308019
2016-03-31,WI_2,WI,FOODS_2,727,844.9680795470258,117.96807954702581
2016-03-31,WI_2,WI,FOODS_3,1604,1812.2201751754783,208.2201751754783
2016-03-31,WI_2,WI,HOBBIES_1,316,234.22880051875106,81.77119948124894
2016-03-31,WI_2,WI,HOBBIES_2,22,27.70597502344227,5.705975023442271
2016-03-31,WI_2,WI,HOUSEHOLD_1,867,998.8842727318832,131.88427273188324
2016-03-31,WI_2,WI,HOUSEHOLD_2,114,114.55438119277962,0.5543811927796156
2016-03-31,WI_3,WI,FOODS_1,175,241.24620935203768,66.24620935203768
2016-03-31,WI_3,WI,FOODS_2,387,419.285245587488,32.28524558748802
2016-03-31,WI_3,WI,FOODS_3,1441,1596.2588412014595,155.25884120145952
2016-03-31,WI_3,WI,HOBBIES_1,274,210.82715692534046,63.17284307465954
2016-03-31,WI_3,WI,HOBBIES_2,26,32.408192274136226,6.408192274136226
2016-03-31,WI_3,WI,HOUSEHOLD_1,566,601.3528047849502,35.352804784950195
2016-03-31,WI_3,WI,HOUSEHOLD_2,139,144.95547984676892,5.955479846768924
2016-04-01,CA_1,CA,FOODS_1,320,356.90486523341775,36.90486523341775
2016-04-01,CA_1,CA,FOODS_2,575,494.8125170104657,80.18748298953432
2016-04-01,CA_1,CA,FOODS_3,2237,2197.6608856401085,39.33911435989148
2016-04-01,CA_1,CA,HOBBIES_1,703,509.10485173567855,193.89514826432145
2016-04-01,CA_1,CA,HOBBIES_2,40,39.05206037390056,0.9479396260994406
2016-04-01,CA_1,CA,HOUSEHOLD_1,863,763.0744185798643,99.9255814201357
2016-04-01,CA_1,CA,HOUSEHOLD_2,245,218.9538077784192,26.04619222158081
2016-04-01,CA_2,CA,FOODS_1,506,481.04299552575424,24.957004474245764
2016-04-01,CA_2,CA,FOODS_2,503,602.9838288903577,99.9838288903577
2016-04-01,CA_2,CA,FOODS_3,2072,2059.140689643477,12.85931035652311
2016-04-01,CA_2,CA,HOBBIES_1,466,392.4100787556023,73.58992124439771
2016-04-01,CA_2,CA,HOBBIES_2,59,39.64966435067474,19.35033564932526
2016-04-01,CA_2,CA,HOUSEHOLD_1,881,867.9813477472078,13.018652252792208
2016-04-01,CA_2,CA,HOUSEHOLD_2,300,320.7531974797194,20.753197479719404
2016-04-01,CA_3,CA,FOODS_1,393,414.29350527884685,21.29350527884685
2016-04-01,CA_3,CA,FOODS_2,708,700.070213775161,7.929786224838949
2016-04-01,CA_3,CA,FOODS_3,2876,2805.762430595489,70.23756940451085
2016-04-01,CA_3,CA,HOBBIES_1,653,581.4944003769102,71.50559962308978
2016-04-01,CA_3,CA,HOBBIES_2,51,50.72153186760533,0.2784681323946714
2016-04-01,CA_3,CA,HOUSEHOLD_1,1518,1482.06399891169,35.93600108830992
2016-04-01,CA_3,CA,HOUSEHOLD_2,372,339.33710903410605,32.66289096589395
2016-04-01,CA_4,CA,FOODS_1,200,231.44803639095403,31.44803639095403
2016-04-01,CA_4,CA,FOODS_2,285,352.28501990093116,67.28501990093116
2016-04-01,CA_4,CA,FOODS_3,1216,1101.8677955403525,114.13220445964748
2016-04-01,CA_4,CA,HOBBIES_1,311,369.3470097624356,58.34700976243562
2016-04-01,CA_4,CA,HOBBIES_2,14,13.405023073832517,0.5949769261674831
2016-04-01,CA_4,CA,HOUSEHOLD_1,415,408.99600760678686,6.003992393213139
2016-04-01,CA_4,CA,HOUSEHOLD_2,140,150.48141505029415,10.481415050294146
2016-04-01,TX_1,TX,FOODS_1,258,242.3712383088552,15.628761691144803
2016-04-01,TX_1,TX,FOODS_2,379,297.79424059014224,81.20575940985776
2016-04-01,TX_1,TX,FOODS_3,1401,1509.9416280006078,108.9416280006078
2016-04-01,TX_1,TX,HOBBIES_1,271,258.773028974892,12.226971025108014
2016-04-01,TX_1,TX,HOBBIES_2,34,32.77874105024191,1.221258949758088
2016-04-01,TX_1,TX,HOUSEHOLD_1,846,806.4310399928427,39.56896000715733
2016-04-01,TX_1,TX,HOUSEHOLD_2,200,222.01564320224898,22.01564320224898
2016-04-01,TX_2,TX,FOODS_1,301,316.41722070717236,15.417220707172362
2016-04-01,TX_2,TX,FOODS_2,417,405.45719978785814,11.542800212141856
2016-04-01,TX_2,TX,FOODS_3,2015,1923.2221241759353,91.77787582406472
2016-04-01,TX_2,TX,HOBBIES_1,351,312.65230846593863,38.34769153406137
2016-04-01,TX_2,TX,HOBBIES_2,40,34.862740958387256,5.137259041612744
2016-04-01,TX_2,TX,HOUSEHOLD_1,781,732.5601464443613,48.439853555638706
2016-04-01,TX_2,TX,HOUSEHOLD_2,208,197.97151446172953,10.028485538270473
2016-04-01,TX_3,TX,FOODS_1,422,385.2687200187487,36.731279981251305
2016-04-01,TX_3,TX,FOODS_2,634,474.80982723986114,159.19017276013886
2016-04-01,TX_3,TX,FOODS_3,1686,1770.4431383688925,84.4431383688925
2016-04-01,TX_3,TX,HOBBIES_1,436,384.291050049145,51.708949950855015
2016-04-01,TX_3,TX,HOBBIES_2,53,49.3286206502686,3.671379349731403
2016-04-01,TX_3,TX,HOUSEHOLD_1,928,768.5976211429286,159.40237885707143
2016-04-01,TX_3,TX,HOUSEHOLD_2,191,178.2518962930868,12.748103706913213
2016-04-01,WI_1,WI,FOODS_1,346,386.7906605984256,40.790660598425575
2016-04-01,WI_1,WI,FOODS_2,756,641.836825215376,114.16317478462395
2016-04-01,WI_1,WI,FOODS_3,1742,1732.6466675818554,9.353332418144646
2016-04-01,WI_1,WI,HOBBIES_1,488,440.0417992901275,47.95820070987247
2016-04-01,WI_1,WI,HOBBIES_2,26,31.39508296304593,5.39508296304593
2016-04-01,WI_1,WI,HOUSEHOLD_1,828,705.0187976504362,122.98120234956377
2016-04-01,WI_1,WI,HOUSEHOLD_2,176,176.57385123226743,0.5738512322674296
2016-04-01,WI_2,WI,FOODS_1,399,388.42987617811764,10.570123821882362
2016-04-01,WI_2,WI,FOODS_2,997,927.3427547585081,69.65724524149186
2016-04-01,WI_2,WI,FOODS_3,2299,2294.8345167013995,4.16548329860052
2016-04-01,WI_2,WI,HOBBIES_1,365,373.9863012111561,8.986301211156103
2016-04-01,WI_2,WI,HOBBIES_2,39,31.4860415402446,7.5139584597554006
2016-04-01,WI_2,WI,HOUSEHOLD_1,1869,1235.2980748222417,633.7019251777583
2016-04-01,WI_2,WI,HOUSEHOLD_2,178,150.36700811429353,27.632991885706474
2016-04-01,WI_3,WI,FOODS_1,258,350.2891860663847,92.28918606638467
2016-04-01,WI_3,WI,FOODS_2,530,558.045468400387,28.045468400386994
2016-04-01,WI_3,WI,FOODS_3,1896,1983.1537065461578,87.15370654615776
2016-04-01,WI_3,WI,HOBBIES_1,363,271.08683553007785,91.91316446992215
2016-04-01,WI_3,WI,HOBBIES_2,27,28.392789174532016,1.392789174532016
2016-04-01,WI_3,WI,HOUSEHOLD_1,976,799.2623478146513,176.73765218534868
2016-04-01,WI_3,WI,HOUSEHOLD_2,204,184.7437609296594,19.256239070340598
2016-04-02,CA_1,CA,FOODS_1,311,381.8063441716238,70.80634417162378
2016-04-02,CA_1,CA,FOODS_2,703,655.0127258380919,47.98727416190809
2016-04-02,CA_1,CA,FOODS_3,2876,2867.4620445144724,8.537955485527618
2016-04-02,CA_1,CA,HOBBIES_1,543,622.5179950694694,79.5179950694694
2016-04-02,CA_1,CA,HOBBIES_2,60,52.63123767633433,7.3687623236656705
2016-04-02,CA_1,CA,HOUSEHOLD_1,1055,1069.5742057274133,14.5742057274133
2016-04-02,CA_1,CA,HOUSEHOLD_2,329,280.5466096355435,48.45339036445648
2016-04-02,CA_2,CA,FOODS_1,491,526.4980471476925,35.498047147692546
2016-04-02,CA_2,CA,FOODS_2,721,717.6302848484703,3.3697151515297037
2016-04-02,CA_2,CA,FOODS_3,2587,2561.9914165452196,25.008583454780364
2016-04-02,CA_2,CA,HOBBIES_1,537,482.0373598196573,54.9626401803427
2016-04-02,CA_2,CA,HOBBIES_2,39,51.24154183614368,12.241541836143682
2016-04-02,CA_2,CA,HOUSEHOLD_1,1262,1115.3821824647641,146.61781753523587
2016-04-02,CA_2,CA,HOUSEHOLD_2,411,392.2478154357313,18.752184564268703
2016-04-02,CA_3,CA,FOODS_1,385,471.7426874971749,86.74268749717493
2016-04-02,CA_3,CA,FOODS_2,765,798.9466888471004,33.946688847100404
2016-04-02,CA_3,CA,FOODS_3,3316,3641.466362006194,325.4663620061938
2016-04-02,CA_3,CA,HOBBIES_1,544,612.2852547145856,68.28525471458556
2016-04-02,CA_3,CA,HOBBIES_2,44,50.07248950607138,6.072489506071378
2016-04-02,CA_3,CA,HOUSEHOLD_1,1765,1848.1682234419773,83.16822344197726
2016-04-02,CA_3,CA,HOUSEHOLD_2,387,394.6991833082782,7.6991833082781795
2016-04-02,CA_4,CA,FOODS_1,207,227.26460719139504,20.264607191395044
2016-04-02,CA_4,CA,FOODS_2,392,428.264699777266,36.264699777266
2016-04-02,CA_4,CA,FOODS_3,1321,1381.454352292762,60.454352292761996
2016-04-02,CA_4,CA,HOBBIES_1,384,405.772467829702,21.77246782970201
2016-04-02,CA_4,CA,HOBBIES_2,25,14.39880402200917,10.60119597799083
2016-04-02,CA_4,CA,HOUSEHOLD_1,512,505.4915120635315,6.508487936468498
2016-04-02,CA_4,CA,HOUSEHOLD_2,199,191.06302435870737,7.9369756412926336
2016-04-02,TX_1,TX,FOODS_1,263,250.01357215856325,12.98642784143675
2016-04-02,TX_1,TX,FOODS_2,391,411.84546484240803,20.845464842408035
2016-04-02,TX_1,TX,FOODS_3,1697,1856.9358133608455,159.9358133608455
2016-04-02,TX_1,TX,HOBBIES_1,481,316.306787806834,164.693212193166
2016-04-02,TX_1,TX,HOBBIES_2,25,31.988185948931708,6.988185948931708
2016-04-02,TX_1,TX,HOUSEHOLD_1,964,969.4986714433481,5.498671443348144
2016-04-02,TX_1,TX,HOUSEHOLD_2,197,245.09419441361618,48.09419441361618
2016-04-02,TX_2,TX,FOODS_1,255,295.8362220860356,40.836222086035605
2016-04-02,TX_2,TX,FOODS_2,450,461.4260900605262,11.426090060526178
2016-04-02,TX_2,TX,FOODS_3,2382,2498.027674615351,116.02767461535086
2016-04-02,TX_2,TX,HOBBIES_1,378,360.92536312471015,17.074636875289855
2016-04-02,TX_2,TX,HOBBIES_2,54,46.337232409986136,7.662767590013864
2016-04-02,TX_2,TX,HOUSEHOLD_1,1022,962.28327490353,59.716725096469986
2016-04-02,TX_2,TX,HOUSEHOLD_2,244,235.30151583350963,8.698484166490374
2016-04-02,TX_3,TX,FOODS_1,305,369.57481878075254,64.57481878075254
2016-04-02,TX_3,TX,FOODS_2,490,566.2092390525991,76.20923905259906
2016-04-02,TX_3,TX,FOODS_3,1764,1934.8222402146273,170.8222402146273
2016-04-02,TX_3,TX,HOBBIES_1,434,407.2312414955721,26.76875850442792
2016-04-02,TX_3,TX,HOBBIES_2,51,60.29360913221379,9.293609132213788
2016-04-02,TX_3,TX,HOUSEHOLD_1,1041,977.3595845626495,63.6404154373505
2016-04-02,TX_3,TX,HOUSEHOLD_2,207,197.67430884474322,9.325691155256777
2016-04-02,WI_1,WI,FOODS_1,402,378.46932695831623,23.53067304168377
2016-04-02,WI_1,WI,FOODS_2,918,808.3533837459026,109.64661625409735
2016-04-02,WI_1,WI,FOODS_3,2074,2131.407091887327,57.40709188732717
2016-04-02,WI_1,WI,HOBBIES_1,595,520.5333396097293,74.4666603902707
2016-04-02,WI_1,WI,HOBBIES_2,33,30.36012870226278,2.639871297737219
2016-04-02,WI_1,WI,HOUSEHOLD_1,874,835.9557535994443,38.04424640055572
2016-04-02,WI_1,WI,HOUSEHOLD_2,223,198.33610044202985,24.663899557970154
2016-04-02,WI_2,WI,FOODS_1,506,407.6804054705253,98.31959452947473
2016-04-02,WI_2,WI,FOODS_2,1608,1123.5281164004307,484.4718835995693
2016-04-02,WI_2,WI,FOODS_3,2976,2946.3905204990083,29.60947950099171
2016-04-02,WI_2,WI,HOBBIES_1,268,315.0637151784035,47.06371517840353
2016-04-02,WI_2,WI,HOBBIES_2,31,30.48635920258645,0.5136407974135508
2016-04-02,WI_2,WI,HOUSEHOLD_1,1486,1185.175709091424,300.8242909085759
2016-04-02,WI_2,WI,HOUSEHOLD_2,194,166.5051843094551,27.494815690544897
2016-04-02,WI_3,WI,FOODS_1,341,324.22933379651454,16.77066620348546
2016-04-02,WI_3,WI,FOODS_2,770,701.9284819611456,68.07151803885438
2016-04-02,WI_3,WI,FOODS_3,2617,2541.65245995671,75.34754004328988
2016-04-02,WI_3,WI,HOBBIES_1,294,251.97945212882917,42.020547871170834
2016-04-02,WI_3,WI,HOBBIES_2,43,31.241714012368693,11.758285987631307
2016-04-02,WI_3,WI,HOUSEHOLD_1,934,818.1009180425348,115.89908195746523
2016-04-02,WI_3,WI,HOUSEHOLD_2,219,202.2436280137759,16.75637198622411
2016-04-03,CA_1,CA,FOODS_1,367,389.68497477580445,22.68497477580445
2016-04-03,CA_1,CA,FOODS_2,803,732.4056214644842,70.59437853551583
2016-04-03,CA_1,CA,FOODS_3,3056,2933.916105219843,122.08389478015715
2016-04-03,CA_1,CA,HOBBIES_1,759,702.825899803968,56.174100196031986
2016-04-03,CA_1,CA,HOBBIES_2,31,51.69800431378195,20.69800431378195
2016-04-03,CA_1,CA,HOUSEHOLD_1,1143,1019.8989765624437,123.10102343755625
2016-04-03,CA_1,CA,HOUSEHOLD_2,337,300.9581816791121,36.0418183208879
2016-04-03,CA_2,CA,FOODS_1,568,512.8540816515317,55.145918348468285
2016-04-03,CA_2,CA,FOODS_2,745,706.3236894942148,38.67631050578518
2016-04-03,CA_2,CA,FOODS_3,2837,2722.513749728345,114.48625027165508
2016-04-03,CA_2,CA,HOBBIES_1,478,466.20887307791764,11.791126922082356
2016-04-03,CA_2,CA,HOBBIES_2,33,45.714986332323704,12.714986332323704
2016-04-03,CA_2,CA,HOUSEHOLD_1,1414,1206.5854537776718,207.41454622232823
2016-04-03,CA_2,CA,HOUSEHOLD_2,467,391.4118773501169,75.58812264988308
2016-04-03,CA_3,CA,FOODS_1,392,444.6885512014614,52.688551201461394
2016-04-03,CA_3,CA,FOODS_2,959,899.2923641299184,59.70763587008162
2016-04-03,CA_3,CA,FOODS_3,3820,3644.6075184665247,175.39248153347535
2016-04-03,CA_3,CA,HOBBIES_1,767,656.0259788763948,110.97402112360521
2016-04-03,CA_3,CA,HOBBIES_2,51,52.829722051749826,1.829722051749826
2016-04-03,CA_3,CA,HOUSEHOLD_1,2002,1882.6392909880399,119.36070901196013
2016-04-03,CA_3,CA,HOUSEHOLD_2,408,412.6224513537579,4.622451353757924
2016-04-03,CA_4,CA,FOODS_1,180,208.38819928184066,28.388199281840656
2016-04-03,CA_4,CA,FOODS_2,511,452.0853795202726,58.914620479727375
2016-04-03,CA_4,CA,FOODS_3,1383,1359.1828775753256,23.81712242467438
2016-04-03,CA_4,CA,HOBBIES_1,317,410.5980739248523,93.59807392485232
2016-04-03,CA_4,CA,HOBBIES_2,15,14.043824943504013,0.9561750564959866
2016-04-03,CA_4,CA,HOUSEHOLD_1,548,547.8153617439503,0.18463825604965223
2016-04-03,CA_4,CA,HOUSEHOLD_2,186,190.1439525994197,4.143952599419691
2016-04-03,TX_1,TX,FOODS_1,227,221.62246190873324,5.377538091266757
2016-04-03,TX_1,TX,FOODS_2,471,421.0195883529688,49.98041164703119
2016-04-03,TX_1,TX,FOODS_3,1979,1942.2740420105401,36.72595798945986
2016-04-03,TX_1,TX,HOBBIES_1,282,322.69992031277155,40.69992031277155
2016-04-03,TX_1,TX,HOBBIES_2,23,29.64704860370143,6.647048603701428
2016-04-03,TX_1,TX,HOUSEHOLD_1,1007,970.6714911880749,36.328508811925076
2016-04-03,TX_1,TX,HOUSEHOLD_2,286,241.89069950730573,44.109300492694274
2016-04-03,TX_2,TX,FOODS_1,250,247.18385843490884,2.816141565091158
2016-04-03,TX_2,TX,FOODS_2,534,539.3289658713187,5.328965871318701
2016-04-03,TX_2,TX,FOODS_3,2683,2609.2863755711196,73.7136244288804
2016-04-03,TX_2,TX,HOBBIES_1,421,384.98821915566964,36.01178084433036
2016-04-03,TX_2,TX,HOBBIES_2,57,50.48492923948132,6.515070760518682
2016-04-03,TX_2,TX,HOUSEHOLD_1,997,976.4302267245212,20.569773275478838
2016-04-03,TX_2,TX,HOUSEHOLD_2,228,235.88783285428806,7.887832854288064
2016-04-03,TX_3,TX,FOODS_1,245,308.9568088677971,63.95680886779712
2016-04-03,TX_3,TX,FOODS_2,645,607.8164452923176,37.18355470768245
2016-04-03,TX_3,TX,FOODS_3,2092,1952.5131899946114,139.48681000538863
2016-04-03,TX_3,TX,HOBBIES_1,438,406.5449372746417,31.45506272535829
2016-04-03,TX_3,TX,HOBBIES_2,63,65.51637795090943,2.5163779509094297
2016-04-03,TX_3,TX,HOUSEHOLD_1,911,974.0152529884404,63.01525298844035
2016-04-03,TX_3,TX,HOUSEHOLD_2,212,203.09067798517157,8.909322014828433
2016-04-03,WI_1,WI,FOODS_1,330,370.78389645827485,40.78389645827485
2016-04-03,WI_1,WI,FOODS_2,982,916.2200901398787,65.77990986012128
2016-04-03,WI_1,WI,FOODS_3,2336,2098.9892616129914,237.0107383870086
2016-04-03,WI_1,WI,HOBBIES_1,519,432.7445502351086,86.25544976489141
2016-04-03,WI_1,WI,HOBBIES_2,49,34.90331320134167,14.096686798658332
2016-04-03,WI_1,WI,HOUSEHOLD_1,911,795.9043123007831,115.09568769921691
2016-04-03,WI_1,WI,HOUSEHOLD_2,243,197.05287686287144,45.94712313712856
2016-04-03,WI_2,WI,FOODS_1,441,385.9596023040489,55.04039769595113
2016-04-03,WI_2,WI,FOODS_2,1618,1115.149077034077,502.850922965923
2016-04-03,WI_2,WI,FOODS_3,3148,2976.4983025849783,171.50169741502168
2016-04-03,WI_2,WI,HOBBIES_1,271,278.53855512507806,7.538555125078062
2016-04-03,WI_2,WI,HOBBIES_2,38,34.716038307469965,3.283961692530035
2016-04-03,WI_2,WI,HOUSEHOLD_1,1250,1344.6264275623967,94.62642756239666
2016-04-03,WI_2,WI,HOUSEHOLD_2,187,164.05657260528878,22.94342739471122
2016-04-03,WI_3,WI,FOODS_1,316,304.2831985721145,11.716801427885514
2016-04-03,WI_3,WI,FOODS_2,956,726.6951019486063,229.3048980513937
2016-04-03,WI_3,WI,FOODS_3,2759,2854.0556581439632,95.05565814396323
2016-04-03,WI_3,WI,HOBBIES_1,242,261.59752583713924,19.597525837139244
2016-04-03,WI_3,WI,HOBBIES_2,49,34.17616115861984,14.823838841380159
2016-04-03,WI_3,WI,HOUSEHOLD_1,923,879.9072891115402,43.092710888459806
2016-04-03,WI_3,WI,HOUSEHOLD_2,229,183.3975453119625,45.60245468803751
2016-04-04,CA_1,CA,FOODS_1,238,271.1331910264179,33.133191026417876
2016-04-04,CA_1,CA,FOODS_2,655,559.970903504174,95.02909649582602
2016-04-04,CA_1,CA,FOODS_3,2380,2353.632676409296,26.367323590704018
2016-04-04,CA_1,CA,HOBBIES_1,436,491.6061198256256,55.606119825625626
2016-04-04,CA_1,CA,HOBBIES_2,27,40.67694913840725,13.676949138407252
2016-04-04,CA_1,CA,HOUSEHOLD_1,868,802.5370862849272,65.46291371507277
2016-04-04,CA_1,CA,HOUSEHOLD_2,208,199.50441047052286,8.495589529477144
2016-04-04,CA_2,CA,FOODS_1,377,389.05156511811083,12.05156511811083
2016-04-04,CA_2,CA,FOODS_2,533,506.00788731934125,26.99211268065875
2016-04-04,CA_2,CA,FOODS_3,1754,1885.2985210935021,131.29852109350213
2016-04-04,CA_2,CA,HOBBIES_1,280,350.9143939777646,70.91439397776458
2016-04-04,CA_2,CA,HOBBIES_2,22,32.65759163976699,10.657591639766991
2016-04-04,CA_2,CA,HOUSEHOLD_1,755,739.3027109671041,15.697289032895924
2016-04-04,CA_2,CA,HOUSEHOLD_2,250,263.0597959169085,13.059795916908513
2016-04-04,CA_3,CA,FOODS_1,359,335.1056303671381,23.894369632861924
2016-04-04,CA_3,CA,FOODS_2,802,763.9810344890694,38.01896551093057
2016-04-04,CA_3,CA,FOODS_3,3034,3152.4321091364777,118.43210913647772
2016-04-04,CA_3,CA,HOBBIES_1,477,490.44054721365103,13.44054721365103
2016-04-04,CA_3,CA,HOBBIES_2,56,45.08633757170433,10.913662428295673
2016-04-04,CA_3,CA,HOUSEHOLD_1,1538,1481.6855887542956,56.31441124570438
2016-04-04,CA_3,CA,HOUSEHOLD_2,356,318.70528609706906,37.29471390293094
2016-04-04,CA_4,CA,FOODS_1,228,180.89033972240657,47.109660277593434
2016-04-04,CA_4,CA,FOODS_2,475,410.83125891542767,64.16874108457233
2016-04-04,CA_4,CA,FOODS_3,1137,1060.8649739235814,76.13502607641863
2016-04-04,CA_4,CA,HOBBIES_1,382,335.86009729039245,46.139902709607554
2016-04-04,CA_4,CA,HOBBIES_2,23,16.062339051282926,6.937660948717074
2016-04-04,CA_4,CA,HOUSEHOLD_1,402,402.4722831495951,0.4722831495951141
2016-04-04,CA_4,CA,HOUSEHOLD_2,141,142.1697667189616,1.169766718961597
2016-04-04,TX_1,TX,FOODS_1,145,177.07241475884274,32.07241475884274
2016-04-04,TX_1,TX,FOODS_2,353,340.48558001396697,12.514419986033033
2016-04-04,TX_1,TX,FOODS_3,1397,1384.8943542254374,12.105645774562618
2016-04-04,TX_1,TX,HOBBIES_1,229,247.08393021473367,18.08393021473367
2016-04-04,TX_1,TX,HOBBIES_2,26,25.781265513177168,0.21873448682283225
2016-04-04,TX_1,TX,HOUSEHOLD_1,707,753.9115938222625,46.91159382226249
2016-04-04,TX_1,TX,HOUSEHOLD_2,175,175.02634199744884,0.026341997448838583
2016-04-04,TX_2,TX,FOODS_1,209,213.05622489767188,4.056224897671882
2016-04-04,TX_2,TX,FOODS_2,466,421.7665424949527,44.233457505047284
2016-04-04,TX_2,TX,FOODS_3,1834,1902.0792222479351,68.07922224793515
2016-04-04,TX_2,TX,HOBBIES_1,278,301.0287448563083,23.02874485630832
2016-04-04,TX_2,TX,HOBBIES_2,54,44.887155829022895,9.112844170977105
2016-04-04,TX_2,TX,HOUSEHOLD_1,747,800.8792589926938,53.87925899269385
2016-04-04,TX_2,TX,HOUSEHOLD_2,203,173.72487535336532,29.27512464663468
2016-04-04,TX_3,TX,FOODS_1,275,244.41428399519515,30.58571600480485
2016-04-04,TX_3,TX,FOODS_2,456,595.4919983094635,139.4919983094635
2016-04-04,TX_3,TX,FOODS_3,1548,1617.237168132428,69.237168132428
2016-04-04,TX_3,TX,HOBBIES_1,363,324.8989766104988,38.10102338950122
2016-04-04,TX_3,TX,HOBBIES_2,49,60.50053118280708,11.50053118280708
2016-04-04,TX_3,TX,HOUSEHOLD_1,803,765.3293143478642,37.67068565213583
2016-04-04,TX_3,TX,HOUSEHOLD_2,180,155.60411499209317,24.395885007906827
2016-04-04,WI_1,WI,FOODS_1,223,245.68443764284075,22.68443764284075
2016-04-04,WI_1,WI,FOODS_2,648,625.5447546072936,22.455245392706388
2016-04-04,WI_1,WI,FOODS_3,1310,1483.5399135164678,173.53991351646778
2016-04-04,WI_1,WI,HOBBIES_1,318,339.38584148028787,21.385841480287866
2016-04-04,WI_1,WI,HOBBIES_2,52,33.19155032213059,18.80844967786941
2016-04-04,WI_1,WI,HOUSEHOLD_1,472,559.6902806186383,87.69028061863833
2016-04-04,WI_1,WI,HOUSEHOLD_2,145,148.53836816576583,3.5383681657658315
2016-04-04,WI_2,WI,FOODS_1,355,332.98446033700753,22.015539662992467
2016-04-04,WI_2,WI,FOODS_2,1180,1077.8746879642931,102.12531203570688
2016-04-04,WI_2,WI,FOODS_3,2154,2158.530639681558,4.530639681558114
2016-04-04,WI_2,WI,HOBBIES_1,268,253.1436335033867,14.856366496613305
2016-04-04,WI_2,WI,HOBBIES_2,35,30.865530729834408,4.134469270165592
2016-04-04,WI_2,WI,HOUSEHOLD_1,887,1063.7569280943394,176.7569280943394
2016-04-04,WI_2,WI,HOUSEHOLD_2,131,129.051555603126,1.9484443968740095
2016-04-04,WI_3,WI,FOODS_1,181,235.9193162088496,54.91931620884961
2016-04-04,WI_3,WI,FOODS_2,604,614.6592084580167,10.659208458016678
2016-04-04,WI_3,WI,FOODS_3,1715,1972.5040320287399,257.50403202873986
2016-04-04,WI_3,WI,HOBBIES_1,254,220.19894249878004,33.80105750121996
2016-04-04,WI_3,WI,HOBBIES_2,32,33.119529755401466,1.1195297554014658
2016-04-04,WI_3,WI,HOUSEHOLD_1,616,670.7436522905481,54.743652290548084
2016-04-04,WI_3,WI,HOUSEHOLD_2,148,151.01045203923732,3.0104520392373217
2016-04-05,CA_1,CA,FOODS_1,246,258.5307714086203,12.530771408620296
2016-04-05,CA_1,CA,FOODS_2,550,528.5015861195193,21.49841388048071
2016-04-05,CA_1,CA,FOODS_3,1915,2027.894945256403,112.89494525640293
2016-04-05,CA_1,CA,HOBBIES_1,520,482.5478012809244,37.452198719075625
2016-04-05,CA_1,CA,HOBBIES_2,25,36.2481595796322,11.248159579632201
2016-04-05,CA_1,CA,HOUSEHOLD_1,642,701.0187066342806,59.01870663428065
2016-04-05,CA_1,CA,HOUSEHOLD_2,165,195.15209320102943,30.15209320102943
2016-04-05,CA_2,CA,FOODS_1,283,376.70173740003344,93.70173740003344
2016-04-05,CA_2,CA,FOODS_2,426,482.34595657152437,56.34595657152437
2016-04-05,CA_2,CA,FOODS_3,1584,1695.717797092414,111.717797092414
2016-04-05,CA_2,CA,HOBBIES_1,283,315.69382545881024,32.69382545881024
2016-04-05,CA_2,CA,HOBBIES_2,32,32.01066272547391,0.010662725473906676
2016-04-05,CA_2,CA,HOUSEHOLD_1,653,695.9205651455986,42.92056514559863
2016-04-05,CA_2,CA,HOUSEHOLD_2,219,242.36674846364375,23.366748463643745
2016-04-05,CA_3,CA,FOODS_1,336,338.3234706678078,2.3234706678077828
2016-04-05,CA_3,CA,FOODS_2,780,677.7171709999463,102.28282900005365
2016-04-05,CA_3,CA,FOODS_3,3016,2852.3021758092523,163.69782419074772
2016-04-05,CA_3,CA,HOBBIES_1,430,490.79424376216264,60.79424376216264
2016-04-05,CA_3,CA,HOBBIES_2,35,43.038450037136755,8.038450037136755
2016-04-05,CA_3,CA,HOUSEHOLD_1,1412,1368.4417202993611,43.55827970063888
2016-04-05,CA_3,CA,HOUSEHOLD_2,212,299.3186636928933,87.31866369289332
2016-04-05,CA_4,CA,FOODS_1,191,181.67135454155311,9.328645458446886
2016-04-05,CA_4,CA,FOODS_2,397,374.1442409861469,22.855759013853117
2016-04-05,CA_4,CA,FOODS_3,1077,1025.4762111593059,51.523788840694124
2016-04-05,CA_4,CA,HOBBIES_1,446,329.5834357618541,116.4165642381459
2016-04-05,CA_4,CA,HOBBIES_2,15,15.257879232320787,0.25787923232078747
2016-04-05,CA_4,CA,HOUSEHOLD_1,359,380.61974712572965,21.619747125729646
2016-04-05,CA_4,CA,HOUSEHOLD_2,147,138.4884973149867,8.511502685013312
2016-04-05,TX_1,TX,FOODS_1,199,177.83453495824614,21.165465041753862
2016-04-05,TX_1,TX,FOODS_2,445,340.68890718808274,104.31109281191726
2016-04-05,TX_1,TX,FOODS_3,1401,1371.8915678638762,29.108432136123838
2016-04-05,TX_1,TX,HOBBIES_1,221,239.72969071431456,18.729690714314557
2016-04-05,TX_1,TX,HOBBIES_2,37,29.602633421594163,7.397366578405837
2016-04-05,TX_1,TX,HOUSEHOLD_1,735,662.134072717902,72.86592728209803
2016-04-05,TX_1,TX,HOUSEHOLD_2,177,170.14196232464653,6.858037675353472
2016-04-05,TX_2,TX,FOODS_1,224,221.9583423334576,2.041657666542392
2016-04-05,TX_2,TX,FOODS_2,465,398.1968417053178,66.80315829468219
2016-04-05,TX_2,TX,FOODS_3,1771,1804.828823822616,33.82882382261596
2016-04-05,TX_2,TX,HOBBIES_1,251,287.64607394229296,36.64607394229296
2016-04-05,TX_2,TX,HOBBIES_2,25,42.65254536521179,17.652545365211793
2016-04-05,TX_2,TX,HOUSEHOLD_1,805,706.3930743064428,98.60692569355717
2016-04-05,TX_2,TX,HOUSEHOLD_2,180,176.8705262811159,3.1294737188840998
2016-04-05,TX_3,TX,FOODS_1,281,249.9702212720878,31.029778727912202
2016-04-05,TX_3,TX,FOODS_2,505,448.6735862197174,56.32641378028262
2016-04-05,TX_3,TX,FOODS_3,1557,1483.5822108281773,73.41778917182273
2016-04-05,TX_3,TX,HOBBIES_1,294,329.8903866938004,35.890386693800394
2016-04-05,TX_3,TX,HOBBIES_2,47,57.23886313517106,10.238863135171059
2016-04-05,TX_3,TX,HOUSEHOLD_1,711,721.1055877398824,10.105587739882367
2016-04-05,TX_3,TX,HOUSEHOLD_2,135,148.746427662594,13.746427662593987
2016-04-05,WI_1,WI,FOODS_1,224,242.64523224148013,18.64523224148013
2016-04-05,WI_1,WI,FOODS_2,645,584.2977076107417,60.70229238925833
2016-04-05,WI_1,WI,FOODS_3,1379,1403.1733943494244,24.17339434942437
2016-04-05,WI_1,WI,HOBBIES_1,326,326.93932759785685,0.9393275978568454
2016-04-05,WI_1,WI,HOBBIES_2,29,33.28841435897004,4.288414358970037
2016-04-05,WI_1,WI,HOUSEHOLD_1,491,511.49568378922027,20.495683789220266
2016-04-05,WI_1,WI,HOUSEHOLD_2,137,149.03597647371157,12.035976473711571
2016-04-05,WI_2,WI,FOODS_1,399,339.1867602478584,59.81323975214161
2016-04-05,WI_2,WI,FOODS_2,1595,1152.194763108311,442.805236891689
2016-04-05,WI_2,WI,FOODS_3,2384,2248.7988717415806,135.20112825841943
2016-04-05,WI_2,WI,HOBBIES_1,218,238.2756139892699,20.275613989269914
2016-04-05,WI_2,WI,HOBBIES_2,23,30.260206508424744,7.260206508424744
2016-04-05,WI_2,WI,HOUSEHOLD_1,934,970.1070416171247,36.10704161712465
2016-04-05,WI_2,WI,HOUSEHOLD_2,127,126.83262208200932,0.16737791799067736
2016-04-05,WI_3,WI,FOODS_1,283,231.25438817469794,51.74561182530206
2016-04-05,WI_3,WI,FOODS_2,706,679.3101275927288,26.689872407271196
2016-04-05,WI_3,WI,FOODS_3,1979,1826.9543629422724,152.04563705772762
2016-04-05,WI_3,WI,HOBBIES_1,200,216.84667835234475,16.846678352344753
2016-04-05,WI_3,WI,HOBBIES_2,20,31.122608652560643,11.122608652560643
2016-04-05,WI_3,WI,HOUSEHOLD_1,606,600.1002357479911,5.899764252008936
2016-04-05,WI_3,WI,HOUSEHOLD_2,116,139.58990126476556,23.589901264765558
2016-04-06,CA_1,CA,FOODS_1,214,257.75012557271896,43.75012557271896
2016-04-06,CA_1,CA,FOODS_2,552,519.9442351006842,32.05576489931582
2016-04-06,CA_1,CA,FOODS_3,1932,1893.2911212203005,38.70887877969949
2016-04-06,CA_1,CA,HOBBIES_1,403,473.1084501918234,70.10845019182341
2016-04-06,CA_1,CA,HOBBIES_2,24,32.65741428323072,8.657414283230722
2016-04-06,CA_1,CA,HOUSEHOLD_1,666,676.6217636895626,10.621763689562613
2016-04-06,CA_1,CA,HOUSEHOLD_2,173,192.66033433024663,19.660334330246627
2016-04-06,CA_2,CA,FOODS_1,382,363.12197569684116,18.87802430315884
2016-04-06,CA_2,CA,FOODS_2,410,490.1325263747175,80.13252637471749
2016-04-06,CA_2,CA,FOODS_3,1666,1649.2190864649112,16.780913535088757
2016-04-06,CA_2,CA,HOBBIES_1,391,328.8088589866449,62.19114101335509
2016-04-06,CA_2,CA,HOBBIES_2,39,33.36379034294944,5.636209657050557
2016-04-06,CA_2,CA,HOUSEHOLD_1,611,698.5101374193399,87.51013741933991
2016-04-06,CA_2,CA,HOUSEHOLD_2,232,255.61214170006332,23.61214170006332
2016-04-06,CA_3,CA,FOODS_1,268,315.35465205655817,47.354652056558166
2016-04-06,CA_3,CA,FOODS_2,691,725.2218693867451,34.221869386745084
2016-04-06,CA_3,CA,FOODS_3,2870,2794.4351110067682,75.56488899323176
2016-04-06,CA_3,CA,HOBBIES_1,412,483.3235826372092,71.3235826372092
2016-04-06,CA_3,CA,HOBBIES_2,65,48.21896226146909,16.781037738530912
2016-04-06,CA_3,CA,HOUSEHOLD_1,1213,1351.1617258441918,138.16172584419178
2016-04-06,CA_3,CA,HOUSEHOLD_2,166,267.76360095355005,101.76360095355005
2016-04-06,CA_4,CA,FOODS_1,220,187.11523587630913,32.88476412369087
2016-04-06,CA_4,CA,FOODS_2,350,361.4016861093858,11.401686109385821
2016-04-06,CA_4,CA,FOODS_3,1037,991.619155935685,45.380844064315056
2016-04-06,CA_4,CA,HOBBIES_1,314,304.493424428085,9.506575571914993
2016-04-06,CA_4,CA,HOBBIES_2,11,16.06996101833247,5.069961018332471
2016-04-06,CA_4,CA,HOUSEHOLD_1,378,381.2919854580183,3.291985458018303
2016-04-06,CA_4,CA,HOUSEHOLD_2,117,136.53553236397448,19.535532363974482
2016-04-06,TX_1,TX,FOODS_1,210,188.50853711031087,21.49146288968913
2016-04-06,TX_1,TX,FOODS_2,391,348.3039953588494,42.69600464115058
2016-04-06,TX_1,TX,FOODS_3,1460,1329.3220892769552,130.67791072304476
2016-04-06,TX_1,TX,HOBBIES_1,243,238.75279336013716,4.2472066398628385
2016-04-06,TX_1,TX,HOBBIES_2,29,24.32380114203064,4.676198857969361
2016-04-06,TX_1,TX,HOUSEHOLD_1,697,676.5518349884038,20.44816501159619
2016-04-06,TX_1,TX,HOUSEHOLD_2,171,171.66939837276618,0.6693983727661816
2016-04-06,TX_2,TX,FOODS_1,237,222.38928215443386,14.610717845566143
2016-04-06,TX_2,TX,FOODS_2,364,413.2662398522936,49.26623985229361
2016-04-06,TX_2,TX,FOODS_3,1654,1799.1014950373608,145.1014950373608
2016-04-06,TX_2,TX,HOBBIES_1,322,285.4098792743745,36.590120725625525
2016-04-06,TX_2,TX,HOBBIES_2,28,36.96864346168978,8.96864346168978
2016-04-06,TX_2,TX,HOUSEHOLD_1,624,709.220116428936,85.22011642893597
2016-04-06,TX_2,TX,HOUSEHOLD_2,137,170.7723677658869,33.77236776588691
2016-04-06,TX_3,TX,FOODS_1,297,266.85267545625015,30.147324543749846
2016-04-06,TX_3,TX,FOODS_2,542,480.00418909706286,61.99581090293714
2016-04-06,TX_3,TX,FOODS_3,1634,1444.9465380924669,189.05346190753312
2016-04-06,TX_3,TX,HOBBIES_1,299,314.88971633518975,15.889716335189746
2016-04-06,TX_3,TX,HOBBIES_2,77,57.51660834393414,19.483391656065862
2016-04-06,TX_3,TX,HOUSEHOLD_1,757,722.7353184508097,34.2646815491903
2016-04-06,TX_3,TX,HOUSEHOLD_2,165,153.45701360983668,11.542986390163321
2016-04-06,WI_1,WI,FOODS_1,227,243.04200387131306,16.042003871313057
2016-04-06,WI_1,WI,FOODS_2,594,654.8322994740662,60.83229947406619
2016-04-06,WI_1,WI,FOODS_3,1301,1463.5526492976676,162.55264929766759
2016-04-06,WI_1,WI,HOBBIES_1,268,331.179964067346,63.17996406734602
2016-04-06,WI_1,WI,HOBBIES_2,19,34.39226773209145,15.392267732091447
2016-04-06,WI_1,WI,HOUSEHOLD_1,439,527.6096390278325,88.60963902783249
2016-04-06,WI_1,WI,HOUSEHOLD_2,148,152.53979325009743,4.539793250097432
2016-04-06,WI_2,WI,FOODS_1,331,360.9193527580026,29.919352758002617
2016-04-06,WI_2,WI,FOODS_2,1631,1186.184175893801,444.815824106199
2016-04-06,WI_2,WI,FOODS_3,2839,2288.6406727028707,550.3593272971293
2016-04-06,WI_2,WI,HOBBIES_1,238,243.50435728825272,5.50435728825272
2016-04-06,WI_2,WI,HOBBIES_2,26,32.18500291002199,6.185002910021993
2016-04-06,WI_2,WI,HOUSEHOLD_1,942,1016.6240841913947,74.62408419139467
2016-04-06,WI_2,WI,HOUSEHOLD_2,136,132.06109223924474,3.9389077607552565
2016-04-06,WI_3,WI,FOODS_1,270,235.01172709321781,34.988272906782186
2016-04-06,WI_3,WI,FOODS_2,718,578.1508712161608,139.8491287838392
2016-04-06,WI_3,WI,FOODS_3,1946,1887.1781369187115,58.821863081288484
2016-04-06,WI_3,WI,HOBBIES_1,141,218.011013746993,77.011013746993
2016-04-06,WI_3,WI,HOBBIES_2,30,31.467550501420764,1.4675505014207637
2016-04-06,WI_3,WI,HOUSEHOLD_1,621,600.4466247730575,20.553375226942535
2016-04-06,WI_3,WI,HOUSEHOLD_2,124,140.39119131402305,16.391191314023047
2016-04-07,CA_1,CA,FOODS_1,261,243.3837747343821,17.616225265617913
2016-04-07,CA_1,CA,FOODS_2,461,511.57385786772784,50.57385786772784
2016-04-07,CA_1,CA,FOODS_3,1728,1889.9264907834563,161.9264907834563
2016-04-07,CA_1,CA,HOBBIES_1,338,475.19409034185924,137.19409034185924
2016-04-07,CA_1,CA,HOBBIES_2,56,34.112286368372416,21.887713631627584
2016-04-07,CA_1,CA,HOUSEHOLD_1,618,665.2518114611121,47.251811461112084
2016-04-07,CA_1,CA,HOUSEHOLD_2,193,193.538556228454,0.5385562284540129
2016-04-07,CA_2,CA,FOODS_1,433,401.7600359402831,31.239964059716897
2016-04-07,CA_2,CA,FOODS_2,397,409.33206695858456,12.332066958584562
2016-04-07,CA_2,CA,FOODS_3,1621,1656.8104110734812,35.81041107348119
2016-04-07,CA_2,CA,HOBBIES_1,336,348.9356795648809,12.9356795648809
2016-04-07,CA_2,CA,HOBBIES_2,31,32.87729183945486,1.8772918394548626
2016-04-07,CA_2,CA,HOUSEHOLD_1,655,718.405511698596,63.405511698596
2016-04-07,CA_2,CA,HOUSEHOLD_2,287,259.76433353787394,27.235666462126062
2016-04-07,CA_3,CA,FOODS_1,338,309.9337609676439,28.066239032356123
2016-04-07,CA_3,CA,FOODS_2,616,685.6225486470237,69.62254864702368
2016-04-07,CA_3,CA,FOODS_3,2713,2771.4187118269992,58.41871182699924
2016-04-07,CA_3,CA,HOBBIES_1,447,473.5281684817681,26.52816848176809
2016-04-07,CA_3,CA,HOBBIES_2,42,46.673628645235425,4.673628645235425
2016-04-07,CA_3,CA,HOUSEHOLD_1,1300,1337.6832838881119,37.68328388811187
2016-04-07,CA_3,CA,HOUSEHOLD_2,179,257.23591789750066,78.23591789750066
2016-04-07,CA_4,CA,FOODS_1,184,183.00415217738527,0.9958478226147349
2016-04-07,CA_4,CA,FOODS_2,361,364.3324478823159,3.3324478823158756
2016-04-07,CA_4,CA,FOODS_3,1041,1034.7794688662934,6.220531133706572
2016-04-07,CA_4,CA,HOBBIES_1,313,318.969288131177,5.969288131176995
2016-04-07,CA_4,CA,HOBBIES_2,17,16.380783262474562,0.6192167375254378
2016-04-07,CA_4,CA,HOUSEHOLD_1,338,371.8733701065464,33.87337010654642
2016-04-07,CA_4,CA,HOUSEHOLD_2,155,133.22553573750614,21.774464262493865
2016-04-07,TX_1,TX,FOODS_1,170,192.01588408582055,22.015884085820545
2016-04-07,TX_1,TX,FOODS_2,417,372.7213338208661,44.27866617913389
2016-04-07,TX_1,TX,FOODS_3,1460,1352.5066622473337,107.49333775266632
2016-04-07,TX_1,TX,HOBBIES_1,198,242.21728646255806,44.217286462558064
2016-04-07,TX_1,TX,HOBBIES_2,32,28.66339459140292,3.33660540859708
2016-04-07,TX_1,TX,HOUSEHOLD_1,575,698.1998245504669,123.19982455046693
2016-04-07,TX_1,TX,HOUSEHOLD_2,248,179.60050064093465,68.39949935906535
2016-04-07,TX_2,TX,FOODS_1,230,224.59600373411502,5.4039962658849845
2016-04-07,TX_2,TX,FOODS_2,380,381.86040413738186,1.8604041373818632
2016-04-07,TX_2,TX,FOODS_3,1817,1783.341867766976,33.658132233023935
2016-04-07,TX_2,TX,HOBBIES_1,324,296.3311731668602,27.668826833139804
2016-04-07,TX_2,TX,HOBBIES_2,82,43.80015456130193,38.19984543869807
2016-04-07,TX_2,TX,HOUSEHOLD_1,771,723.4336080131311,47.566391986868894
2016-04-07,TX_2,TX,HOUSEHOLD_2,191,172.10319763808693,18.896802361913075
2016-04-07,TX_3,TX,FOODS_1,238,277.43902505505196,39.43902505505196
2016-04-07,TX_3,TX,FOODS_2,594,493.0352507135781,100.96474928642192
2016-04-07,TX_3,TX,FOODS_3,1618,1500.1996379622487,117.80036203775126
2016-04-07,TX_3,TX,HOBBIES_1,287,313.68733249329165,26.68733249329165
2016-04-07,TX_3,TX,HOBBIES_2,75,54.72727926727875,20.272720732721247
2016-04-07,TX_3,TX,HOUSEHOLD_1,734,795.5596764474827,61.55967644748273
2016-04-07,TX_3,TX,HOUSEHOLD_2,159,154.06110276578988,4.938897234210117
2016-04-07,WI_1,WI,FOODS_1,258,253.97463979831883,4.025360201681167
2016-04-07,WI_1,WI,FOODS_2,573,598.7763712974573,25.77637129745733
2016-04-07,WI_1,WI,FOODS_3,1400,1429.2684186177532,29.26841861775324
2016-04-07,WI_1,WI,HOBBIES_1,351,330.5343950842838,20.4656049157162
2016-04-07,WI_1,WI,HOBBIES_2,31,33.892176828596455,2.8921768285964546
2016-04-07,WI_1,WI,HOUSEHOLD_1,507,515.7575768997934,8.757576899793435
2016-04-07,WI_1,WI,HOUSEHOLD_2,168,153.2906058346799,14.709394165320106
2016-04-07,WI_2,WI,FOODS_1,327,350.00408431852554,23.004084318525543
2016-04-07,WI_2,WI,FOODS_2,1146,1214.8290864354615,68.82908643546148
2016-04-07,WI_2,WI,FOODS_3,2432,2360.4495462020177,71.5504537979823
2016-04-07,WI_2,WI,HOBBIES_1,242,236.17938718589664,5.820612814103356
2016-04-07,WI_2,WI,HOBBIES_2,38,33.037643969972784,4.962356030027216
2016-04-07,WI_2,WI,HOUSEHOLD_1,997,1029.5655601403735,32.565560140373464
2016-04-07,WI_2,WI,HOUSEHOLD_2,160,139.04963716167043,20.950362838329568
2016-04-07,WI_3,WI,FOODS_1,254,243.02653123756951,10.973468762430485
2016-04-07,WI_3,WI,FOODS_2,550,612.3861473988296,62.38614739882962
2016-04-07,WI_3,WI,FOODS_3,1637,1792.5697502992773,155.5697502992773
2016-04-07,WI_3,WI,HOBBIES_1,184,213.80225158386645,29.80225158386645
2016-04-07,WI_3,WI,HOBBIES_2,19,30.72059606427865,11.720596064278649
2016-04-07,WI_3,WI,HOUSEHOLD_1,656,601.6740396443596,54.325960355640404
2016-04-07,WI_3,WI,HOUSEHOLD_2,127,140.95832401116024,13.958324011160244
2016-04-08,CA_1,CA,FOODS_1,319,296.5098948500573,22.49010514994268
2016-04-08,CA_1,CA,FOODS_2,619,548.8229021732117,70.17709782678833
2016-04-08,CA_1,CA,FOODS_3,2203,2153.926703286501,49.073296713499076
2016-04-08,CA_1,CA,HOBBIES_1,551,441.2135384227828,109.78646157721721
2016-04-08,CA_1,CA,HOBBIES_2,31,32.77255821508874,1.7725582150887433
2016-04-08,CA_1,CA,HOUSEHOLD_1,785,728.7964162680747,56.20358373192528
2016-04-08,CA_1,CA,HOUSEHOLD_2,211,228.659612177446,17.659612177446007
2016-04-08,CA_2,CA,FOODS_1,464,456.6194145803272,7.380585419672798
2016-04-08,CA_2,CA,FOODS_2,419,472.852282942552,53.852282942551994
2016-04-08,CA_2,CA,FOODS_3,2013,2031.5532125959319,18.553212595931882
2016-04-08,CA_2,CA,HOBBIES_1,352,366.0517937547655,14.051793754765527
2016-04-08,CA_2,CA,HOBBIES_2,46,31.34060966339194,14.659390336608059
2016-04-08,CA_2,CA,HOUSEHOLD_1,822,754.6753231371129,67.32467686288715
2016-04-08,CA_2,CA,HOUSEHOLD_2,331,301.78510887815037,29.214891121849632
2016-04-08,CA_3,CA,FOODS_1,464,363.1954011445173,100.80459885548271
2016-04-08,CA_3,CA,FOODS_2,581,639.8425208410614,58.8425208410614
2016-04-08,CA_3,CA,FOODS_3,2892,2821.807463267378,70.1925367326221
2016-04-08,CA_3,CA,HOBBIES_1,480,494.6036050174338,14.603605017433779
2016-04-08,CA_3,CA,HOBBIES_2,58,49.52616668618787,8.47383331381213
2016-04-08,CA_3,CA,HOUSEHOLD_1,1432,1377.5805849254612,54.41941507453885
2016-04-08,CA_3,CA,HOUSEHOLD_2,284,227.4160348481064,56.58396515189361
2016-04-08,CA_4,CA,FOODS_1,229,215.1568342473269,13.843165752673087
2016-04-08,CA_4,CA,FOODS_2,290,364.7293031643013,74.72930316430131
2016-04-08,CA_4,CA,FOODS_3,1078,951.3300557711652,126.66994422883477
2016-04-08,CA_4,CA,HOBBIES_1,295,345.25863534921655,50.25863534921655
2016-04-08,CA_4,CA,HOBBIES_2,24,18.701040771768795,5.298959228231205
2016-04-08,CA_4,CA,HOUSEHOLD_1,323,373.78681733691076,50.78681733691076
2016-04-08,CA_4,CA,HOUSEHOLD_2,118,145.24762135491721,27.247621354917214
2016-04-08,TX_1,TX,FOODS_1,233,210.43553045606973,22.564469543930272
2016-04-08,TX_1,TX,FOODS_2,319,381.06997417579987,62.06997417579987
2016-04-08,TX_1,TX,FOODS_3,1535,1461.9795315651725,73.02046843482754
2016-04-08,TX_1,TX,HOBBIES_1,281,276.93800198718867,4.06199801281133
2016-04-08,TX_1,TX,HOBBIES_2,33,27.830837801075678,5.169162198924322
2016-04-08,TX_1,TX,HOUSEHOLD_1,736,715.1766705244696,20.823329475530386
2016-04-08,TX_1,TX,HOUSEHOLD_2,164,200.60848004205417,36.60848004205417
2016-04-08,TX_2,TX,FOODS_1,215,251.20826776363123,36.20826776363123
2016-04-08,TX_2,TX,FOODS_2,306,399.8503172950587,93.85031729505869
2016-04-08,TX_2,TX,FOODS_3,1937,2092.674257863858,155.6742578638582
2016-04-08,TX_2,TX,HOBBIES_1,333,330.48037571549054,2.5196242845094616
2016-04-08,TX_2,TX,HOBBIES_2,36,42.533124287631544,6.533124287631544
2016-04-08,TX_2,TX,HOUSEHOLD_1,709,789.8913329804943,80.89133298049433
2016-04-08,TX_2,TX,HOUSEHOLD_2,212,207.7256027001347,4.2743972998653135
2016-04-08,TX_3,TX,FOODS_1,271,285.256586052704,14.256586052703994
2016-04-08,TX_3,TX,FOODS_2,463,525.7433531000792,62.74335310007916
2016-04-08,TX_3,TX,FOODS_3,1645,1676.1544798235523,31.154479823552265
2016-04-08,TX_3,TX,HOBBIES_1,322,354.86552278824854,32.86552278824854
2016-04-08,TX_3,TX,HOBBIES_2,75,65.19596074836238,9.804039251637619
2016-04-08,TX_3,TX,HOUSEHOLD_1,748,797.1608648642002,49.16086486420022
2016-04-08,TX_3,TX,HOUSEHOLD_2,193,179.70986427464845,13.290135725351547
2016-04-08,WI_1,WI,FOODS_1,313,293.39289017714924,19.60710982285076
2016-04-08,WI_1,WI,FOODS_2,652,642.0811838735206,9.918816126479442
2016-04-08,WI_1,WI,FOODS_3,1665,1682.3376595971545,17.33765959715447
2016-04-08,WI_1,WI,HOBBIES_1,423,444.23177155499025,21.231771554990246
2016-04-08,WI_1,WI,HOBBIES_2,31,36.19682197237038,5.19682197237038
2016-04-08,WI_1,WI,HOUSEHOLD_1,590,677.7650997834061,87.76509978340607
2016-04-08,WI_1,WI,HOUSEHOLD_2,192,179.46346703887914,12.536532961120855
2016-04-08,WI_2,WI,FOODS_1,498,385.3701469299381,112.62985307006193
2016-04-08,WI_2,WI,FOODS_2,1736,1345.1366532786526,390.8633467213474
2016-04-08,WI_2,WI,FOODS_3,3093,2566.9679713456308,526.0320286543692
2016-04-08,WI_2,WI,HOBBIES_1,311,278.23243385066957,32.767566149330435
2016-04-08,WI_2,WI,HOBBIES_2,45,35.45426819477045,9.54573180522955
2016-04-08,WI_2,WI,HOUSEHOLD_1,869,1041.2636249323666,172.2636249323666
2016-04-08,WI_2,WI,HOUSEHOLD_2,143,161.0536528516849,18.053652851684888
2016-04-08,WI_3,WI,FOODS_1,225,290.14745792500287,65.14745792500287
2016-04-08,WI_3,WI,FOODS_2,657,656.9201869878916,0.07981301210838865
2016-04-08,WI_3,WI,FOODS_3,2115,2100.411394799718,14.588605200282018
2016-04-08,WI_3,WI,HOBBIES_1,293,255.22906983452137,37.77093016547863
2016-04-08,WI_3,WI,HOBBIES_2,46,36.19869804972258,9.80130195027742
2016-04-08,WI_3,WI,HOUSEHOLD_1,675,715.8647395378546,40.864739537854575
2016-04-08,WI_3,WI,HOUSEHOLD_2,168,160.9176321622054,7.082367837794607
2016-04-09,CA_1,CA,FOODS_1,394,397.3686966276039,3.3686966276039243
2016-04-09,CA_1,CA,FOODS_2,760,759.9887210196933,0.011278980306656194
2016-04-09,CA_1,CA,FOODS_3,2919,2889.8741326750774,29.125867324922638
2016-04-09,CA_1,CA,HOBBIES_1,535,610.7282000659787,75.72820006597874
2016-04-09,CA_1,CA,HOBBIES_2,36,40.14357726883843,4.143577268838428
2016-04-09,CA_1,CA,HOUSEHOLD_1,1164,1077.0199941492365,86.98000585076352
2016-04-09,CA_1,CA,HOUSEHOLD_2,304,318.75581617429617,14.755816174296172
2016-04-09,CA_2,CA,FOODS_1,651,539.7865245308675,111.2134754691325
2016-04-09,CA_2,CA,FOODS_2,709,664.9666498229968,44.03335017700317
2016-04-09,CA_2,CA,FOODS_3,2758,2489.2591348105852,268.74086518941476
2016-04-09,CA_2,CA,HOBBIES_1,526,507.6131656017814,18.386834398218582
2016-04-09,CA_2,CA,HOBBIES_2,48,45.69908270798959,2.3009172920104106
2016-04-09,CA_2,CA,HOUSEHOLD_1,1185,1135.153397726014,49.846602273986036
2016-04-09,CA_2,CA,HOUSEHOLD_2,476,415.76850470994117,60.23149529005883
2016-04-09,CA_3,CA,FOODS_1,512,444.5938857598614,67.4061142401386
2016-04-09,CA_3,CA,FOODS_2,964,784.610360534746,179.38963946525405
2016-04-09,CA_3,CA,FOODS_3,3434,3579.5836241923885,145.58362419238847
2016-04-09,CA_3,CA,HOBBIES_1,582,600.2829943845293,18.282994384529275
2016-04-09,CA_3,CA,HOBBIES_2,66,65.79904710377892,0.20095289622108226
2016-04-09,CA_3,CA,HOUSEHOLD_1,1812,1836.1541208953952,24.15412089539518
2016-04-09,CA_3,CA,HOUSEHOLD_2,412,364.2123155382308,47.787684461769175
2016-04-09,CA_4,CA,FOODS_1,249,236.9732125533706,12.026787446629413
2016-04-09,CA_4,CA,FOODS_2,475,452.3192747213672,22.680725278632792
2016-04-09,CA_4,CA,FOODS_3,1367,1240.4538760994083,126.54612390059174
2016-04-09,CA_4,CA,HOBBIES_1,343,387.8095418281555,44.80954182815549
2016-04-09,CA_4,CA,HOBBIES_2,16,17.37623192166674,1.37623192166674
2016-04-09,CA_4,CA,HOUSEHOLD_1,465,488.6489617638984,23.6489617638984
2016-04-09,CA_4,CA,HOUSEHOLD_2,149,180.72992191495595,31.729921914955952
2016-04-09,TX_1,TX,FOODS_1,258,238.14424133403904,19.855758665960963
2016-04-09,TX_1,TX,FOODS_2,392,447.610214092598,55.61021409259803
2016-04-09,TX_1,TX,FOODS_3,1967,1888.2933690712443,78.70663092875566
2016-04-09,TX_1,TX,HOBBIES_1,330,314.56322920315614,15.43677079684386
2016-04-09,TX_1,TX,HOBBIES_2,27,32.39084439652555,5.3908443965255515
2016-04-09,TX_1,TX,HOUSEHOLD_1,827,929.9894619516185,102.98946195161852
2016-04-09,TX_1,TX,HOUSEHOLD_2,267,246.43764532747406,20.56235467252594
2016-04-09,TX_2,TX,FOODS_1,271,269.67773100985545,1.3222689901445506
2016-04-09,TX_2,TX,FOODS_2,530,460.1323724374981,69.86762756250192
2016-04-09,TX_2,TX,FOODS_3,2394,2386.410758613439,7.589241386560843
2016-04-09,TX_2,TX,HOBBIES_1,332,377.80233467257216,45.80233467257216
2016-04-09,TX_2,TX,HOBBIES_2,38,51.61369041740032,13.61369041740032
2016-04-09,TX_2,TX,HOUSEHOLD_1,939,976.8190866561982,37.81908665619824
2016-04-09,TX_2,TX,HOUSEHOLD_2,316,249.27760409274418,66.72239590725582
2016-04-09,TX_3,TX,FOODS_1,289,294.8132840709915,5.813284070991472
2016-04-09,TX_3,TX,FOODS_2,660,640.2435265110747,19.75647348892528
2016-04-09,TX_3,TX,FOODS_3,2019,2060.6400756704843,41.64007567048429
2016-04-09,TX_3,TX,HOBBIES_1,359,389.9965298237565,30.996529823756475
2016-04-09,TX_3,TX,HOBBIES_2,59,71.07935162248094,12.079351622480942
2016-04-09,TX_3,TX,HOUSEHOLD_1,881,975.1701042547596,94.17010425475962
2016-04-09,TX_3,TX,HOUSEHOLD_2,205,223.64886198947772,18.648861989477723
2016-04-09,WI_1,WI,FOODS_1,491,355.1265848128141,135.8734151871859
2016-04-09,WI_1,WI,FOODS_2,1092,893.2631605698548,198.7368394301452
2016-04-09,WI_1,WI,FOODS_3,2719,2078.5043941797876,640.4956058202124
2016-04-09,WI_1,WI,HOBBIES_1,577,533.8396106327481,43.16038936725192
2016-04-09,WI_1,WI,HOBBIES_2,46,41.44582891408864,4.5541710859113635
2016-04-09,WI_1,WI,HOUSEHOLD_1,979,780.252818099499,198.747181900501
2016-04-09,WI_1,WI,HOUSEHOLD_2,278,236.48445552826328,41.51554447173672
2016-04-09,WI_2,WI,FOODS_1,544,492.9304270267401,51.06957297325988
2016-04-09,WI_2,WI,FOODS_2,2063,1891.6466115020498,171.35338849795016
2016-04-09,WI_2,WI,FOODS_3,3295,3295.600288629705,0.6002886297051191
2016-04-09,WI_2,WI,HOBBIES_1,388,325.7323636010103,62.26763639898968
2016-04-09,WI_2,WI,HOBBIES_2,32,36.648139630373755,4.648139630373755
2016-04-09,WI_2,WI,HOUSEHOLD_1,1334,1137.560377572548,196.43962242745192
2016-04-09,WI_2,WI,HOUSEHOLD_2,196,183.88236979968391,12.117630200316086
2016-04-09,WI_3,WI,FOODS_1,315,315.89119812972757,0.8911981297275702
2016-04-09,WI_3,WI,FOODS_2,904,819.073020465266,84.92697953473396
2016-04-09,WI_3,WI,FOODS_3,2939,2589.260404232745,349.7395957672552
2016-04-09,WI_3,WI,HOBBIES_1,365,286.1644006661902,78.8355993338098
2016-04-09,WI_3,WI,HOBBIES_2,34,35.56903780583129,1.569037805831293
2016-04-09,WI_3,WI,HOUSEHOLD_1,872,898.9572197436017,26.95721974360174
2016-04-09,WI_3,WI,HOUSEHOLD_2,206,198.1282430320514,7.871756967948613
2016-04-10,CA_1,CA,FOODS_1,301,325.7568016030906,24.756801603090594
2016-04-10,CA_1,CA,FOODS_2,748,762.8119147087252,14.811914708725226
2016-04-10,CA_1,CA,FOODS_3,3012,2972.4207250343206,39.57927496567936
2016-04-10,CA_1,CA,HOBBIES_1,503,530.5650810383124,27.565081038312428
2016-04-10,CA_1,CA,HOBBIES_2,44,42.88498936796766,1.1150106320323374
2016-04-10,CA_1,CA,HOUSEHOLD_1,1044,1110.5218998769012,66.52189987690122
2016-04-10,CA_1,CA,HOUSEHOLD_2,317,295.09981068008375,21.90018931991625
2016-04-10,CA_2,CA,FOODS_1,692,574.3520042269062,117.64799577309384
2016-04-10,CA_2,CA,FOODS_2,789,711.6594992970599,77.34050070294006
2016-04-10,CA_2,CA,FOODS_3,2630,2626.6699063019464,3.330093698053588
2016-04-10,CA_2,CA,HOBBIES_1,557,470.5523107079554,86.44768929204457
2016-04-10,CA_2,CA,HOBBIES_2,48,48.90952900601823,0.9095290060182322
2016-04-10,CA_2,CA,HOUSEHOLD_1,1140,1139.878607056061,0.1213929439390995
2016-04-10,CA_2,CA,HOUSEHOLD_2,441,423.9867796146389,17.01322038536108
2016-04-10,CA_3,CA,FOODS_1,457,443.9579981857777,13.042001814222317
2016-04-10,CA_3,CA,FOODS_2,1067,938.8454822135923,128.15451778640772
2016-04-10,CA_3,CA,FOODS_3,3929,3767.211408119658,161.7885918803422
2016-04-10,CA_3,CA,HOBBIES_1,560,556.1303122890987,3.869687710901303
2016-04-10,CA_3,CA,HOBBIES_2,76,63.73730042664322,12.262699573356777
2016-04-10,CA_3,CA,HOUSEHOLD_1,2052,1892.420817469969,159.57918253003095
2016-04-10,CA_3,CA,HOUSEHOLD_2,461,363.63444521244395,97.36555478755605
2016-04-10,CA_4,CA,FOODS_1,205,219.85250338741653,14.852503387416533
2016-04-10,CA_4,CA,FOODS_2,582,484.23576949450626,97.76423050549374
2016-04-10,CA_4,CA,FOODS_3,1363,1351.5309960123209,11.469003987679116
2016-04-10,CA_4,CA,HOBBIES_1,347,397.57565841740006,50.575658417400064
2016-04-10,CA_4,CA,HOBBIES_2,16,17.216458623197774,1.2164586231977736
2016-04-10,CA_4,CA,HOUSEHOLD_1,533,487.3160449231379,45.683955076862105
2016-04-10,CA_4,CA,HOUSEHOLD_2,149,167.91462806476727,18.91462806476727
2016-04-10,TX_1,TX,FOODS_1,247,227.66611279101141,19.333887208988585
2016-04-10,TX_1,TX,FOODS_2,463,472.1369816715189,9.136981671518924
2016-04-10,TX_1,TX,FOODS_3,1938,2000.1199277131038,62.119927713103834
2016-04-10,TX_1,TX,HOBBIES_1,283,299.1183777790124,16.118377779012405
2016-04-10,TX_1,TX,HOBBIES_2,36,36.64147683191907,0.6414768319190713
2016-04-10,TX_1,TX,HOUSEHOLD_1,942,922.6094454235246,19.390554576475438
2016-04-10,TX_1,TX,HOUSEHOLD_2,239,258.77408440944976,19.774084409449756
2016-04-10,TX_2,TX,FOODS_1,278,262.91632385001424,15.083676149985763
2016-04-10,TX_2,TX,FOODS_2,498,533.538668776757,35.53866877675705
2016-04-10,TX_2,TX,FOODS_3,2564,2463.373701360331,100.62629863966913
2016-04-10,TX_2,TX,HOBBIES_1,443,378.81336009769825,64.18663990230175
2016-04-10,TX_2,TX,HOBBIES_2,78,55.18598623761988,22.81401376238012
2016-04-10,TX_2,TX,HOUSEHOLD_1,912,949.790987924418,37.790987924418005
2016-04-10,TX_2,TX,HOUSEHOLD_2,262,257.69087583330753,4.30912416669247
2016-04-10,TX_3,TX,FOODS_1,277,283.01481673265783,6.014816732657835
2016-04-10,TX_3,TX,FOODS_2,637,640.8184456251468,3.818445625146751
2016-04-10,TX_3,TX,FOODS_3,2112,2139.6930061152393,27.693006115239314
2016-04-10,TX_3,TX,HOBBIES_1,406,370.45050369646265,35.54949630353735
2016-04-10,TX_3,TX,HOBBIES_2,56,65.11770967722339,9.117709677223388
2016-04-10,TX_3,TX,HOUSEHOLD_1,932,934.5538255829349,2.5538255829349055
2016-04-10,TX_3,TX,HOUSEHOLD_2,215,216.08838548453548,1.088385484535479
2016-04-10,WI_1,WI,FOODS_1,369,307.87460670317427,61.125393296825735
2016-04-10,WI_1,WI,FOODS_2,980,944.6000130190744,35.39998698092563
2016-04-10,WI_1,WI,FOODS_3,2171,2054.7498567732196,116.25014322678044
2016-04-10,WI_1,WI,HOBBIES_1,417,441.4790292761256,24.479029276125573
2016-04-10,WI_1,WI,HOBBIES_2,50,42.053626307943375,7.946373692056625
2016-04-10,WI_1,WI,HOUSEHOLD_1,798,800.816049202904,2.8160492029039688
2016-04-10,WI_1,WI,HOUSEHOLD_2,210,219.03699418156427,9.036994181564268
2016-04-10,WI_2,WI,FOODS_1,421,484.8216497928968,63.82164979289678
2016-04-10,WI_2,WI,FOODS_2,1484,1948.59,464.5899999999999
2016-04-10,WI_2,WI,FOODS_3,2613,3128.685383244596,515.6853832445959
2016-04-10,WI_2,WI,HOBBIES_1,258,313.20888121621687,55.20888121621687
2016-04-10,WI_2,WI,HOBBIES_2,51,37.54159280077383,13.458407199226173
2016-04-10,WI_2,WI,HOUSEHOLD_1,1006,1233.8946643309391,227.89466433093912
2016-04-10,WI_2,WI,HOUSEHOLD_2,179,179.55594044103833,0.5559404410383308
2016-04-10,WI_3,WI,FOODS_1,212,294.90100766655365,82.90100766655365
2016-04-10,WI_3,WI,FOODS_2,833,832.8798386930307,0.12016130696929395
2016-04-10,WI_3,WI,FOODS_3,2574,2575.165838088372,1.1658380883718564
2016-04-10,WI_3,WI,HOBBIES_1,259,263.1107953445568,4.110795344556777
2016-04-10,WI_3,WI,HOBBIES_2,37,33.68770993758107,3.3122900624189313
2016-04-10,WI_3,WI,HOUSEHOLD_1,828,818.5745923742136,9.42540762578642
2016-04-10,WI_3,WI,HOUSEHOLD_2,225,191.94673920633392,33.053260793666084
2016-04-11,CA_1,CA,FOODS_1,257,258.17441932588184,1.1744193258818427
2016-04-11,CA_1,CA,FOODS_2,573,570.7534991785179,2.2465008214820728
2016-04-11,CA_1,CA,FOODS_3,2046,2119.464653457061,73.4646534570611
2016-04-11,CA_1,CA,HOBBIES_1,596,451.48953351055627,144.51046648944373
2016-04-11,CA_1,CA,HOBBIES_2,24,31.05648676693822,7.056486766938221
2016-04-11,CA_1,CA,HOUSEHOLD_1,789,778.1829968220911,10.817003177908873
2016-04-11,CA_1,CA,HOUSEHOLD_2,199,198.45848836355188,0.5415116364481207
2016-04-11,CA_2,CA,FOODS_1,422,432.94461734664316,10.944617346643156
2016-04-11,CA_2,CA,FOODS_2,473,499.64375745522483,26.64375745522483
2016-04-11,CA_2,CA,FOODS_3,1726,1832.183311014699,106.18331101469903
2016-04-11,CA_2,CA,HOBBIES_1,244,350.3987056963356,106.39870569633558
2016-04-11,CA_2,CA,HOBBIES_2,39,35.80705354302429,3.1929464569757116
2016-04-11,CA_2,CA,HOUSEHOLD_1,694,707.053351053899,13.05335105389895
2016-04-11,CA_2,CA,HOUSEHOLD_2,293,305.23318148010213,12.233181480102132
2016-04-11,CA_3,CA,FOODS_1,422,375.2887813306355,46.711218669364484
2016-04-11,CA_3,CA,FOODS_2,819,759.2335312160427,59.76646878395729
2016-04-11,CA_3,CA,FOODS_3,2961,3141.899468700314,180.89946870031417
2016-04-11,CA_3,CA,HOBBIES_1,526,458.5398346198659,67.46016538013407
2016-04-11,CA_3,CA,HOBBIES_2,37,48.87815404570111,11.878154045701109
2016-04-11,CA_3,CA,HOUSEHOLD_1,1519,1449.9961643872157,69.00383561278431
2016-04-11,CA_3,CA,HOUSEHOLD_2,296,277.8532206672119,18.146779332788128
2016-04-11,CA_4,CA,FOODS_1,199,191.916622505954,7.083377494046005
2016-04-11,CA_4,CA,FOODS_2,381,402.74832607398736,21.748326073987357
2016-04-11,CA_4,CA,FOODS_3,1114,1128.2425008411203,14.242500841120318
2016-04-11,CA_4,CA,HOBBIES_1,307,317.73826337607653,10.738263376076532
2016-04-11,CA_4,CA,HOBBIES_2,18,15.968493260227428,2.0315067397725723
2016-04-11,CA_4,CA,HOUSEHOLD_1,382,376.72134087533595,5.2786591246640455
2016-04-11,CA_4,CA,HOUSEHOLD_2,134,120.86863901917232,13.13136098082768
2016-04-11,TX_1,TX,FOODS_1,171,191.26340368756658,20.26340368756658
2016-04-11,TX_1,TX,FOODS_2,386,396.5225800597205,10.522580059720497
2016-04-11,TX_1,TX,FOODS_3,1408,1580.983101802788,172.98310180278804
2016-04-11,TX_1,TX,HOBBIES_1,255,236.14656728054652,18.85343271945348
2016-04-11,TX_1,TX,HOBBIES_2,38,31.606192337066364,6.393807662933636
2016-04-11,TX_1,TX,HOUSEHOLD_1,724,736.9315616465492,12.931561646549198
2016-04-11,TX_1,TX,HOUSEHOLD_2,186,186.37174229702111,0.3717422970211146
2016-04-11,TX_2,TX,FOODS_1,179,212.65390187209113,33.653901872091126
2016-04-11,TX_2,TX,FOODS_2,444,429.2038083154957,14.796191684504322
2016-04-11,TX_2,TX,FOODS_3,1979,1981.3262465907255,2.326246590725532
2016-04-11,TX_2,TX,HOBBIES_1,394,307.3516663045155,86.6483336954845
2016-04-11,TX_2,TX,HOBBIES_2,37,41.71809632782607,4.718096327826068
2016-04-11,TX_2,TX,HOUSEHOLD_1,758,750.2799283108342,7.72007168916582
2016-04-11,TX_2,TX,HOUSEHOLD_2,242,208.37640868943788,33.62359131056212
2016-04-11,TX_3,TX,FOODS_1,240,246.4038759070168,6.403875907016811
2016-04-11,TX_3,TX,FOODS_2,607,571.0745961202757,35.925403879724286
2016-04-11,TX_3,TX,FOODS_3,1824,1696.8750582372666,127.12494176273344
2016-04-11,TX_3,TX,HOBBIES_1,342,330.5138676651519,11.486132334848094
2016-04-11,TX_3,TX,HOBBIES_2,59,59.92351618104122,0.9235161810412222
2016-04-11,TX_3,TX,HOUSEHOLD_1,739,767.150201202184,28.150201202184007
2016-04-11,TX_3,TX,HOUSEHOLD_2,162,161.22160530841214,0.778394691587863
2016-04-11,WI_1,WI,FOODS_1,282,272.8755196886713,9.124480311328682
2016-04-11,WI_1,WI,FOODS_2,667,699.1866459377305,32.18664593773053
2016-04-11,WI_1,WI,FOODS_3,1511,1601.0292558352771,90.02925583527713
2016-04-11,WI_1,WI,HOBBIES_1,314,333.4785044915878,19.478504491587785
2016-04-11,WI_1,WI,HOBBIES_2,18,28.07165439893359,10.071654398933589
2016-04-11,WI_1,WI,HOUSEHOLD_1,550,533.8433285521942,16.15667144780582
2016-04-11,WI_1,WI,HOUSEHOLD_2,151,173.75016129521467,22.750161295214667
2016-04-11,WI_2,WI,FOODS_1,441,406.016705203185,34.98329479681502
2016-04-11,WI_2,WI,FOODS_2,1806,1537.9200158889043,268.07998411109565
2016-04-11,WI_2,WI,FOODS_3,2685,2552.5314075059,132.4685924941
2016-04-11,WI_2,WI,HOBBIES_1,217,239.73972636778868,22.739726367788677
2016-04-11,WI_2,WI,HOBBIES_2,29,34.15872894274766,5.158728942747658
2016-04-11,WI_2,WI,HOUSEHOLD_1,915,944.1396090379789,29.139609037978857
2016-04-11,WI_2,WI,HOUSEHOLD_2,134,136.50214750146137,2.5021475014613657
2016-04-11,WI_3,WI,FOODS_1,193,228.7135136317528,35.71351363175279
2016-04-11,WI_3,WI,FOODS_2,689,705.6852044426249,16.685204442624922
2016-04-11,WI_3,WI,FOODS_3,2186,2047.2983445009982,138.70165549900184
2016-04-11,WI_3,WI,HOBBIES_1,200,206.37950335748846,6.37950335748846
2016-04-11,WI_3,WI,HOBBIES_2,22,27.809493205230595,5.809493205230595
2016-04-11,WI_3,WI,HOUSEHOLD_1,598,615.7703358857212,17.770335885721238
2016-04-11,WI_3,WI,HOUSEHOLD_2,155,140.26515792901722,14.73484207098278
2016-04-12,CA_1,CA,FOODS_1,227,245.42201563031216,18.42201563031216
2016-04-12,CA_1,CA,FOODS_2,496,509.91304080715815,13.913040807158154
2016-04-12,CA_1,CA,FOODS_3,1649,1797.2171060828468,148.21710608284684
2016-04-12,CA_1,CA,HOBBIES_1,370,420.67344720740783,50.67344720740783
2016-04-12,CA_1,CA,HOBBIES_2,21,31.27793076281018,10.277930762810179
2016-04-12,CA_1,CA,HOUSEHOLD_1,667,707.2332288422607,40.2332288422607
2016-04-12,CA_1,CA,HOUSEHOLD_2,149,184.70717672741856,35.707176727418556
2016-04-12,CA_2,CA,FOODS_1,377,407.80706398038654,30.807063980386545
2016-04-12,CA_2,CA,FOODS_2,362,430.4495338752324,68.44953387523242
2016-04-12,CA_2,CA,FOODS_3,1888,1652.0228030281357,235.97719697186426
2016-04-12,CA_2,CA,HOBBIES_1,317,326.3925024494754,9.392502449475387
2016-04-12,CA_2,CA,HOBBIES_2,43,38.8884437396431,4.111556260356899
2016-04-12,CA_2,CA,HOUSEHOLD_1,560,677.6013563295425,117.60135632954245
2016-04-12,CA_2,CA,HOUSEHOLD_2,251,292.92220213974133,41.92220213974133
2016-04-12,CA_3,CA,FOODS_1,343,357.20166515710736,14.201665157107357
2016-04-12,CA_3,CA,FOODS_2,694,702.9481684350754,8.948168435075445
2016-04-12,CA_3,CA,FOODS_3,2655,2795.904825519991,140.90482551999094
2016-04-12,CA_3,CA,HOBBIES_1,390,437.11122795484465,47.11122795484465
2016-04-12,CA_3,CA,HOBBIES_2,60,59.31109784499738,0.6889021550026229
2016-04-12,CA_3,CA,HOUSEHOLD_1,1220,1324.6686478119027,104.6686478119027
2016-04-12,CA_3,CA,HOUSEHOLD_2,279,269.1906026483776,9.809397351622408
2016-04-12,CA_4,CA,FOODS_1,201,191.92960828274184,9.070391717258161
2016-04-12,CA_4,CA,FOODS_2,306,358.7092771945056,52.7092771945056
2016-04-12,CA_4,CA,FOODS_3,888,1008.5882939429811,120.58829394298107
2016-04-12,CA_4,CA,HOBBIES_1,263,293.19388980428874,30.193889804288744
2016-04-12,CA_4,CA,HOBBIES_2,15,16.325725347473465,1.3257253474734654
2016-04-12,CA_4,CA,HOUSEHOLD_1,359,357.58215026771654,1.4178497322834573
2016-04-12,CA_4,CA,HOUSEHOLD_2,142,119.17738029593451,22.822619704065488
2016-04-12,TX_1,TX,FOODS_1,181,191.18982026505586,10.189820265055857
2016-04-12,TX_1,TX,FOODS_2,382,371.4820291000568,10.51797089994318
2016-04-12,TX_1,TX,FOODS_3,1465,1455.8541417767874,9.1458582232126
2016-04-12,TX_1,TX,HOBBIES_1,172,223.45016254846882,51.450162548468825
2016-04-12,TX_1,TX,HOBBIES_2,24,30.09569579624961,6.095695796249611
2016-04-12,TX_1,TX,HOUSEHOLD_1,658,712.7612758110405,54.76127581104049
2016-04-12,TX_1,TX,HOUSEHOLD_2,147,177.78353057496966,30.78353057496966
2016-04-12,TX_2,TX,FOODS_1,180,208.74754277116168,28.747542771161676
2016-04-12,TX_2,TX,FOODS_2,385,396.7661791651205,11.76617916512049
2016-04-12,TX_2,TX,FOODS_3,1692,1829.740258496703,137.74025849670306
2016-04-12,TX_2,TX,HOBBIES_1,362,343.1291283933922,18.870871606607807
2016-04-12,TX_2,TX,HOBBIES_2,69,49.48971782357719,19.510282176422812
2016-04-12,TX_2,TX,HOUSEHOLD_1,600,731.8791217743518,131.8791217743518
2016-04-12,TX_2,TX,HOUSEHOLD_2,196,192.35495371844115,3.645046281558848
2016-04-12,TX_3,TX,FOODS_1,270,240.80788227969296,29.19211772030704
2016-04-12,TX_3,TX,FOODS_2,657,529.7877314002982,127.21226859970182
2016-04-12,TX_3,TX,FOODS_3,1742,1652.541769649549,89.458230350451
2016-04-12,TX_3,TX,HOBBIES_1,352,297.74363122699106,54.256368773008944
2016-04-12,TX_3,TX,HOBBIES_2,66,67.70608966210379,1.7060896621037926
2016-04-12,TX_3,TX,HOUSEHOLD_1,658,687.5672914170531,29.56729141705307
2016-04-12,TX_3,TX,HOUSEHOLD_2,160,152.4020471185433,7.597952881456706
2016-04-12,WI_1,WI,FOODS_1,312,289.4832662221098,22.51673377789018
2016-04-12,WI_1,WI,FOODS_2,693,653.5833423300425,39.416657669957544
2016-04-12,WI_1,WI,FOODS_3,1439,1538.2187610727117,99.21876107271169
2016-04-12,WI_1,WI,HOBBIES_1,284,326.19726425367793,42.19726425367793
2016-04-12,WI_1,WI,HOBBIES_2,20,31.504539882198692,11.504539882198692
2016-04-12,WI_1,WI,HOUSEHOLD_1,468,520.4226747773645,52.42267477736448
2016-04-12,WI_1,WI,HOUSEHOLD_2,172,159.27925223874905,12.720747761250948
2016-04-12,WI_2,WI,FOODS_1,479,400.80565395547296,78.19434604452704
2016-04-12,WI_2,WI,FOODS_2,1695,1508.483369625838,186.5166303741621
2016-04-12,WI_2,WI,FOODS_3,2594,2552.1220244457213,41.87797555427869
2016-04-12,WI_2,WI,HOBBIES_1,237,236.65540567095883,0.34459432904117193
2016-04-12,WI_2,WI,HOBBIES_2,15,34.24329227323299,19.24329227323299
2016-04-12,WI_2,WI,HOUSEHOLD_1,794,977.9319782894404,183.9319782894404
2016-04-12,WI_2,WI,HOUSEHOLD_2,120,132.76832854327807,12.768328543278074
2016-04-12,WI_3,WI,FOODS_1,235,223.0776464597749,11.922353540225089
2016-04-12,WI_3,WI,FOODS_2,792,680.3882429671892,111.61175703281083
2016-04-12,WI_3,WI,FOODS_3,2145,2161.4132961677406,16.413296167740555
2016-04-12,WI_3,WI,HOBBIES_1,269,215.58936147025568,53.41063852974432
2016-04-12,WI_3,WI,HOBBIES_2,35,30.81750805044179,4.182491949558209
2016-04-12,WI_3,WI,HOUSEHOLD_1,528,561.8463591981523,33.8463591981523
2016-04-12,WI_3,WI,HOUSEHOLD_2,133,137.6753385420989,4.675338542098899
2016-04-13,CA_1,CA,FOODS_1,213,240.93589527725982,27.935895277259817
2016-04-13,CA_1,CA,FOODS_2,440,488.78569054285106,48.78569054285106
2016-04-13,CA_1,CA,FOODS_3,1688,1688.077494345796,0.07749434579591252
2016-04-13,CA_1,CA,HOBBIES_1,366,410.7708818901127,44.77088189011272
2016-04-13,CA_1,CA,HOBBIES_2,49,33.164182736001194,15.835817263998806
2016-04-13,CA_1,CA,HOUSEHOLD_1,582,595.7564603686151,13.75646036861508
2016-04-13,CA_1,CA,HOUSEHOLD_2,140,178.38375013207352,38.383750132073516
2016-04-13,CA_2,CA,FOODS_1,392,390.39518571884065,1.6048142811593493
2016-04-13,CA_2,CA,FOODS_2,397,394.997752217452,2.002247782548011
2016-04-13,CA_2,CA,FOODS_3,1475,1626.2485486283697,151.2485486283697
2016-04-13,CA_2,CA,HOBBIES_1,298,352.1953804011045,54.1953804011045
2016-04-13,CA_2,CA,HOBBIES_2,45,41.81401218986437,3.1859878101356287
2016-04-13,CA_2,CA,HOUSEHOLD_1,663,641.2330586932636,21.766941306736385
2016-04-13,CA_2,CA,HOUSEHOLD_2,275,278.62646726141907,3.626467261419066
2016-04-13,CA_3,CA,FOODS_1,279,358.16849250604747,79.16849250604747
2016-04-13,CA_3,CA,FOODS_2,592,660.1759475759769,68.17594757597692
2016-04-13,CA_3,CA,FOODS_3,2532,2664.3228581682843,132.32285816828426
2016-04-13,CA_3,CA,HOBBIES_1,464,448.34607672561003,15.653923274389967
2016-04-13,CA_3,CA,HOBBIES_2,41,49.39707516829029,8.397075168290293
2016-04-13,CA_3,CA,HOUSEHOLD_1,1159,1266.123174782944,107.12317478294403
2016-04-13,CA_3,CA,HOUSEHOLD_2,310,286.7088976219358,23.29110237806418
2016-04-13,CA_4,CA,FOODS_1,208,192.660138323495,15.339861676504995
2016-04-13,CA_4,CA,FOODS_2,279,342.524433876109,63.524433876109015
2016-04-13,CA_4,CA,FOODS_3,928,933.0687494848696,5.068749484869613
2016-04-13,CA_4,CA,HOBBIES_1,307,269.75110304224376,37.248896957756244
2016-04-13,CA_4,CA,HOBBIES_2,10,15.838992226119194,5.838992226119194
2016-04-13,CA_4,CA,HOUSEHOLD_1,372,344.1382246506029,27.861775349397078
2016-04-13,CA_4,CA,HOUSEHOLD_2,110,117.14113572745602,7.141135727456017
2016-04-13,TX_1,TX,FOODS_1,218,191.97377865353974,26.02622134646026
2016-04-13,TX_1,TX,FOODS_2,333,364.41076890637817,31.410768906378166
2016-04-13,TX_1,TX,FOODS_3,1350,1400.9464516232686,50.94645162326856
2016-04-13,TX_1,TX,HOBBIES_1,241,222.83321150158972,18.166788498410284
2016-04-13,TX_1,TX,HOBBIES_2,35,30.628149702488436,4.371850297511564
2016-04-13,TX_1,TX,HOUSEHOLD_1,525,646.3752667483996,121.37526674839955
2016-04-13,TX_1,TX,HOUSEHOLD_2,150,172.4840953517293,22.48409535172931
2016-04-13,TX_2,TX,FOODS_1,195,202.1251817864491,7.1251817864491045
2016-04-13,TX_2,TX,FOODS_2,385,368.9610384342214,16.038961565778607
2016-04-13,TX_2,TX,FOODS_3,1584,1734.8041289537964,150.8041289537964
2016-04-13,TX_2,TX,HOBBIES_1,304,311.84467675452265,7.844676754522652
2016-04-13,TX_2,TX,HOBBIES_2,51,53.78780147380775,2.787801473807747
2016-04-13,TX_2,TX,HOUSEHOLD_1,663,641.3589360400036,21.64106395999636
2016-04-13,TX_2,TX,HOUSEHOLD_2,166,202.22085401482778,36.22085401482778
2016-04-13,TX_3,TX,FOODS_1,286,238.3048567153325,47.695143284667495
2016-04-13,TX_3,TX,FOODS_2,562,537.726592606824,24.273407393175944
2016-04-13,TX_3,TX,FOODS_3,1533,1604.3726794959857,71.37267949598572
2016-04-13,TX_3,TX,HOBBIES_1,337,301.5645059706556,35.4354940293444
2016-04-13,TX_3,TX,HOBBIES_2,48,59.075318425217695,11.075318425217695
2016-04-13,TX_3,TX,HOUSEHOLD_1,582,694.0440396473252,112.04403964732523
2016-04-13,TX_3,TX,HOUSEHOLD_2,146,152.85600058220894,6.856000582208935
2016-04-13,WI_1,WI,FOODS_1,298,301.0607551727285,3.060755172728477
2016-04-13,WI_1,WI,FOODS_2,565,645.833404308946,80.833404308946
2016-04-13,WI_1,WI,FOODS_3,1303,1513.0189991211091,210.01899912110912
2016-04-13,WI_1,WI,HOBBIES_1,433,325.73966098820716,107.26033901179284
2016-04-13,WI_1,WI,HOBBIES_2,25,30.976061780305237,5.976061780305237
2016-04-13,WI_1,WI,HOUSEHOLD_1,417,489.00988427196484,72.00988427196484
2016-04-13,WI_1,WI,HOUSEHOLD_2,128,157.47116383918953,29.47116383918953
2016-04-13,WI_2,WI,FOODS_1,320,397.44663537079646,77.44663537079646
2016-04-13,WI_2,WI,FOODS_2,1120,1424.7954053763754,304.79540537637536
2016-04-13,WI_2,WI,FOODS_3,2093,2452.725436301355,359.7254363013549
2016-04-13,WI_2,WI,HOBBIES_1,152,226.86163996492206,74.86163996492206
2016-04-13,WI_2,WI,HOBBIES_2,45,36.76814108357259,8.231858916427413
2016-04-13,WI_2,WI,HOUSEHOLD_1,739,839.1853436390188,100.18534363901881
2016-04-13,WI_2,WI,HOUSEHOLD_2,115,131.28929697412062,16.289296974120617
2016-04-13,WI_3,WI,FOODS_1,182,208.40530421173727,26.405304211737274
2016-04-13,WI_3,WI,FOODS_2,451,638.919861453183,187.919861453183
2016-04-13,WI_3,WI,FOODS_3,1687,1855.5773896826536,168.57738968265357
2016-04-13,WI_3,WI,HOBBIES_1,280,230.53511203942125,49.46488796057875
2016-04-13,WI_3,WI,HOBBIES_2,26,30.213566057354118,4.213566057354118
2016-04-13,WI_3,WI,HOUSEHOLD_1,384,524.7553916095344,140.7553916095344
2016-04-13,WI_3,WI,HOUSEHOLD_2,122,136.6529631103466,14.652963110346604
2016-04-14,CA_1,CA,FOODS_1,282,239.1967564046191,42.803243595380906
2016-04-14,CA_1,CA,FOODS_2,373,443.6179113292179,70.61791132921792
2016-04-14,CA_1,CA,FOODS_3,1766,1766.1598383830567,0.1598383830566945
2016-04-14,CA_1,CA,HOBBIES_1,411,405.4785005997878,5.521499400212178
2016-04-14,CA_1,CA,HOBBIES_2,18,29.561446995073943,11.561446995073943
2016-04-14,CA_1,CA,HOUSEHOLD_1,621,621.7281974631981,0.7281974631980574
2016-04-14,CA_1,CA,HOUSEHOLD_2,166,173.3929778223099,7.392977822309888
2016-04-14,CA_2,CA,FOODS_1,375,394.25292453763404,19.252924537634044
2016-04-14,CA_2,CA,FOODS_2,364,398.8689358591933,34.8689358591933
2016-04-14,CA_2,CA,FOODS_3,1461,1556.8637626045377,95.86376260453767
2016-04-14,CA_2,CA,HOBBIES_1,324,321.0368222202798,2.9631777797201835
2016-04-14,CA_2,CA,HOBBIES_2,50,44.10622369841205,5.893776301587948
2016-04-14,CA_2,CA,HOUSEHOLD_1,613,636.6882213720384,23.688221372038356
2016-04-14,CA_2,CA,HOUSEHOLD_2,254,284.7336884466778,30.733688446677775
2016-04-14,CA_3,CA,FOODS_1,289,339.93282594357083,50.93282594357083
2016-04-14,CA_3,CA,FOODS_2,550,592.9215150837937,42.92151508379368
2016-04-14,CA_3,CA,FOODS_3,2505,2550.1019165020452,45.10191650204524
2016-04-14,CA_3,CA,HOBBIES_1,508,450.0947956880482,57.90520431195182
2016-04-14,CA_3,CA,HOBBIES_2,50,55.68530541246876,5.685305412468757
2016-04-14,CA_3,CA,HOUSEHOLD_1,1286,1263.1748118559744,22.82518814402556
2016-04-14,CA_3,CA,HOUSEHOLD_2,305,304.8165447481332,0.18345525186680334
2016-04-14,CA_4,CA,FOODS_1,191,192.99423626755447,1.99423626755447
2016-04-14,CA_4,CA,FOODS_2,326,323.45405232217576,2.5459476778242447
2016-04-14,CA_4,CA,FOODS_3,1024,949.1276434096254,74.87235659037458
2016-04-14,CA_4,CA,HOBBIES_1,477,300.92057163860443,176.07942836139557
2016-04-14,CA_4,CA,HOBBIES_2,28,18.079710130540423,9.920289869459577
2016-04-14,CA_4,CA,HOUSEHOLD_1,321,345.08723919056484,24.087239190564844
2016-04-14,CA_4,CA,HOUSEHOLD_2,131,117.86516524009156,13.134834759908443
2016-04-14,TX_1,TX,FOODS_1,165,192.3580707054489,27.35807070544891
2016-04-14,TX_1,TX,FOODS_2,344,330.46648662153217,13.53351337846783
2016-04-14,TX_1,TX,FOODS_3,1299,1368.0403609110772,69.04036091107719
2016-04-14,TX_1,TX,HOBBIES_1,220,224.71669915752423,4.716699157524232
2016-04-14,TX_1,TX,HOBBIES_2,57,34.23185959271064,22.76814040728936
2016-04-14,TX_1,TX,HOUSEHOLD_1,665,602.2624399008231,62.7375600991769
2016-04-14,TX_1,TX,HOUSEHOLD_2,174,163.17934503341468,10.820654966585323
2016-04-14,TX_2,TX,FOODS_1,218,202.53745294143292,15.462547058567083
2016-04-14,TX_2,TX,FOODS_2,478,379.0213474452459,98.97865255475409
2016-04-14,TX_2,TX,FOODS_3,1750,1739.2020552636116,10.797944736388445
2016-04-14,TX_2,TX,HOBBIES_1,359,319.6841121594948,39.315887840505184
2016-04-14,TX_2,TX,HOBBIES_2,49,48.75054211207609,0.24945788792391
2016-04-14,TX_2,TX,HOUSEHOLD_1,791,683.6888228421179,107.31117715788207
2016-04-14,TX_2,TX,HOUSEHOLD_2,206,205.0090747980348,0.9909252019652115
2016-04-14,TX_3,TX,FOODS_1,312,249.47230336148692,62.52769663851308
2016-04-14,TX_3,TX,FOODS_2,470,485.8430590227057,15.843059022705688
2016-04-14,TX_3,TX,FOODS_3,1579,1537.2192242151543,41.78077578484567
2016-04-14,TX_3,TX,HOBBIES_1,314,317.106827443342,3.106827443342013
2016-04-14,TX_3,TX,HOBBIES_2,56,56.18692216012447,0.1869221601244675
2016-04-14,TX_3,TX,HOUSEHOLD_1,614,652.3091298750139,38.30912987501392
2016-04-14,TX_3,TX,HOUSEHOLD_2,172,154.18363257649895,17.81636742350105
2016-04-14,WI_1,WI,FOODS_1,286,300.1447720711818,14.14477207118182
2016-04-14,WI_1,WI,FOODS_2,564,595.2314006230027,31.23140062300274
2016-04-14,WI_1,WI,FOODS_3,1503,1531.4015251589624,28.401525158962386
2016-04-14,WI_1,WI,HOBBIES_1,296,333.33490819204053,37.33490819204053
2016-04-14,WI_1,WI,HOBBIES_2,37,30.439337738680532,6.560662261319468
2016-04-14,WI_1,WI,HOUSEHOLD_1,433,481.688486571623,48.688486571623
2016-04-14,WI_1,WI,HOUSEHOLD_2,122,155.01371701508978,33.01371701508978
2016-04-14,WI_2,WI,FOODS_1,284,359.1441727920584,75.14417279205838
2016-04-14,WI_2,WI,FOODS_2,1482,1428.6825762153344,53.31742378466561
2016-04-14,WI_2,WI,FOODS_3,2464,2328.125778109848,135.87422189015206
2016-04-14,WI_2,WI,HOBBIES_1,187,218.15161323450312,31.151613234503117
2016-04-14,WI_2,WI,HOBBIES_2,32,33.48240059692656,1.48240059692656
2016-04-14,WI_2,WI,HOUSEHOLD_1,701,787.0124564931072,86.01245649310715
2016-04-14,WI_2,WI,HOUSEHOLD_2,113,127.18506667024198,14.18506667024198
2016-04-14,WI_3,WI,FOODS_1,181,203.02684998589447,22.026849985894472
2016-04-14,WI_3,WI,FOODS_2,567,548.9251603707751,18.074839629224925
2016-04-14,WI_3,WI,FOODS_3,2004,1895.2019105458603,108.7980894541397
2016-04-14,WI_3,WI,HOBBIES_1,270,248.47002470015522,21.52997529984478
2016-04-14,WI_3,WI,HOBBIES_2,43,36.289930356048814,6.710069643951186
2016-04-14,WI_3,WI,HOUSEHOLD_1,474,506.0338953952248,32.03389539522482
2016-04-14,WI_3,WI,HOUSEHOLD_2,125,137.89097328371707,12.890973283717074
2016-04-15,CA_1,CA,FOODS_1,293,302.1869576589589,9.186957658958875
2016-04-15,CA_1,CA,FOODS_2,435,490.8390429768943,55.83904297689429
2016-04-15,CA_1,CA,FOODS_3,1978,2059.5618448703285,81.56184487032851
2016-04-15,CA_1,CA,HOBBIES_1,370,478.6329292928191,108.63292929281909
2016-04-15,CA_1,CA,HOBBIES_2,31,30.103096481041554,0.896903518958446
2016-04-15,CA_1,CA,HOUSEHOLD_1,690,749.3801780961163,59.38017809611631
2016-04-15,CA_1,CA,HOUSEHOLD_2,185,210.97922215729034,25.979222157290337
2016-04-15,CA_2,CA,FOODS_1,535,453.62085001650246,81.37914998349754
2016-04-15,CA_2,CA,FOODS_2,431,452.9694446840776,21.969444684077587
2016-04-15,CA_2,CA,FOODS_3,1925,1929.5762279721819,4.576227972181869
2016-04-15,CA_2,CA,HOBBIES_1,432,372.1510488226694,59.848951177330605
2016-04-15,CA_2,CA,HOBBIES_2,51,44.670297732307546,6.329702267692454
2016-04-15,CA_2,CA,HOUSEHOLD_1,763,745.6171817072141,17.38281829278594
2016-04-15,CA_2,CA,HOUSEHOLD_2,303,312.0035301814785,9.003530181478482
2016-04-15,CA_3,CA,FOODS_1,420,357.2379179896101,62.76208201038992
2016-04-15,CA_3,CA,FOODS_2,483,573.6601157535425,90.66011575354253
2016-04-15,CA_3,CA,FOODS_3,2568,2727.758786560772,159.75878656077202
2016-04-15,CA_3,CA,HOBBIES_1,372,496.7722945713209,124.77229457132091
2016-04-15,CA_3,CA,HOBBIES_2,60,56.35599117208756,3.6440088279124367
2016-04-15,CA_3,CA,HOUSEHOLD_1,1162,1288.2762012706964,126.27620127069645
2016-04-15,CA_3,CA,HOUSEHOLD_2,272,324.38420445360845,52.38420445360845
2016-04-15,CA_4,CA,FOODS_1,284,234.70480835481226,49.29519164518774
2016-04-15,CA_4,CA,FOODS_2,307,348.0874275600101,41.0874275600101
2016-04-15,CA_4,CA,FOODS_3,1073,1007.6497842257002,65.35021577429984
2016-04-15,CA_4,CA,HOBBIES_1,322,332.2935852853981,10.29358528539808
2016-04-15,CA_4,CA,HOBBIES_2,20,15.661064689025679,4.338935310974321
2016-04-15,CA_4,CA,HOUSEHOLD_1,369,378.35648102604614,9.35648102604614
2016-04-15,CA_4,CA,HOUSEHOLD_2,121,135.23485568607393,14.234855686073928
2016-04-15,TX_1,TX,FOODS_1,204,210.63544051094246,6.635440510942459
2016-04-15,TX_1,TX,FOODS_2,330,341.8102014575989,11.810201457598907
2016-04-15,TX_1,TX,FOODS_3,1515,1488.6310279062113,26.36897209378867
2016-04-15,TX_1,TX,HOBBIES_1,208,243.44349085993179,35.443490859931785
2016-04-15,TX_1,TX,HOBBIES_2,50,35.652390109834165,14.347609890165835
2016-04-15,TX_1,TX,HOUSEHOLD_1,621,697.0663127349167,76.06631273491666
2016-04-15,TX_1,TX,HOUSEHOLD_2,156,187.10598864880885,31.105988648808847
2016-04-15,TX_2,TX,FOODS_1,249,238.6626127496793,10.337387250320688
2016-04-15,TX_2,TX,FOODS_2,373,425.82792041675594,52.827920416755944
2016-04-15,TX_2,TX,FOODS_3,1927,1988.4096028034378,61.40960280343779
2016-04-15,TX_2,TX,HOBBIES_1,310,352.43580466659057,42.43580466659057
2016-04-15,TX_2,TX,HOBBIES_2,50,50.13834897781217,0.13834897781217137
2016-04-15,TX_2,TX,HOUSEHOLD_1,778,784.7279096221481,6.727909622148104
2016-04-15,TX_2,TX,HOUSEHOLD_2,210,247.89859548937383,37.89859548937383
2016-04-15,TX_3,TX,FOODS_1,277,293.55058519963785,16.55058519963785
2016-04-15,TX_3,TX,FOODS_2,486,525.5386779865028,39.53867798650276
2016-04-15,TX_3,TX,FOODS_3,1633,1726.482316299252,93.48231629925203
2016-04-15,TX_3,TX,HOBBIES_1,424,354.34029194617403,69.65970805382597
2016-04-15,TX_3,TX,HOBBIES_2,65,56.941761795316104,8.058238204683896
2016-04-15,TX_3,TX,HOUSEHOLD_1,736,723.0956497531583,12.904350246841659
2016-04-15,TX_3,TX,HOUSEHOLD_2,198,179.6105724844016,18.389427515598413
2016-04-15,WI_1,WI,FOODS_1,281,336.65634276355524,55.656342763555244
2016-04-15,WI_1,WI,FOODS_2,703,583.3688646054885,119.63113539451149
2016-04-15,WI_1,WI,FOODS_3,1716,1748.7500050770273,32.750005077027254
2016-04-15,WI_1,WI,HOBBIES_1,349,360.7562482004639,11.756248200463915
2016-04-15,WI_1,WI,HOBBIES_2,26,30.44537342429255,4.445373424292551
2016-04-15,WI_1,WI,HOUSEHOLD_1,591,614.8444916698347,23.844491669834724
2016-04-15,WI_1,WI,HOUSEHOLD_2,196,178.90886061911772,17.091139380882282
2016-04-15,WI_2,WI,FOODS_1,437,373.7067198935966,63.293280106403415
2016-04-15,WI_2,WI,FOODS_2,1439,1397.3346495992466,41.66535040075337
2016-04-15,WI_2,WI,FOODS_3,2960,2449.281702213994,510.71829778600613
2016-04-15,WI_2,WI,HOBBIES_1,276,266.6173966635532,9.382603336446778
2016-04-15,WI_2,WI,HOBBIES_2,22,30.650584283579352,8.650584283579352
2016-04-15,WI_2,WI,HOUSEHOLD_1,989,843.3150822062815,145.68491779371845
2016-04-15,WI_2,WI,HOUSEHOLD_2,136,144.3014433240751,8.301443324075109
2016-04-15,WI_3,WI,FOODS_1,212,231.77217202659853,19.772172026598525
2016-04-15,WI_3,WI,FOODS_2,674,569.9351443297563,104.06485567024367
2016-04-15,WI_3,WI,FOODS_3,2534,2247.756508024426,286.2434919755742
2016-04-15,WI_3,WI,HOBBIES_1,304,296.43324676443405,7.566753235565955
2016-04-15,WI_3,WI,HOBBIES_2,44,35.88905579777415,8.110944202225852
2016-04-15,WI_3,WI,HOUSEHOLD_1,676,633.1524808528759,42.8475191471241
2016-04-15,WI_3,WI,HOUSEHOLD_2,169,161.44789437542738,7.552105624572619
2016-04-16,CA_1,CA,FOODS_1,317,344.42510964858263,27.425109648582634
2016-04-16,CA_1,CA,FOODS_2,499,610.3842730253469,111.38427302534694
2016-04-16,CA_1,CA,FOODS_3,2665,2631.050728796085,33.94927120391503
2016-04-16,CA_1,CA,HOBBIES_1,690,565.2532712550466,124.74672874495343
2016-04-16,CA_1,CA,HOBBIES_2,32,41.40739714499997,9.407397144999969
2016-04-16,CA_1,CA,HOUSEHOLD_1,979,1112.5300710270624,133.53007102706238
2016-04-16,CA_1,CA,HOUSEHOLD_2,255,269.66884630412477,14.66884630412477
2016-04-16,CA_2,CA,FOODS_1,504,595.2400579720133,91.24005797201335
2016-04-16,CA_2,CA,FOODS_2,561,594.710094973898,33.71009497389798
2016-04-16,CA_2,CA,FOODS_3,2358,1995.6522984791593,362.3477015208407
2016-04-16,CA_2,CA,HOBBIES_1,451,442.8759288678912,8.124071132108782
2016-04-16,CA_2,CA,HOBBIES_2,35,57.704902961483114,22.704902961483114
2016-04-16,CA_2,CA,HOUSEHOLD_1,1012,806.6227506265664,205.37724937343364
2016-04-16,CA_2,CA,HOUSEHOLD_2,431,407.7760939684532,23.22390603154679
2016-04-16,CA_3,CA,FOODS_1,500,470.30714221394135,29.692857786058653
2016-04-16,CA_3,CA,FOODS_2,671,730.6964938312158,59.696493831215776
2016-04-16,CA_3,CA,FOODS_3,3136,3180.553768878181,44.55376887818102
2016-04-16,CA_3,CA,HOBBIES_1,578,565.9116155964879,12.088384403512123
2016-04-16,CA_3,CA,HOBBIES_2,57,59.816019832444084,2.816019832444084
2016-04-16,CA_3,CA,HOUSEHOLD_1,1637,1624.7413770922763,12.258622907723748
2016-04-16,CA_3,CA,HOUSEHOLD_2,357,384.60649667644634,27.60649667644634
2016-04-16,CA_4,CA,FOODS_1,241,249.84013308523126,8.840133085231258
2016-04-16,CA_4,CA,FOODS_2,360,411.43232179325105,51.43232179325105
2016-04-16,CA_4,CA,FOODS_3,1282,1219.6486070497667,62.351392950233276
2016-04-16,CA_4,CA,HOBBIES_1,322,396.86607089043855,74.86607089043855
2016-04-16,CA_4,CA,HOBBIES_2,11,16.608614756348924,5.608614756348924
2016-04-16,CA_4,CA,HOUSEHOLD_1,436,458.56895334451974,22.56895334451974
2016-04-16,CA_4,CA,HOUSEHOLD_2,187,166.84217939716018,20.15782060283982
2016-04-16,TX_1,TX,FOODS_1,244,235.57049042395585,8.429509576044154
2016-04-16,TX_1,TX,FOODS_2,408,407.83327090699146,0.16672909300854144
2016-04-16,TX_1,TX,FOODS_3,1760,1839.475750931519,79.47575093151909
2016-04-16,TX_1,TX,HOBBIES_1,233,300.26963865005234,67.26963865005234
2016-04-16,TX_1,TX,HOBBIES_2,40,51.61497445050063,11.614974450500632
2016-04-16,TX_1,TX,HOUSEHOLD_1,807,849.5197318771953,42.51973187719534
2016-04-16,TX_1,TX,HOUSEHOLD_2,232,230.01190880986255,1.9880911901374532
2016-04-16,TX_2,TX,FOODS_1,254,254.68288047452336,0.6828804745233583
2016-04-16,TX_2,TX,FOODS_2,340,465.9751149389716,125.97511493897161
2016-04-16,TX_2,TX,FOODS_3,2201,2242.6417210351774,41.6417210351774
2016-04-16,TX_2,TX,HOBBIES_1,364,424.24440676917976,60.24440676917976
2016-04-16,TX_2,TX,HOBBIES_2,43,66.87669539103403,23.876695391034033
2016-04-16,TX_2,TX,HOUSEHOLD_1,1027,974.573740217977,52.42625978202295
2016-04-16,TX_2,TX,HOUSEHOLD_2,246,265.02933139492455,19.029331394924554
2016-04-16,TX_3,TX,FOODS_1,298,306.0500141685592,8.050014168559187
2016-04-16,TX_3,TX,FOODS_2,509,642.3676382339736,133.3676382339736
2016-04-16,TX_3,TX,FOODS_3,1930,2051.8260610713614,121.82606107136144
2016-04-16,TX_3,TX,HOBBIES_1,375,425.13200314946096,50.13200314946096
2016-04-16,TX_3,TX,HOBBIES_2,69,66.85626381432006,2.1437361856799413
2016-04-16,TX_3,TX,HOUSEHOLD_1,862,904.1469493378457,42.14694933784574
2016-04-16,TX_3,TX,HOUSEHOLD_2,218,220.27742532674066,2.277425326740655
2016-04-16,WI_1,WI,FOODS_1,340,361.9907153455959,21.990715345595902
2016-04-16,WI_1,WI,FOODS_2,713,827.1193903928531,114.11939039285312
2016-04-16,WI_1,WI,FOODS_3,2142,2130.576993401816,11.423006598184202
2016-04-16,WI_1,WI,HOBBIES_1,549,574.763668446258,25.763668446257952
2016-04-16,WI_1,WI,HOBBIES_2,56,36.502733393059586,19.497266606940414
2016-04-16,WI_1,WI,HOUSEHOLD_1,837,788.4381456308081,48.561854369191906
2016-04-16,WI_1,WI,HOUSEHOLD_2,225,219.41325815645604,5.586741843543962
2016-04-16,WI_2,WI,FOODS_1,537,497.7117259403406,39.288274059659386
2016-04-16,WI_2,WI,FOODS_2,1079,1788.3922222222225,709.3922222222225
2016-04-16,WI_2,WI,FOODS_3,2559,3058.467032828283,499.4670328282832
2016-04-16,WI_2,WI,HOBBIES_1,282,277.85213833583794,4.147861664162065
2016-04-16,WI_2,WI,HOBBIES_2,36,35.25842353903751,0.7415764609624915
2016-04-16,WI_2,WI,HOUSEHOLD_1,948,1005.3450319228425,57.34503192284251
2016-04-16,WI_2,WI,HOUSEHOLD_2,138,168.79638501709348,30.796385017093485
2016-04-16,WI_3,WI,FOODS_1,288,262.23577558773553,25.76422441226447
2016-04-16,WI_3,WI,FOODS_2,652,800.3102227663555,148.31022276635554
2016-04-16,WI_3,WI,FOODS_3,2659,2733.2538573024044,74.25385730240441
2016-04-16,WI_3,WI,HOBBIES_1,376,359.9792350427097,16.020764957290282
2016-04-16,WI_3,WI,HOBBIES_2,35,36.05097752931745,1.05097752931745
2016-04-16,WI_3,WI,HOUSEHOLD_1,708,817.6931148395947,109.69311483959473
2016-04-16,WI_3,WI,HOUSEHOLD_2,179,190.56879112677856,11.568791126778564
2016-04-17,CA_1,CA,FOODS_1,268,328.0461604883527,60.04616048835271
2016-04-17,CA_1,CA,FOODS_2,637,654.4737489758314,17.473748975831427
2016-04-17,CA_1,CA,FOODS_3,3099,2926.456963175438,172.54303682456202
2016-04-17,CA_1,CA,HOBBIES_1,597,535.088818761556,61.91118123844399
2016-04-17,CA_1,CA,HOBBIES_2,58,40.454514507639004,17.545485492360996
2016-04-17,CA_1,CA,HOUSEHOLD_1,1010,1096.6727491151387,86.67274911513869
2016-04-17,CA_1,CA,HOUSEHOLD_2,285,243.74188094606393,41.25811905393607
2016-04-17,CA_2,CA,FOODS_1,515,552.8775469824194,37.8775469824194
2016-04-17,CA_2,CA,FOODS_2,693,566.9432853340635,126.05671466593651
2016-04-17,CA_2,CA,FOODS_3,2521,2136.572639573071,384.4273604269292
2016-04-17,CA_2,CA,HOBBIES_1,441,417.2497035209237,23.750296479076326
2016-04-17,CA_2,CA,HOBBIES_2,42,58.580907814389754,16.580907814389754
2016-04-17,CA_2,CA,HOUSEHOLD_1,1096,837.4051099339256,258.5948900660744
2016-04-17,CA_2,CA,HOUSEHOLD_2,452,400.84161355891064,51.15838644108936
2016-04-17,CA_3,CA,FOODS_1,457,441.8512060661288,15.148793933871218
2016-04-17,CA_3,CA,FOODS_2,815,815.5937073419502,0.5937073419502212
2016-04-17,CA_3,CA,FOODS_3,3855,3379.6321894629286,475.36781053707136
2016-04-17,CA_3,CA,HOBBIES_1,780,598.4408906714124,181.55910932858762
2016-04-17,CA_3,CA,HOBBIES_2,68,60.52094201703802,7.479057982961983
2016-04-17,CA_3,CA,HOUSEHOLD_1,1854,1762.9191388940617,91.08086110593831
2016-04-17,CA_3,CA,HOUSEHOLD_2,442,408.38247847917904,33.61752152082096
2016-04-17,CA_4,CA,FOODS_1,193,226.54948282984267,33.549482829842674
2016-04-17,CA_4,CA,FOODS_2,392,397.66323840476645,5.663238404766446
2016-04-17,CA_4,CA,FOODS_3,1410,1321.5061455559085,88.49385444409154
2016-04-17,CA_4,CA,HOBBIES_1,328,383.23460127177196,55.234601271771965
2016-04-17,CA_4,CA,HOBBIES_2,16,17.99437767077056,1.994377670770561
2016-04-17,CA_4,CA,HOUSEHOLD_1,530,487.7006214092704,42.29937859072959
2016-04-17,CA_4,CA,HOUSEHOLD_2,178,172.8977553113786,5.102244688621397
2016-04-17,TX_1,TX,FOODS_1,245,227.2244440758776,17.775555924122386
2016-04-17,TX_1,TX,FOODS_2,459,435.6742935099036,23.325706490096422
2016-04-17,TX_1,TX,FOODS_3,1925,1882.0255852410241,42.974414758975854
2016-04-17,TX_1,TX,HOBBIES_1,390,289.3021659415599,100.6978340584401
2016-04-17,TX_1,TX,HOBBIES_2,57,54.99137747681545,2.008622523184549
2016-04-17,TX_1,TX,HOUSEHOLD_1,878,870.5237069544525,7.47629304554755
2016-04-17,TX_1,TX,HOUSEHOLD_2,238,222.37866814070333,15.621331859296674
2016-04-17,TX_2,TX,FOODS_1,249,233.6438355107119,15.35616448928809
2016-04-17,TX_2,TX,FOODS_2,449,425.3321928274514,23.667807172548578
2016-04-17,TX_2,TX,FOODS_3,2523,2396.469041738548,126.53095826145181
2016-04-17,TX_2,TX,HOBBIES_1,427,404.371871629734,22.628128370265983
2016-04-17,TX_2,TX,HOBBIES_2,41,55.45634645623658,14.45634645623658
2016-04-17,TX_2,TX,HOUSEHOLD_1,1039,996.7359252049273,42.2640747950727
2016-04-17,TX_2,TX,HOUSEHOLD_2,270,266.29720748229306,3.702792517706939
2016-04-17,TX_3,TX,FOODS_1,242,287.165453013001,45.16545301300101
2016-04-17,TX_3,TX,FOODS_2,543,631.6903039876598,88.69030398765983
2016-04-17,TX_3,TX,FOODS_3,2082,2112.7090865323426,30.709086532342553
2016-04-17,TX_3,TX,HOBBIES_1,456,423.5522649676934,32.44773503230658
2016-04-17,TX_3,TX,HOBBIES_2,90,67.32276566423434,22.67723433576566
2016-04-17,TX_3,TX,HOUSEHOLD_1,905,903.625323445489,1.3746765545109838
2016-04-17,TX_3,TX,HOUSEHOLD_2,201,219.32167740411617,18.321677404116173
2016-04-17,WI_1,WI,FOODS_1,334,332.4472321519391,1.5527678480609097
2016-04-17,WI_1,WI,FOODS_2,834,836.6933556704431,2.693355670443111
2016-04-17,WI_1,WI,FOODS_3,2333,2102.069842681358,230.93015731864216
2016-04-17,WI_1,WI,HOBBIES_1,408,426.4775851319924,18.477585131992385
2016-04-17,WI_1,WI,HOBBIES_2,49,34.05900527705015,14.940994722949853
2016-04-17,WI_1,WI,HOUSEHOLD_1,655,768.3994533968036,113.39945339680355
2016-04-17,WI_1,WI,HOUSEHOLD_2,199,196.86434350506914,2.1356564949308563
2016-04-17,WI_2,WI,FOODS_1,383,465.55681078584746,82.55681078584746
2016-04-17,WI_2,WI,FOODS_2,1124,1625.742221177945,501.7422211779451
2016-04-17,WI_2,WI,FOODS_3,2650,2909.064322762551,259.064322762551
2016-04-17,WI_2,WI,HOBBIES_1,298,273.94949545420235,24.05050454579765
2016-04-17,WI_2,WI,HOBBIES_2,23,30.653760810600442,7.653760810600442
2016-04-17,WI_2,WI,HOUSEHOLD_1,951,986.3737060696847,35.37370606968466
2016-04-17,WI_2,WI,HOUSEHOLD_2,137,150.08295419341366,13.082954193413656
2016-04-17,WI_3,WI,FOODS_1,176,217.86488848109914,41.86488848109914
2016-04-17,WI_3,WI,FOODS_2,642,689.2804851677423,47.28048516774231
2016-04-17,WI_3,WI,FOODS_3,2449,2561.075426057963,112.07542605796289
2016-04-17,WI_3,WI,HOBBIES_1,200,292.365181338563,92.36518133856299
2016-04-17,WI_3,WI,HOBBIES_2,51,42.18644795835635,8.813552041643653
2016-04-17,WI_3,WI,HOUSEHOLD_1,802,729.284876008702,72.71512399129801
2016-04-17,WI_3,WI,HOUSEHOLD_2,201,185.94488869104836,15.055111308951638
2016-04-18,CA_1,CA,FOODS_1,302,248.54076431099784,53.459235689002156
2016-04-18,CA_1,CA,FOODS_2,529,485.9282421730942,43.07175782690581
2016-04-18,CA_1,CA,FOODS_3,2055,2009.983677284042,45.01632271595804
2016-04-18,CA_1,CA,HOBBIES_1,517,454.75433929012564,62.24566070987436
2016-04-18,CA_1,CA,HOBBIES_2,25,28.861048044618624,3.8610480446186237
2016-04-18,CA_1,CA,HOUSEHOLD_1,718,718.3734777537256,0.37347775372563774
2016-04-18,CA_1,CA,HOUSEHOLD_2,199,175.38967761223765,23.610322387762352
2016-04-18,CA_2,CA,FOODS_1,327,394.2090072468461,67.20900724684611
2016-04-18,CA_2,CA,FOODS_2,454,426.90866714054437,27.091332859455633
2016-04-18,CA_2,CA,FOODS_3,1844,1728.5141692009345,115.48583079906552
2016-04-18,CA_2,CA,HOBBIES_1,303,325.3175194130774,22.317519413077378
2016-04-18,CA_2,CA,HOBBIES_2,17,34.811697040488255,17.811697040488255
2016-04-18,CA_2,CA,HOUSEHOLD_1,626,702.2758577515436,76.27585775154364
2016-04-18,CA_2,CA,HOUSEHOLD_2,259,300.2693372847118,41.26933728471181
2016-04-18,CA_3,CA,FOODS_1,301,349.4284415405627,48.42844154056269
2016-04-18,CA_3,CA,FOODS_2,663,688.7696869249938,25.769686924993835
2016-04-18,CA_3,CA,FOODS_3,2863,2896.9898105805996,33.989810580599624
2016-04-18,CA_3,CA,HOBBIES_1,425,465.8479167301152,40.84791673011517
2016-04-18,CA_3,CA,HOBBIES_2,42,48.99821460556424,6.998214605564243
2016-04-18,CA_3,CA,HOUSEHOLD_1,1419,1369.9805459641557,49.01945403584432
2016-04-18,CA_3,CA,HOUSEHOLD_2,355,317.24387816214454,37.75612183785546
2016-04-18,CA_4,CA,FOODS_1,196,195.36141512168066,0.6385848783193353
2016-04-18,CA_4,CA,FOODS_2,382,336.0389570632693,45.96104293673068
2016-04-18,CA_4,CA,FOODS_3,1301,1064.6517059453954,236.3482940546046
2016-04-18,CA_4,CA,HOBBIES_1,362,309.9094012762581,52.09059872374189
2016-04-18,CA_4,CA,HOBBIES_2,15,15.871807214361827,0.8718072143618265
2016-04-18,CA_4,CA,HOUSEHOLD_1,395,367.61766679670137,27.38233320329863
2016-04-18,CA_4,CA,HOUSEHOLD_2,158,127.28573532079588,30.71426467920412
2016-04-18,TX_1,TX,FOODS_1,193,188.66977296606316,4.330227033936836
2016-04-18,TX_1,TX,FOODS_2,447,364.4733849563561,82.52661504364391
2016-04-18,TX_1,TX,FOODS_3,1794,1427.4208531799845,366.57914682001547
2016-04-18,TX_1,TX,HOBBIES_1,183,213.61261725719825,30.612617257198252
2016-04-18,TX_1,TX,HOBBIES_2,33,36.394726929304134,3.3947269293041344
2016-04-18,TX_1,TX,HOUSEHOLD_1,626,653.0433383162958,27.04333831629583
2016-04-18,TX_1,TX,HOUSEHOLD_2,134,155.6481436475617,21.64814364756171
2016-04-18,TX_2,TX,FOODS_1,220,204.81379009202954,15.186209907970465
2016-04-18,TX_2,TX,FOODS_2,413,401.10661249534365,11.893387504656346
2016-04-18,TX_2,TX,FOODS_3,1635,1768.3669604712989,133.36696047129885
2016-04-18,TX_2,TX,HOBBIES_1,296,298.0209192629166,2.020919262916607
2016-04-18,TX_2,TX,HOBBIES_2,32,46.87173071531152,14.871730715311521
2016-04-18,TX_2,TX,HOUSEHOLD_1,581,736.1302953763005,155.13029537630052
2016-04-18,TX_2,TX,HOUSEHOLD_2,134,183.8130804838955,49.813080483895504
2016-04-18,TX_3,TX,FOODS_1,176,235.20259310154594,59.20259310154594
2016-04-18,TX_3,TX,FOODS_2,432,491.9134637038809,59.91346370388089
2016-04-18,TX_3,TX,FOODS_3,1524,1591.5823229014504,67.58232290145042
2016-04-18,TX_3,TX,HOBBIES_1,246,314.12109201203407,68.12109201203407
2016-04-18,TX_3,TX,HOBBIES_2,40,57.286202761428115,17.286202761428115
2016-04-18,TX_3,TX,HOUSEHOLD_1,602,687.1397835719546,85.13978357195458
2016-04-18,TX_3,TX,HOUSEHOLD_2,127,161.51223169436645,34.51223169436645
2016-04-18,WI_1,WI,FOODS_1,268,272.5604335072915,4.5604335072915205
2016-04-18,WI_1,WI,FOODS_2,549,609.8487136110946,60.84871361109458
2016-04-18,WI_1,WI,FOODS_3,1465,1448.582585719371,16.41741428062892
2016-04-18,WI_1,WI,HOBBIES_1,305,342.4230039996442,37.42300399964421
2016-04-18,WI_1,WI,HOBBIES_2,11,29.67911469795339,18.67911469795339
2016-04-18,WI_1,WI,HOUSEHOLD_1,495,503.4391261395472,8.439126139547227
2016-04-18,WI_1,WI,HOUSEHOLD_2,143,148.01254498975422,5.012544989754218
2016-04-18,WI_2,WI,FOODS_1,301,353.8710335308549,52.8710335308549
2016-04-18,WI_2,WI,FOODS_2,934,1065.9985329650515,131.99853296505148
2016-04-18,WI_2,WI,FOODS_3,1971,2270.499398950198,299.49939895019816
2016-04-18,WI_2,WI,HOBBIES_1,252,212.94713593975902,39.05286406024098
2016-04-18,WI_2,WI,HOBBIES_2,45,31.14990980965459,13.850090190345409
2016-04-18,WI_2,WI,HOUSEHOLD_1,705,776.1628895141976,71.16288951419756
2016-04-18,WI_2,WI,HOUSEHOLD_2,139,115.82008220961697,23.17991779038303
2016-04-18,WI_3,WI,FOODS_1,177,188.63919369175338,11.639193691753377
2016-04-18,WI_3,WI,FOODS_2,444,536.7380396976536,92.73803969765356
2016-04-18,WI_3,WI,FOODS_3,1991,1943.7408159754132,47.25918402458683
2016-04-18,WI_3,WI,HOBBIES_1,149,230.72383950570926,81.72383950570926
2016-04-18,WI_3,WI,HOBBIES_2,25,33.35756919912163,8.357569199121627
2016-04-18,WI_3,WI,HOUSEHOLD_1,609,545.9948855993348,63.00511440066521
2016-04-18,WI_3,WI,HOUSEHOLD_2,161,139.89972877394112,21.10027122605888
2016-04-19,CA_1,CA,FOODS_1,237,244.3181372282121,7.318137228212095
2016-04-19,CA_1,CA,FOODS_2,391,429.64757263205024,38.64757263205024
2016-04-19,CA_1,CA,FOODS_3,1860,1742.2976886240722,117.70231137592782
2016-04-19,CA_1,CA,HOBBIES_1,461,446.4904107953623,14.509589204637678
2016-04-19,CA_1,CA,HOBBIES_2,34,33.99188177128899,0.00811822871101242
2016-04-19,CA_1,CA,HOUSEHOLD_1,621,583.1793916750206,37.82060832497939
2016-04-19,CA_1,CA,HOUSEHOLD_2,189,167.82441998601956,21.175580013980436
2016-04-19,CA_2,CA,FOODS_1,366,376.5046349021996,10.504634902199598
2016-04-19,CA_2,CA,FOODS_2,436,400.7166646870572,35.283335312942825
2016-04-19,CA_2,CA,FOODS_3,1608,1621.7966070285647,13.796607028564722
2016-04-19,CA_2,CA,HOBBIES_1,336,313.53655834433107,22.46344165566893
2016-04-19,CA_2,CA,HOBBIES_2,32,34.28256988084597,2.282569880845969
2016-04-19,CA_2,CA,HOUSEHOLD_1,596,624.3822658858921,28.38226588589214
2016-04-19,CA_2,CA,HOUSEHOLD_2,257,281.7103298868007,24.710329886800707
2016-04-19,CA_3,CA,FOODS_1,331,328.0944813124006,2.905518687599397
2016-04-19,CA_3,CA,FOODS_2,557,545.6915417879236,11.308458212076403
2016-04-19,CA_3,CA,FOODS_3,2580,2546.0776817133287,33.92231828667127
2016-04-19,CA_3,CA,HOBBIES_1,538,461.51875037680423,76.48124962319577
2016-04-19,CA_3,CA,HOBBIES_2,50,48.65157317779865,1.348426822201347
2016-04-19,CA_3,CA,HOUSEHOLD_1,1335,1244.435238351365,90.56476164863511
2016-04-19,CA_3,CA,HOUSEHOLD_2,292,299.5205403099087,7.520540309908711
2016-04-19,CA_4,CA,FOODS_1,185,191.49555213843283,6.495552138432828
2016-04-19,CA_4,CA,FOODS_2,369,321.0131688754431,47.986831124556886
2016-04-19,CA_4,CA,FOODS_3,1168,1035.8498571216933,132.15014287830672
2016-04-19,CA_4,CA,HOBBIES_1,382,336.7561623640623,45.24383763593772
2016-04-19,CA_4,CA,HOBBIES_2,16,15.786533351444431,0.21346664855556874
2016-04-19,CA_4,CA,HOUSEHOLD_1,397,345.93996395966855,51.060036040331454
2016-04-19,CA_4,CA,HOUSEHOLD_2,160,131.22178126785533,28.778218732144666
2016-04-19,TX_1,TX,FOODS_1,138,180.61989089433766,42.61989089433766
2016-04-19,TX_1,TX,FOODS_2,370,337.674563280813,32.325436719186996
2016-04-19,TX_1,TX,FOODS_3,1605,1395.413878798482,209.58612120151793
2016-04-19,TX_1,TX,HOBBIES_1,259,216.45588488539425,42.544115114605745
2016-04-19,TX_1,TX,HOBBIES_2,33,39.314851125206786,6.314851125206786
2016-04-19,TX_1,TX,HOUSEHOLD_1,681,603.2018117632791,77.79818823672088
2016-04-19,TX_1,TX,HOUSEHOLD_2,171,154.32870827759837,16.671291722401634
2016-04-19,TX_2,TX,FOODS_1,227,212.02200587995824,14.977994120041757
2016-04-19,TX_2,TX,FOODS_2,393,355.46910023173155,37.530899768268455
2016-04-19,TX_2,TX,FOODS_3,1820,1552.894702956771,267.10529704322903
2016-04-19,TX_2,TX,HOBBIES_1,268,291.69398652702864,23.693986527028642
2016-04-19,TX_2,TX,HOBBIES_2,31,38.48453140114048,7.4845314011404795
2016-04-19,TX_2,TX,HOUSEHOLD_1,795,675.8190934945653,119.18090650543468
2016-04-19,TX_2,TX,HOUSEHOLD_2,193,177.4419072701039,15.558092729896089
2016-04-19,TX_3,TX,FOODS_1,248,233.4807448935427,14.519255106457308
2016-04-19,TX_3,TX,FOODS_2,505,430.3664007733457,74.63359922665433
2016-04-19,TX_3,TX,FOODS_3,1760,1445.7453257395766,314.25467426042337
2016-04-19,TX_3,TX,HOBBIES_1,340,304.78589594478626,35.21410405521374
2016-04-19,TX_3,TX,HOBBIES_2,94,59.781425023565454,34.218574976434546
2016-04-19,TX_3,TX,HOUSEHOLD_1,802,623.3746517531675,178.62534824683246
2016-04-19,TX_3,TX,HOUSEHOLD_2,189,152.19645416757032,36.80354583242968
2016-04-19,WI_1,WI,FOODS_1,286,275.8031918961184,10.196808103881608
2016-04-19,WI_1,WI,FOODS_2,537,532.9076575113871,4.092342488612871
2016-04-19,WI_1,WI,FOODS_3,1312,1385.899086275929,73.899086275929
2016-04-19,WI_1,WI,HOBBIES_1,370,318.4339354581046,51.5660645418954
2016-04-19,WI_1,WI,HOBBIES_2,17,32.018324736453906,15.018324736453906
2016-04-19,WI_1,WI,HOUSEHOLD_1,416,455.631083223136,39.63108322313599
2016-04-19,WI_1,WI,HOUSEHOLD_2,131,141.40194919643972,10.401949196439716
2016-04-19,WI_2,WI,FOODS_1,320,314.8790236868848,5.120976313115193
2016-04-19,WI_2,WI,FOODS_2,928,949.638908081371,21.638908081371028
2016-04-19,WI_2,WI,FOODS_3,2034,1950.0363098035689,83.96369019643112
2016-04-19,WI_2,WI,HOBBIES_1,217,211.47230518353794,5.527694816462059
2016-04-19,WI_2,WI,HOBBIES_2,33,34.9037210920288,1.9037210920288032
2016-04-19,WI_2,WI,HOUSEHOLD_1,785,723.8391025332685,61.16089746673151
2016-04-19,WI_2,WI,HOUSEHOLD_2,147,117.8653184263237,29.134681573676303
2016-04-19,WI_3,WI,FOODS_1,206,186.48842666508358,19.51157333491642
2016-04-19,WI_3,WI,FOODS_2,456,463.468431466508,7.46843146650798
2016-04-19,WI_3,WI,FOODS_3,1715,1764.5446589753576,49.544658975357606
2016-04-19,WI_3,WI,HOBBIES_1,249,229.10256894733303,19.897431052666974
2016-04-19,WI_3,WI,HOBBIES_2,27,34.20817812685725,7.2081781268572485
2016-04-19,WI_3,WI,HOUSEHOLD_1,558,507.80294089972034,50.19705910027966
2016-04-19,WI_3,WI,HOUSEHOLD_2,120,135.97599110851087,15.975991108510868
2016-04-20,CA_1,CA,FOODS_1,287,254.27725294309153,32.722747056908474
2016-04-20,CA_1,CA,FOODS_2,423,374.23882225567934,48.76117774432066
2016-04-20,CA_1,CA,FOODS_3,1780,1726.412562989026,53.5874370109741
2016-04-20,CA_1,CA,HOBBIES_1,333,418.30099227321983,85.30099227321983
2016-04-20,CA_1,CA,HOBBIES_2,30,30.115388212562365,0.11538821256236531
2016-04-20,CA_1,CA,HOUSEHOLD_1,665,620.9093242086382,44.09067579136183
2016-04-20,CA_1,CA,HOUSEHOLD_2,204,172.52913922173954,31.47086077826046
2016-04-20,CA_2,CA,FOODS_1,422,369.2129709063445,52.78702909365552
2016-04-20,CA_2,CA,FOODS_2,450,418.6623606360514,31.337639363948597
2016-04-20,CA_2,CA,FOODS_3,1634,1531.772776731432,102.22722326856797
2016-04-20,CA_2,CA,HOBBIES_1,303,320.03017844439796,17.03017844439796
2016-04-20,CA_2,CA,HOBBIES_2,41,34.65127924133741,6.348720758662587
2016-04-20,CA_2,CA,HOUSEHOLD_1,586,606.4355879272226,20.435587927222628
2016-04-20,CA_2,CA,HOUSEHOLD_2,255,272.2052962247945,17.205296224794495
2016-04-20,CA_3,CA,FOODS_1,306,331.93816126498973,25.93816126498973
2016-04-20,CA_3,CA,FOODS_2,595,541.9957130310264,53.00428696897359
2016-04-20,CA_3,CA,FOODS_3,2385,2491.3178297578024,106.31782975780243
2016-04-20,CA_3,CA,HOBBIES_1,489,470.5244980943146,18.475501905685405
2016-04-20,CA_3,CA,HOBBIES_2,45,48.535261766939755,3.5352617669397546
2016-04-20,CA_3,CA,HOUSEHOLD_1,1101,1240.5535318600566,139.55353186005664
2016-04-20,CA_3,CA,HOUSEHOLD_2,314,293.2129887039944,20.787011296005574
2016-04-20,CA_4,CA,FOODS_1,201,194.01757307338812,6.982426926611879
2016-04-20,CA_4,CA,FOODS_2,285,310.88739125819643,25.88739125819643
2016-04-20,CA_4,CA,FOODS_3,1095,1040.8561715795547,54.14382842044529
2016-04-20,CA_4,CA,HOBBIES_1,383,320.08115326765443,62.91884673234557
2016-04-20,CA_4,CA,HOBBIES_2,22,17.356494771102906,4.643505228897094
2016-04-20,CA_4,CA,HOUSEHOLD_1,357,357.7066526012246,0.7066526012246186
2016-04-20,CA_4,CA,HOUSEHOLD_2,157,135.57027005158966,21.42972994841034
2016-04-20,TX_1,TX,FOODS_1,176,177.7917756621209,1.791775662120898
2016-04-20,TX_1,TX,FOODS_2,353,326.47741717137484,26.52258282862516
2016-04-20,TX_1,TX,FOODS_3,1305,1373.9229204686612,68.92292046866123
2016-04-20,TX_1,TX,HOBBIES_1,240,216.71017966222138,23.28982033777862
2016-04-20,TX_1,TX,HOBBIES_2,33,40.549368323029924,7.549368323029924
2016-04-20,TX_1,TX,HOUSEHOLD_1,637,641.5827188882904,4.582718888290401
2016-04-20,TX_1,TX,HOUSEHOLD_2,157,153.40897956829178,3.591020431708216
2016-04-20,TX_2,TX,FOODS_1,221,211.84955275759097,9.15044724240903
2016-04-20,TX_2,TX,FOODS_2,376,338.718259737935,37.281740262065
2016-04-20,TX_2,TX,FOODS_3,1599,1658.9974093477433,59.997409347743314
2016-04-20,TX_2,TX,HOBBIES_1,339,294.66070883431706,44.33929116568294
2016-04-20,TX_2,TX,HOBBIES_2,34,37.56269504901324,3.562695049013243
2016-04-20,TX_2,TX,HOUSEHOLD_1,633,709.1031914692883,76.10319146928828
2016-04-20,TX_2,TX,HOUSEHOLD_2,182,180.62369132376557,1.37630867623443
2016-04-20,TX_3,TX,FOODS_1,247,235.6567656004763,11.343234399523709
2016-04-20,TX_3,TX,FOODS_2,439,431.4086963070181,7.59130369298191
2016-04-20,TX_3,TX,FOODS_3,1526,1445.8183571819588,80.18164281804115
2016-04-20,TX_3,TX,HOBBIES_1,289,315.8080618094341,26.808061809434093
2016-04-20,TX_3,TX,HOBBIES_2,45,60.275384618628074,15.275384618628074
2016-04-20,TX_3,TX,HOUSEHOLD_1,611,654.6653322702808,43.66533227028083
2016-04-20,TX_3,TX,HOUSEHOLD_2,158,157.76888034630795,0.23111965369204768
2016-04-20,WI_1,WI,FOODS_1,282,268.0287367452958,13.971263254704184
2016-04-20,WI_1,WI,FOODS_2,510,527.626438855262,17.626438855261995
2016-04-20,WI_1,WI,FOODS_3,1498,1435.9224424865074,62.07755751349259
2016-04-20,WI_1,WI,HOBBIES_1,313,315.47065628532835,2.470656285328346
2016-04-20,WI_1,WI,HOBBIES_2,13,29.893773556040795,16.893773556040795
2016-04-20,WI_1,WI,HOUSEHOLD_1,468,422.86502579813225,45.13497420186775
2016-04-20,WI_1,WI,HOUSEHOLD_2,158,143.63642606197055,14.363573938029447
2016-04-20,WI_2,WI,FOODS_1,335,328.1893934231552,6.810606576844805
2016-04-20,WI_2,WI,FOODS_2,830,911.4748334328517,81.47483343285171
2016-04-20,WI_2,WI,FOODS_3,1840,1947.0734681580068,107.07346815800679
2016-04-20,WI_2,WI,HOBBIES_1,250,220.1723144175198,29.8276855824802
2016-04-20,WI_2,WI,HOBBIES_2,26,30.55747465518085,4.557474655180851
2016-04-20,WI_2,WI,HOUSEHOLD_1,800,755.0485281555874,44.951471844412595
2016-04-20,WI_2,WI,HOUSEHOLD_2,113,115.0897627261774,2.0897627261773977
2016-04-20,WI_3,WI,FOODS_1,180,185.69808320870175,5.698083208701746
2016-04-20,WI_3,WI,FOODS_2,473,448.1108695330293,24.8891304669707
2016-04-20,WI_3,WI,FOODS_3,1579,1618.618269722646,39.61826972264589
2016-04-20,WI_3,WI,HOBBIES_1,202,215.34189574206167,13.341895742061666
2016-04-20,WI_3,WI,HOBBIES_2,42,34.83557005223034,7.164429947769662
2016-04-20,WI_3,WI,HOUSEHOLD_1,535,528.7961840449075,6.203815955092523
2016-04-20,WI_3,WI,HOUSEHOLD_2,148,138.4777333857489,9.522266614251095
2016-04-21,CA_1,CA,FOODS_1,297,259.26698372380804,37.73301627619196
2016-04-21,CA_1,CA,FOODS_2,365,401.98254978697224,36.98254978697224
2016-04-21,CA_1,CA,FOODS_3,1871,1774.8850781733831,96.11492182661686
2016-04-21,CA_1,CA,HOBBIES_1,380,423.1015947200908,43.101594720090816
2016-04-21,CA_1,CA,HOBBIES_2,30,30.339498808306438,0.33949880830643764
2016-04-21,CA_1,CA,HOUSEHOLD_1,580,633.8606694897412,53.86066948974121
2016-04-21,CA_1,CA,HOUSEHOLD_2,186,175.3029792213183,10.69702077868169
2016-04-21,CA_2,CA,FOODS_1,334,388.57448943091634,54.574489430916344
2016-04-21,CA_2,CA,FOODS_2,349,403.89800441267244,54.898004412672435
2016-04-21,CA_2,CA,FOODS_3,1578,1523.2186706536563,54.78132934634368
2016-04-21,CA_2,CA,HOBBIES_1,232,305.9994219418267,73.99942194182671
2016-04-21,CA_2,CA,HOBBIES_2,39,32.208937507050294,6.791062492949706
2016-04-21,CA_2,CA,HOUSEHOLD_1,521,617.4448931374449,96.44489313744486
2016-04-21,CA_2,CA,HOUSEHOLD_2,250,265.3970501806506,15.39705018065058
2016-04-21,CA_3,CA,FOODS_1,276,323.1728026121282,47.17280261212818
2016-04-21,CA_3,CA,FOODS_2,529,524.6543582547555,4.345641745244507
2016-04-21,CA_3,CA,FOODS_3,2251,2488.55274577006,237.55274577006003
2016-04-21,CA_3,CA,HOBBIES_1,490,470.2603310677699,19.739668932230074
2016-04-21,CA_3,CA,HOBBIES_2,50,48.932430354618035,1.0675696453819654
2016-04-21,CA_3,CA,HOUSEHOLD_1,1163,1199.8706055545558,36.87060555455582
2016-04-21,CA_3,CA,HOUSEHOLD_2,259,289.8627768880974,30.862776888097414
2016-04-21,CA_4,CA,FOODS_1,190,193.78303195826967,3.7830319582696745
2016-04-21,CA_4,CA,FOODS_2,311,299.5467349929567,11.453265007043285
2016-04-21,CA_4,CA,FOODS_3,1128,1035.9417388688148,92.05826113118519
2016-04-21,CA_4,CA,HOBBIES_1,355,309.6941371391329,45.30586286086708
2016-04-21,CA_4,CA,HOBBIES_2,14,14.993686714342262,0.9936867143422621
2016-04-21,CA_4,CA,HOUSEHOLD_1,333,362.30170394581916,29.301703945819156
2016-04-21,CA_4,CA,HOUSEHOLD_2,127,134.99131967540313,7.991319675403133
2016-04-21,TX_1,TX,FOODS_1,198,181.71622579780922,16.283774202190784
2016-04-21,TX_1,TX,FOODS_2,305,322.88957593948743,17.88957593948743
2016-04-21,TX_1,TX,FOODS_3,1274,1328.2069772622801,54.206977262280134
2016-04-21,TX_1,TX,HOBBIES_1,192,213.85106263079044,21.851062630790437
2016-04-21,TX_1,TX,HOBBIES_2,27,35.191866120798565,8.191866120798565
2016-04-21,TX_1,TX,HOUSEHOLD_1,605,620.6264178876529,15.626417887652906
2016-04-21,TX_1,TX,HOUSEHOLD_2,175,155.51863947486152,19.481360525138484
2016-04-21,TX_2,TX,FOODS_1,207,212.7737738918,5.773773891800005
2016-04-21,TX_2,TX,FOODS_2,397,357.0898096938939,39.910190306106074
2016-04-21,TX_2,TX,FOODS_3,1635,1544.6510175901512,90.34898240984876
2016-04-21,TX_2,TX,HOBBIES_1,298,291.9868412879663,6.013158712033714
2016-04-21,TX_2,TX,HOBBIES_2,42,35.80467523344215,6.195324766557853
2016-04-21,TX_2,TX,HOUSEHOLD_1,680,659.6542214708617,20.34577852913833
2016-04-21,TX_2,TX,HOUSEHOLD_2,187,178.37472853181242,8.625271468187577
2016-04-21,TX_3,TX,FOODS_1,302,236.50921579663503,65.49078420336497
2016-04-21,TX_3,TX,FOODS_2,426,414.0956223126435,11.904377687356487
2016-04-21,TX_3,TX,FOODS_3,1423,1401.407152752045,21.59284724795498
2016-04-21,TX_3,TX,HOBBIES_1,266,301.8798133968041,35.87981339680408
2016-04-21,TX_3,TX,HOBBIES_2,57,61.45504410750562,4.455044107505621
2016-04-21,TX_3,TX,HOUSEHOLD_1,745,626.4524299500195,118.54757004998055
2016-04-21,TX_3,TX,HOUSEHOLD_2,161,155.09255044769287,5.907449552307128
2016-04-21,WI_1,WI,FOODS_1,301,267.04533400361595,33.95466599638405
2016-04-21,WI_1,WI,FOODS_2,502,515.0219720346398,13.021972034639816
2016-04-21,WI_1,WI,FOODS_3,1482,1432.6946987510903,49.3053012489097
2016-04-21,WI_1,WI,HOBBIES_1,363,316.533720704235,46.46627929576499
2016-04-21,WI_1,WI,HOBBIES_2,34,30.66283216432336,3.3371678356766417
2016-04-21,WI_1,WI,HOUSEHOLD_1,473,448.6898696899716,24.3101303100284
2016-04-21,WI_1,WI,HOUSEHOLD_2,169,152.5596943668496,16.440305633150388
2016-04-21,WI_2,WI,FOODS_1,307,321.41045940041187,14.410459400411867
2016-04-21,WI_2,WI,FOODS_2,851,831.0973107071219,19.902689292878108
2016-04-21,WI_2,WI,FOODS_3,1920,1865.3332404200116,54.666759579988366
2016-04-21,WI_2,WI,HOBBIES_1,256,228.9649766355708,27.035023364429208
2016-04-21,WI_2,WI,HOBBIES_2,25,30.257723468230168,5.257723468230168
2016-04-21,WI_2,WI,HOUSEHOLD_1,907,768.5506292060144,138.44937079398562
2016-04-21,WI_2,WI,HOUSEHOLD_2,127,114.99957762510509,12.00042237489491
2016-04-21,WI_3,WI,FOODS_1,227,191.2408212868795,35.75917871312049
2016-04-21,WI_3,WI,FOODS_2,411,467.6438893259937,56.64388932599371
2016-04-21,WI_3,WI,FOODS_3,1670,1563.2199049629407,106.78009503705925
2016-04-21,WI_3,WI,HOBBIES_1,182,215.0371253676906,33.03712536769061
2016-04-21,WI_3,WI,HOBBIES_2,21,34.034181467452555,13.034181467452555
2016-04-21,WI_3,WI,HOUSEHOLD_1,573,534.9171899199185,38.08281008008146
2016-04-21,WI_3,WI,HOUSEHOLD_2,142,134.6394467978364,7.360553202163601
2016-04-22,CA_1,CA,FOODS_1,331,330.39650793103743,0.6034920689625665
2016-04-22,CA_1,CA,FOODS_2,489,460.028669379836,28.971330620163997
2016-04-22,CA_1,CA,FOODS_3,2140,2158.632892096164,18.63289209616414
2016-04-22,CA_1,CA,HOBBIES_1,471,465.50072781103444,5.499272188965563
2016-04-22,CA_1,CA,HOBBIES_2,56,35.734376911520904,20.265623088479096
2016-04-22,CA_1,CA,HOUSEHOLD_1,695,705.8393434270671,10.839343427067092
2016-04-22,CA_1,CA,HOUSEHOLD_2,205,220.41989236083802,15.41989236083802
2016-04-22,CA_2,CA,FOODS_1,579,479.56891809979845,99.43108190020155
2016-04-22,CA_2,CA,FOODS_2,396,431.88483041600875,35.884830416008754
2016-04-22,CA_2,CA,FOODS_3,1896,1920.7731581830803,24.77315818308034
2016-04-22,CA_2,CA,HOBBIES_1,425,353.6324768009207,71.3675231990793
2016-04-22,CA_2,CA,HOBBIES_2,60,34.54103682833441,25.458963171665587
2016-04-22,CA_2,CA,HOUSEHOLD_1,778,711.7043093019134,66.29569069808656
2016-04-22,CA_2,CA,HOUSEHOLD_2,323,308.66637996444047,14.333620035559534
2016-04-22,CA_3,CA,FOODS_1,335,376.48292014283936,41.48292014283936
2016-04-22,CA_3,CA,FOODS_2,600,580.1229682131248,19.87703178687525
2016-04-22,CA_3,CA,FOODS_3,2474,2552.426762204309,78.42676220430894
2016-04-22,CA_3,CA,HOBBIES_1,548,521.9579347443199,26.042065255680086
2016-04-22,CA_3,CA,HOBBIES_2,50,47.75111342410108,2.248886575898922
2016-04-22,CA_3,CA,HOUSEHOLD_1,1296,1256.0206396829533,39.97936031704671
2016-04-22,CA_3,CA,HOUSEHOLD_2,320,324.0398706577257,4.039870657725714
2016-04-22,CA_4,CA,FOODS_1,229,211.66316933586597,17.336830664134027
2016-04-22,CA_4,CA,FOODS_2,336,319.02517969682975,16.974820303170247
2016-04-22,CA_4,CA,FOODS_3,1186,1206.860218736619,20.86021873661889
2016-04-22,CA_4,CA,HOBBIES_1,394,345.93420779199084,48.06579220800916
2016-04-22,CA_4,CA,HOBBIES_2,11,15.450600717689634,4.450600717689634
2016-04-22,CA_4,CA,HOUSEHOLD_1,347,372.8189716311426,25.818971631142574
2016-04-22,CA_4,CA,HOUSEHOLD_2,125,155.62154205196472,30.621542051964724
2016-04-22,TX_1,TX,FOODS_1,201,210.50261947198928,9.502619471989277
2016-04-22,TX_1,TX,FOODS_2,305,325.7209034363711,20.72090343637109
2016-04-22,TX_1,TX,FOODS_3,1416,1485.8574285107475,69.85742851074747
2016-04-22,TX_1,TX,HOBBIES_1,240,242.94985495856017,2.9498549585601666
2016-04-22,TX_1,TX,HOBBIES_2,31,34.16975532574092,3.1697553257409226
2016-04-22,TX_1,TX,HOUSEHOLD_1,696,675.3377050086885,20.662294991311455
2016-04-22,TX_1,TX,HOUSEHOLD_2,133,177.25068272338146,44.25068272338146
2016-04-22,TX_2,TX,FOODS_1,235,263.64842344713486,28.64842344713486
2016-04-22,TX_2,TX,FOODS_2,363,371.5179436512878,8.517943651287794
2016-04-22,TX_2,TX,FOODS_3,1949,1908.9858926096558,40.01410739034418
2016-04-22,TX_2,TX,HOBBIES_1,335,335.3724559301776,0.37245593017757983
2016-04-22,TX_2,TX,HOBBIES_2,53,36.574245038144596,16.425754961855404
2016-04-22,TX_2,TX,HOUSEHOLD_1,756,771.5418386127352,15.541838612735205
2016-04-22,TX_2,TX,HOUSEHOLD_2,211,210.51347334831112,0.48652665168887665
2016-04-22,TX_3,TX,FOODS_1,259,272.9878195279185,13.987819527918475
2016-04-22,TX_3,TX,FOODS_2,447,435.630954433683,11.369045566317027
2016-04-22,TX_3,TX,FOODS_3,1664,1663.6095027233214,0.3904972766786159
2016-04-22,TX_3,TX,HOBBIES_1,346,336.78430423030375,9.215695769696254
2016-04-22,TX_3,TX,HOBBIES_2,51,61.97613150542982,10.97613150542982
2016-04-22,TX_3,TX,HOUSEHOLD_1,793,775.7807442056778,17.21925579432218
2016-04-22,TX_3,TX,HOUSEHOLD_2,131,167.51314855693164,36.51314855693164
2016-04-22,WI_1,WI,FOODS_1,339,331.5261837264609,7.473816273539114
2016-04-22,WI_1,WI,FOODS_2,578,647.6542144366567,69.65421443665673
2016-04-22,WI_1,WI,FOODS_3,1873,1815.1538832436916,57.84611675630845
2016-04-22,WI_1,WI,HOBBIES_1,389,441.7893099951618,52.78930999516177
2016-04-22,WI_1,WI,HOBBIES_2,26,27.743944237743648,1.7439442377436478
2016-04-22,WI_1,WI,HOUSEHOLD_1,594,599.454541573642,5.454541573642018
2016-04-22,WI_1,WI,HOUSEHOLD_2,192,177.0719253951867,14.928074604813304
2016-04-22,WI_2,WI,FOODS_1,400,385.1592800926462,14.840719907353787
2016-04-22,WI_2,WI,FOODS_2,953,843.983677123023,109.01632287697703
2016-04-22,WI_2,WI,FOODS_3,2066,2157.4915478597413,91.49154785974133
2016-04-22,WI_2,WI,HOBBIES_1,266,284.85186748822247,18.851867488222467
2016-04-22,WI_2,WI,HOBBIES_2,37,30.941518258653726,6.058481741346274
2016-04-22,WI_2,WI,HOUSEHOLD_1,1106,1014.4351796445843,91.56482035541569
2016-04-22,WI_2,WI,HOUSEHOLD_2,160,142.2172596566019,17.782740343398103
2016-04-22,WI_3,WI,FOODS_1,261,242.88416662530733,18.11583337469267
2016-04-22,WI_3,WI,FOODS_2,507,468.6490034173785,38.35099658262152
2016-04-22,WI_3,WI,FOODS_3,1897,2061.6121236401173,164.61212364011726
2016-04-22,WI_3,WI,HOBBIES_1,264,263.71516636768155,0.2848336323184526
2016-04-22,WI_3,WI,HOBBIES_2,32,36.08792570630866,4.08792570630866
2016-04-22,WI_3,WI,HOUSEHOLD_1,701,688.724286659034,12.275713340966036
2016-04-22,WI_3,WI,HOUSEHOLD_2,166,173.66508225884306,7.665082258843057
2016-04-23,CA_1,CA,FOODS_1,419,388.72011734392544,30.279882656074562
2016-04-23,CA_1,CA,FOODS_2,590,567.4763454062843,22.52365459371572
2016-04-23,CA_1,CA,FOODS_3,2646,2616.975713250679,29.024286749321163
2016-04-23,CA_1,CA,HOBBIES_1,621,564.9976460148247,56.00235398517532
2016-04-23,CA_1,CA,HOBBIES_2,49,52.662445221233405,3.662445221233405
2016-04-23,CA_1,CA,HOUSEHOLD_1,933,980.198949231354,47.19894923135405
2016-04-23,CA_1,CA,HOUSEHOLD_2,319,288.52714995073705,30.472850049262945
2016-04-23,CA_2,CA,FOODS_1,623,544.1321327405217,78.86786725947832
2016-04-23,CA_2,CA,FOODS_2,620,578.4741833406763,41.52581665932371
2016-04-23,CA_2,CA,FOODS_3,2517,2415.9404502555567,101.0595497444433
2016-04-23,CA_2,CA,HOBBIES_1,505,453.8397260089624,51.16027399103763
2016-04-23,CA_2,CA,HOBBIES_2,37,48.75436931236761,11.754369312367608
2016-04-23,CA_2,CA,HOUSEHOLD_1,1096,1022.970213339637,73.02978666036302
2016-04-23,CA_2,CA,HOUSEHOLD_2,486,428.35903071238187,57.640969287618134
2016-04-23,CA_3,CA,FOODS_1,510,443.2486605755192,66.75133942448082
2016-04-23,CA_3,CA,FOODS_2,680,703.1217527734806,23.12175277348058
2016-04-23,CA_3,CA,FOODS_3,3269,3078.12152639993,190.8784736000698
2016-04-23,CA_3,CA,HOBBIES_1,697,662.1950704454346,34.80492955456543
2016-04-23,CA_3,CA,HOBBIES_2,68,60.342549079743456,7.657450920256544
2016-04-23,CA_3,CA,HOUSEHOLD_1,1781,1676.5871546166638,104.41284538333616
2016-04-23,CA_3,CA,HOUSEHOLD_2,414,398.8572559102832,15.142744089716814
2016-04-23,CA_4,CA,FOODS_1,250,232.83694959976543,17.163050400234567
2016-04-23,CA_4,CA,FOODS_2,394,399.2474067870823,5.247406787082298
2016-04-23,CA_4,CA,FOODS_3,1327,1438.8384396705608,111.83843967056077
2016-04-23,CA_4,CA,HOBBIES_1,380,404.1395884084139,24.139588408413886
2016-04-23,CA_4,CA,HOBBIES_2,10,16.03023407552587,6.030234075525868
2016-04-23,CA_4,CA,HOUSEHOLD_1,410,450.1484299828834,40.148429982883385
2016-04-23,CA_4,CA,HOUSEHOLD_2,183,188.5876358274424,5.587635827442398
2016-04-23,TX_1,TX,FOODS_1,218,232.3614443248038,14.361444324803813
2016-04-23,TX_1,TX,FOODS_2,331,401.3694531901239,70.36945319012392
2016-04-23,TX_1,TX,FOODS_3,1770,1833.1239999737636,63.1239999737636
2016-04-23,TX_1,TX,HOBBIES_1,254,286.6280249961785,32.62802499617851
2016-04-23,TX_1,TX,HOBBIES_2,35,39.013299261392405,4.013299261392405
2016-04-23,TX_1,TX,HOUSEHOLD_1,865,867.5664801451986,2.566480145198625
2016-04-23,TX_1,TX,HOUSEHOLD_2,227,223.37151148594185,3.628488514058148
2016-04-23,TX_2,TX,FOODS_1,280,283.12588495512705,3.1258849551270487
2016-04-23,TX_2,TX,FOODS_2,378,442.70438897053725,64.70438897053725
2016-04-23,TX_2,TX,FOODS_3,2272,2321.3931263064865,49.393126306486465
2016-04-23,TX_2,TX,HOBBIES_1,394,389.9950185367809,4.00498146321911
2016-04-23,TX_2,TX,HOBBIES_2,42,49.39774494725882,7.397744947258822
2016-04-23,TX_2,TX,HOUSEHOLD_1,857,938.9986920184787,81.99869201847866
2016-04-23,TX_2,TX,HOUSEHOLD_2,260,247.10791446844516,12.89208553155484
2016-04-23,TX_3,TX,FOODS_1,250,309.39711394664903,59.39711394664903
2016-04-23,TX_3,TX,FOODS_2,376,513.2065665755073,137.20656657550728
2016-04-23,TX_3,TX,FOODS_3,1974,2017.3732811612153,43.373281161215345
2016-04-23,TX_3,TX,HOBBIES_1,425,389.13118415692423,35.868815843075765
2016-04-23,TX_3,TX,HOBBIES_2,72,71.03253452628405,0.9674654737159472
2016-04-23,TX_3,TX,HOUSEHOLD_1,801,922.0826163173753,121.08261631737525
2016-04-23,TX_3,TX,HOUSEHOLD_2,185,198.95392374218673,13.953923742186731
2016-04-23,WI_1,WI,FOODS_1,430,422.7144454600659,7.285554539934083
2016-04-23,WI_1,WI,FOODS_2,711,758.4563892509937,47.45638925099365
2016-04-23,WI_1,WI,FOODS_3,2101,2128.3153747948086,27.315374794808577
2016-04-23,WI_1,WI,HOBBIES_1,483,546.9495305723962,63.94953057239616
2016-04-23,WI_1,WI,HOBBIES_2,20,26.429866486684215,6.429866486684215
2016-04-23,WI_1,WI,HOUSEHOLD_1,824,767.5173825959544,56.48261740404564
2016-04-23,WI_1,WI,HOUSEHOLD_2,203,210.2034817172312,7.203481717231199
2016-04-23,WI_2,WI,FOODS_1,408,414.9456635597737,6.94566355977372
2016-04-23,WI_2,WI,FOODS_2,939,889.4442169479652,49.555783052034826
2016-04-23,WI_2,WI,FOODS_3,2404,2555.348802516258,151.34880251625782
2016-04-23,WI_2,WI,HOBBIES_1,257,291.9670076358995,34.967007635899506
2016-04-23,WI_2,WI,HOBBIES_2,25,30.730041433517158,5.730041433517158
2016-04-23,WI_2,WI,HOUSEHOLD_1,1177,1133.8074547732006,43.19254522679944
2016-04-23,WI_2,WI,HOUSEHOLD_2,194,170.88612060587744,23.113879394122563
2016-04-23,WI_3,WI,FOODS_1,324,287.0006884741394,36.999311525860605
2016-04-23,WI_3,WI,FOODS_2,505,538.3695506131859,33.36955061318588
2016-04-23,WI_3,WI,FOODS_3,2411,2321.9915407726676,89.00845922733242
2016-04-23,WI_3,WI,HOBBIES_1,381,275.33111390651425,105.66888609348575
2016-04-23,WI_3,WI,HOBBIES_2,32,33.223436988324934,1.2234369883249343
2016-04-23,WI_3,WI,HOUSEHOLD_1,801,787.6444260182035,13.35557398179651
2016-04-23,WI_3,WI,HOUSEHOLD_2,232,196.79092471299597,35.209075287004026
2016-04-24,CA_1,CA,FOODS_1,329,370.70901631990665,41.70901631990665
2016-04-24,CA_1,CA,FOODS_2,734,619.4736269305256,114.5263730694744
2016-04-24,CA_1,CA,FOODS_3,2990,2859.983043506371,130.0169564936291
2016-04-24,CA_1,CA,HOBBIES_1,641,545.8877921552167,95.11220784478326
2016-04-24,CA_1,CA,HOBBIES_2,73,53.568984169924114,19.431015830075886
2016-04-24,CA_1,CA,HOUSEHOLD_1,1022,950.293869223535,71.70613077646499
2016-04-24,CA_1,CA,HOUSEHOLD_2,324,299.9148800350339,24.08511996496611
2016-04-24,CA_2,CA,FOODS_1,520,559.9387240667801,39.93872406678008
2016-04-24,CA_2,CA,FOODS_2,782,659.60499344541,122.39500655459005
2016-04-24,CA_2,CA,FOODS_3,2710,2607.4702080403904,102.52979195960961
2016-04-24,CA_2,CA,HOBBIES_1,447,443.58275454264754,3.4172454573524647
2016-04-24,CA_2,CA,HOBBIES_2,60,51.65872795592381,8.341272044076192
2016-04-24,CA_2,CA,HOUSEHOLD_1,1131,1003.0864256832974,127.91357431670258
2016-04-24,CA_2,CA,HOUSEHOLD_2,432,404.3715113310363,27.628488668963712
2016-04-24,CA_3,CA,FOODS_1,423,431.488383246474,8.488383246473973
2016-04-24,CA_3,CA,FOODS_2,890,736.6431816346912,153.35681836530875
2016-04-24,CA_3,CA,FOODS_3,3385,3517.5594880430644,132.55948804306445
2016-04-24,CA_3,CA,HOBBIES_1,592,674.6651464655101,82.66514646551013
2016-04-24,CA_3,CA,HOBBIES_2,78,60.160502189843456,17.839497810156544
2016-04-24,CA_3,CA,HOUSEHOLD_1,1888,1812.1933912229056,75.80660877709443
2016-04-24,CA_3,CA,HOUSEHOLD_2,465,401.96882536492353,63.03117463507647
2016-04-24,CA_4,CA,FOODS_1,257,225.41659433709484,31.583405662905164
2016-04-24,CA_4,CA,FOODS_2,430,405.36454559145307,24.635454408546934
2016-04-24,CA_4,CA,FOODS_3,1356,1410.721080493923,54.721080493922955
2016-04-24,CA_4,CA,HOBBIES_1,455,404.4314598296046,50.56854017039541
2016-04-24,CA_4,CA,HOBBIES_2,11,14.28191255403912,3.2819125540391205
2016-04-24,CA_4,CA,HOUSEHOLD_1,585,497.4702720319527,87.52972796804733
2016-04-24,CA_4,CA,HOUSEHOLD_2,177,186.26636792857246,9.266367928572464
2016-04-24,TX_1,TX,FOODS_1,221,221.51155422972025,0.5115542297202467
2016-04-24,TX_1,TX,FOODS_2,424,413.81313717663164,10.186862823368358
2016-04-24,TX_1,TX,FOODS_3,1846,1996.9307639208453,150.93076392084527
2016-04-24,TX_1,TX,HOBBIES_1,345,294.91501481710725,50.08498518289275
2016-04-24,TX_1,TX,HOBBIES_2,27,36.040207750810026,9.040207750810026
2016-04-24,TX_1,TX,HOUSEHOLD_1,942,904.8018153275465,37.19818467245352
2016-04-24,TX_1,TX,HOUSEHOLD_2,228,218.62491273746767,9.375087262532332
2016-04-24,TX_2,TX,FOODS_1,220,257.7433464141309,37.74334641413088
2016-04-24,TX_2,TX,FOODS_2,482,447.41607320683704,34.58392679316296
2016-04-24,TX_2,TX,FOODS_3,2151,2459.2172338837245,308.2172338837245
2016-04-24,TX_2,TX,HOBBIES_1,361,365.5499261647557,4.549926164755675
2016-04-24,TX_2,TX,HOBBIES_2,52,48.90046848137421,3.0995315186257884
2016-04-24,TX_2,TX,HOUSEHOLD_1,782,930.064672370945,148.064672370945
2016-04-24,TX_2,TX,HOUSEHOLD_2,244,246.1069142926476,2.1069142926475877
2016-04-24,TX_3,TX,FOODS_1,209,287.1640365185409,78.16403651854091
2016-04-24,TX_3,TX,FOODS_2,435,469.5570106849637,34.5570106849637
2016-04-24,TX_3,TX,FOODS_3,1777,2098.181279158829,321.18127915882906
2016-04-24,TX_3,TX,HOBBIES_1,433,393.67412310417456,39.325876895825445
2016-04-24,TX_3,TX,HOBBIES_2,48,63.43156968228339,15.431569682283389
2016-04-24,TX_3,TX,HOUSEHOLD_1,864,818.7004889506429,45.29951104935708
2016-04-24,TX_3,TX,HOUSEHOLD_2,191,195.7523940468278,4.7523940468277885
2016-04-24,WI_1,WI,FOODS_1,342,380.86954874906064,38.86954874906064
2016-04-24,WI_1,WI,FOODS_2,807,699.3169543343138,107.68304566568622
2016-04-24,WI_1,WI,FOODS_3,2168,2063.1800063847545,104.8199936152455
2016-04-24,WI_1,WI,HOBBIES_1,525,431.0447104140383,93.95528958596168
2016-04-24,WI_1,WI,HOBBIES_2,49,25.949550114382042,23.050449885617958
2016-04-24,WI_1,WI,HOUSEHOLD_1,759,695.9834980078984,63.01650199210155
2016-04-24,WI_1,WI,HOUSEHOLD_2,224,204.4863283317728,19.513671668227204
2016-04-24,WI_2,WI,FOODS_1,347,390.57273046499853,43.57273046499853
2016-04-24,WI_2,WI,FOODS_2,932,713.7418546081841,218.2581453918159
2016-04-24,WI_2,WI,FOODS_3,2380,2414.8690507495785,34.86905074957849
2016-04-24,WI_2,WI,HOBBIES_1,197,275.4283804014544,78.42838040145438
2016-04-24,WI_2,WI,HOBBIES_2,38,31.90915990509578,6.09084009490422
2016-04-24,WI_2,WI,HOUSEHOLD_1,1056,973.9996481469153,82.00035185308468
2016-04-24,WI_2,WI,HOUSEHOLD_2,177,171.7452531760067,5.254746823993287
2016-04-24,WI_3,WI,FOODS_1,317,277.69744502243253,39.30255497756747
2016-04-24,WI_3,WI,FOODS_2,557,533.6796208638316,23.320379136168413
2016-04-24,WI_3,WI,FOODS_3,2233,2320.526685225335,87.52668522533486
2016-04-24,WI_3,WI,HOBBIES_1,230,250.1960286031915,20.196028603191508
2016-04-24,WI_3,WI,HOBBIES_2,21,29.87890386621602,8.878903866216021
2016-04-24,WI_3,WI,HOUSEHOLD_1,766,744.7313650707457,21.26863492925429
2016-04-24,WI_3,WI,HOUSEHOLD_2,201,191.08782694916314,9.912173050836856
